group,lang,path,label,bodyWords,proseWords,proseChars,sentences,uniqueSentences,dupSentenceRatio,faqDetails,faqLd,nnMasked,nnRaw,nnPath,templateShare50,templateShare10,templateSentShare,vsReuseFromTld
tld,en,/tld/abogado,.abogado,622,459,2660,37,37,0,3,3,0.257,0.158,/tld/tienda,0.243,0.29,0.405,
tld,zh,/tld/abogado,.abogado,872,697,1077,34,34,0,3,3,0.319,0.199,/tld/tienda,0.306,0.359,0.471,
tld,en,/tld/academy,.academy,549,367,2045,37,37,0,3,3,0.199,0.124,/tld/school,0.293,0.314,0.432,
tld,zh,/tld/academy,.academy,837,638,961,37,37,0,3,3,0.244,0.176,/tld/school,0.328,0.376,0.459,
tld,en,/tld/accountants,.accountants,563,400,2219,37,37,0,3,3,0.219,0.122,/tld/diamonds,0.279,0.315,0.405,
tld,zh,/tld/accountants,.accountants,817,642,1055,35,35,0,3,3,0.283,0.178,/tld/diamonds,0.343,0.377,0.457,
tld,en,/tld/actor,.actor,581,430,2346,38,38,0,3,3,0.262,0.168,/tld/graphics,0.261,0.313,0.395,
tld,zh,/tld/actor,.actor,836,673,1046,34,34,0,3,3,0.317,0.204,/tld/graphics,0.314,0.367,0.471,
tld,en,/tld/ae,.ae,632,463,2440,36,36,0,3,3,0.363,0.235,/tld/ph,0.23,0.305,0.417,
tld,zh,/tld/ae,.ae,951,770,978,37,37,0,3,3,0.444,0.326,/tld/ph,0.271,0.452,0.432,
tld,en,/tld/agency,.agency,528,354,1859,33,33,0,3,3,0.202,0.131,/tld/shop,0.305,0.324,0.485,
tld,zh,/tld/agency,.agency,810,622,867,35,35,0,3,3,0.227,0.162,/tld/studio,0.312,0.334,0.486,
tld,en,/tld/ai,.ai,492,340,1717,32,32,0,3,3,0.108,0.131,/tld/art,0.176,0.192,0.281,
tld,zh,/tld/ai,.ai,750,580,774,33,33,0,3,3,0.209,0.161,/tld/io,0.311,0.326,0.455,
tld,en,/tld/am,.am,625,465,2518,35,35,0,3,3,0.142,0.125,/tld/md,0.158,0.172,0.229,
tld,zh,/tld/am,.am,941,769,1043,36,36,0,3,3,0.218,0.161,/tld/la,0.241,0.279,0.417,
tld,en,/tld/amsterdam,.amsterdam,595,432,2392,36,36,0,3,3,0.406,0.227,/tld/paris,0.262,0.31,0.417,
tld,zh,/tld/amsterdam,.amsterdam,894,719,1086,34,34,0,3,3,0.435,0.287,/tld/paris,0.314,0.362,0.471,
tld,en,/tld/apartments,.apartments,556,413,2332,37,37,0,3,3,0.255,0.158,/tld/properties,0.274,0.318,0.432,
tld,zh,/tld/apartments,.apartments,796,639,1025,35,35,0,3,3,0.297,0.2,/tld/engineering,0.355,0.405,0.486,
tld,en,/tld/app,.app,501,346,1762,35,35,0,3,3,0.206,0.128,/tld/art,0.318,0.334,0.457,
tld,zh,/tld/app,.app,734,561,818,35,35,0,3,3,0.236,0.165,/tld/dev,0.328,0.346,0.486,
tld,en,/tld/ar,.ar,620,454,2557,37,37,0,3,3,0.231,0.215,/tld/cl,0.195,0.251,0.324,
tld,zh,/tld/ar,.ar,941,763,1047,37,37,0,3,3,0.439,0.321,/tld/cl,0.259,0.428,0.432,
tld,en,/tld/art,.art,497,329,1772,34,34,0,3,3,0.215,0.133,/tld/space,0.333,0.364,0.471,
tld,zh,/tld/art,.art,765,578,759,35,35,0,3,3,0.245,0.17,/tld/design,0.349,0.371,0.486,
tld,en,/tld/asia,.asia,568,467,2512,37,37,0,3,3,0.236,0.139,/tld/place,0.244,0.284,0.405,
tld,zh,/tld/asia,.asia,836,723,1028,34,34,0,3,3,0.294,0.179,/tld/place,0.31,0.357,0.471,
tld,en,/tld/associates,.associates,543,380,2194,36,36,0,3,3,0.194,0.114,/tld/engineer,0.296,0.313,0.417,
tld,zh,/tld/associates,.associates,783,608,1096,35,35,0,3,3,0.245,0.165,/tld/attorney,0.339,0.357,0.457,
tld,en,/tld/at,.at,601,438,2393,35,35,0,3,3,0.257,0.207,/tld/pt,0.2,0.246,0.314,
tld,zh,/tld/at,.at,910,735,997,37,37,0,3,3,0.415,0.313,/tld/pt,0.266,0.432,0.432,
tld,en,/tld/attorney,.attorney,570,405,2264,35,35,0,3,3,0.273,0.16,/tld/dentist,0.277,0.318,0.457,
tld,zh,/tld/attorney,.attorney,829,649,1029,34,34,0,3,3,0.357,0.227,/tld/dentist,0.338,0.396,0.5,
tld,en,/tld/au,.au,567,401,2326,39,39,0,3,3,0.234,0.14,/tld/uk,0.261,0.293,0.385,
tld,zh,/tld/au,.au,895,717,992,36,36,0,3,3,0.285,0.199,/tld/uk,0.267,0.334,0.444,
tld,en,/tld/auction,.auction,557,390,2160,36,36,0,3,3,0.277,0.159,/tld/discount,0.29,0.328,0.444,
tld,zh,/tld/auction,.auction,804,621,949,34,34,0,3,3,0.354,0.234,/tld/discount,0.361,0.405,0.5,
tld,en,/tld/audio,.audio,586,433,2306,38,38,0,3,3,0.195,0.12,/tld/holdings,0.263,0.29,0.421,
tld,zh,/tld/audio,.audio,858,690,1007,34,34,0,3,3,0.237,0.168,/tld/fashion,0.306,0.346,0.5,
tld,en,/tld/autos,.autos,587,418,2277,37,37,0,3,3,0.287,0.207,/tld/homes,0.264,0.293,0.432,
tld,zh,/tld/autos,.autos,864,680,984,35,35,0,3,3,0.386,0.294,/tld/homes,0.317,0.352,0.486,
tld,en,/tld/baby,.baby,584,415,2233,37,37,0,3,3,0.216,0.128,/tld/green,0.266,0.301,0.432,
tld,zh,/tld/baby,.baby,852,670,924,36,36,0,3,3,0.273,0.194,/tld/green,0.328,0.382,0.472,
tld,en,/tld/band,.band,536,383,1973,35,35,0,3,3,0.205,0.127,/tld/care,0.287,0.333,0.457,
tld,zh,/tld/band,.band,799,633,921,35,35,0,3,3,0.228,0.165,/tld/international,0.334,0.37,0.486,
tld,en,/tld/bar,.bar,588,410,2048,36,36,0,3,3,0.178,0.114,/tld/art,0.259,0.269,0.444,
tld,zh,/tld/bar,.bar,851,655,948,36,36,0,3,3,0.212,0.166,/tld/cool,0.297,0.319,0.472,
tld,en,/tld/bargains,.bargains,560,395,2229,37,37,0,3,3,0.195,0.118,/tld/camera,0.271,0.299,0.432,
tld,zh,/tld/bargains,.bargains,804,624,1019,37,37,0,3,3,0.253,0.174,/tld/clothing,0.346,0.393,0.459,
tld,en,/tld/basketball,.basketball,590,425,2337,37,37,0,3,3,0.37,0.234,/tld/cricket,0.265,0.311,0.432,
tld,zh,/tld/basketball,.basketball,852,673,1101,34,34,0,3,3,0.408,0.32,/tld/rugby,0.322,0.363,0.5,
tld,en,/tld/be,.be,608,445,2352,35,35,0,3,3,0.249,0.198,/tld/pt,0.205,0.266,0.314,
tld,zh,/tld/be,.be,912,737,999,37,37,0,3,3,0.396,0.292,/tld/at,0.276,0.41,0.432,
tld,en,/tld/beauty,.beauty,557,399,2130,37,37,0,3,3,0.2,0.119,/tld/energy,0.278,0.314,0.432,
tld,zh,/tld/beauty,.beauty,837,662,938,36,36,0,3,3,0.255,0.194,/tld/fashion,0.336,0.387,0.472,
tld,en,/tld/beer,.beer,584,420,2184,36,36,0,3,3,0.238,0.136,/tld/tattoo,0.277,0.331,0.444,
tld,zh,/tld/beer,.beer,849,670,967,36,36,0,3,3,0.292,0.195,/tld/tattoo,0.317,0.379,0.472,
tld,en,/tld/berlin,.berlin,634,468,2502,37,37,0,3,3,0.452,0.243,/tld/boston,0.244,0.291,0.405,
tld,zh,/tld/berlin,.berlin,916,738,1070,34,34,0,3,3,0.434,0.301,/tld/boston,0.299,0.351,0.471,
tld,en,/tld/best,.best,504,380,2040,35,35,0,3,3,0.172,0.112,/tld/us,0.271,0.271,0.371,
tld,zh,/tld/best,.best,780,644,893,34,34,0,3,3,0.228,0.15,/tld/lol,0.31,0.334,0.441,
tld,en,/tld/bet,.bet,587,415,2187,37,37,0,3,3,0.192,0.119,/tld/poker,0.266,0.304,0.432,
tld,zh,/tld/bet,.bet,837,650,909,35,35,0,3,3,0.257,0.178,/tld/dating,0.344,0.389,0.486,
tld,en,/tld/bike,.bike,549,386,1928,35,35,0,3,3,0.209,0.132,/tld/shoes,0.279,0.316,0.429,
tld,zh,/tld/bike,.bike,783,608,901,34,34,0,3,3,0.289,0.198,/tld/shoes,0.357,0.409,0.471,
tld,en,/tld/bio,.bio,526,372,1934,35,35,0,3,3,0.188,0.119,/tld/us,0.294,0.297,0.429,
tld,zh,/tld/bio,.bio,774,608,935,33,33,0,3,3,0.21,0.155,/tld/chat,0.327,0.332,0.485,
tld,en,/tld/biz,.biz,610,439,2265,38,38,0,3,3,0.185,0.112,/tld/ltd,0.249,0.28,0.421,
tld,zh,/tld/biz,.biz,888,700,1001,36,36,0,3,3,0.255,0.17,/tld/ltd,0.303,0.332,0.472,
tld,en,/tld/black,.black,536,373,2037,36,36,0,3,3,0.194,0.118,/tld/blue,0.285,0.311,0.417,
tld,zh,/tld/black,.black,819,644,928,35,35,0,3,3,0.233,0.164,/tld/marketing,0.331,0.366,0.457,
tld,en,/tld/blog,.blog,518,353,1894,34,34,0,3,3,0.202,0.13,/tld/art,0.305,0.321,0.471,
tld,zh,/tld/blog,.blog,751,572,937,35,35,0,3,3,0.218,0.151,/tld/design,0.308,0.325,0.486,
tld,en,/tld/blue,.blue,562,397,2088,36,36,0,3,3,0.194,0.123,/tld/black,0.27,0.314,0.444,
tld,zh,/tld/blue,.blue,865,685,979,36,36,0,3,3,0.234,0.164,/tld/international,0.305,0.354,0.472,
tld,en,/tld/boats,.boats,583,412,2214,38,38,0,3,3,0.275,0.206,/tld/homes,0.27,0.305,0.421,
tld,zh,/tld/boats,.boats,865,676,949,35,35,0,3,3,0.368,0.29,/tld/homes,0.326,0.361,0.486,
tld,en,/tld/bond,.bond,576,441,2460,37,37,0,3,3,0.289,0.16,/tld/buzz,0.257,0.296,0.405,
tld,zh,/tld/bond,.bond,862,715,1059,34,34,0,3,3,0.314,0.199,/tld/buzz,0.313,0.363,0.471,
tld,en,/tld/boston,.boston,536,441,2423,35,35,0,3,3,0.452,0.269,/tld/berlin,0.258,0.307,0.429,
tld,zh,/tld/boston,.boston,814,707,1034,33,33,0,3,3,0.442,0.32,/tld/miami,0.313,0.37,0.485,
tld,en,/tld/boutique,.boutique,565,386,2129,38,38,0,3,3,0.211,0.147,/tld/garden,0.279,0.299,0.421,
tld,zh,/tld/boutique,.boutique,825,628,966,36,36,0,3,3,0.26,0.187,/tld/garden,0.332,0.375,0.472,
tld,en,/tld/br,.br,634,468,2569,36,36,0,3,3,0.192,0.16,/tld/vn,0.203,0.242,0.361,
tld,zh,/tld/br,.br,948,770,1063,37,37,0,3,3,0.294,0.227,/tld/mx,0.25,0.363,0.432,
tld,en,/tld/builders,.builders,559,394,2243,38,38,0,3,3,0.234,0.137,/tld/engineering,0.273,0.318,0.421,
tld,zh,/tld/builders,.builders,849,670,1019,36,36,0,3,3,0.285,0.187,/tld/construction,0.336,0.383,0.472,
tld,en,/tld/business,.business,575,410,2166,38,38,0,3,3,0.19,0.124,/tld/agency,0.271,0.293,0.421,
tld,zh,/tld/business,.business,837,658,1020,36,36,0,3,3,0.238,0.167,/tld/ltd,0.326,0.36,0.472,
tld,en,/tld/buzz,.buzz,604,453,2404,38,38,0,3,3,0.289,0.16,/tld/bond,0.25,0.288,0.395,
tld,zh,/tld/buzz,.buzz,892,729,1049,34,34,0,3,3,0.314,0.199,/tld/bond,0.296,0.341,0.471,
tld,en,/tld/ca,.ca,565,402,2253,35,35,0,3,3,0.195,0.13,/tld/au,0.242,0.276,0.4,
tld,zh,/tld/ca,.ca,896,721,966,35,35,0,3,3,0.282,0.199,/tld/au,0.263,0.342,0.457,
tld,en,/tld/cafe,.cafe,597,410,2032,34,34,0,3,3,0.189,0.119,/tld/art,0.272,0.302,0.471,
tld,zh,/tld/cafe,.cafe,836,633,952,35,35,0,3,3,0.247,0.167,/tld/pizza,0.335,0.371,0.486,
tld,en,/tld/camera,.camera,535,384,2109,37,37,0,3,3,0.219,0.125,/tld/diamonds,0.289,0.324,0.405,
tld,zh,/tld/camera,.camera,806,643,1030,36,36,0,3,3,0.26,0.171,/tld/clothing,0.34,0.381,0.444,
tld,en,/tld/camp,.camp,557,394,2099,36,36,0,3,3,0.228,0.126,/tld/villas,0.274,0.299,0.417,
tld,zh,/tld/camp,.camp,834,659,1001,36,36,0,3,3,0.244,0.159,/tld/villas,0.318,0.343,0.444,
tld,en,/tld/capital,.capital,527,389,2047,36,36,0,3,3,0.251,0.145,/tld/partners,0.284,0.316,0.417,
tld,zh,/tld/capital,.capital,801,651,1001,35,35,0,3,3,0.295,0.208,/tld/partners,0.337,0.375,0.457,
tld,en,/tld/care,.care,544,362,1996,37,37,0,3,3,0.228,0.131,/tld/clinic,0.296,0.338,0.432,
tld,zh,/tld/care,.care,834,635,911,37,37,0,3,3,0.259,0.181,/tld/clinic,0.32,0.364,0.459,
tld,en,/tld/careers,.careers,575,410,2278,37,37,0,3,3,0.209,0.116,/tld/lighting,0.273,0.309,0.432,
tld,zh,/tld/careers,.careers,843,662,1011,34,34,0,3,3,0.281,0.205,/tld/contractors,0.34,0.388,0.5,
tld,en,/tld/casa,.casa,603,466,2527,37,37,0,3,3,0.206,0.124,/tld/vodka,0.242,0.281,0.432,
tld,zh,/tld/casa,.casa,875,724,1075,35,35,0,3,3,0.279,0.183,/tld/moda,0.299,0.353,0.486,
tld,en,/tld/cash,.cash,500,365,1964,34,34,0,3,3,0.196,0.123,/tld/ventures,0.293,0.32,0.441,
tld,zh,/tld/cash,.cash,748,601,881,35,35,0,3,3,0.228,0.165,/tld/apartments,0.345,0.364,0.457,
tld,en,/tld/casino,.casino,596,427,2350,37,37,0,3,3,0.218,0.131,/tld/tattoo,0.265,0.306,0.432,
tld,zh,/tld/casino,.casino,859,675,1009,35,35,0,3,3,0.313,0.203,/tld/clothing,0.337,0.409,0.486,
tld,en,/tld/catering,.catering,566,403,2229,35,35,0,3,3,0.21,0.126,/tld/review,0.273,0.287,0.429,
tld,zh,/tld/catering,.catering,804,629,994,33,33,0,3,3,0.301,0.23,/tld/cleaning,0.347,0.387,0.485,
tld,en,/tld/cc,.cc,440,339,1697,32,32,0,3,3,0.196,0.125,/tld/us,0.319,0.319,0.469,
tld,zh,/tld/cc,.cc,676,563,741,33,33,0,3,3,0.232,0.163,/tld/vip,0.346,0.348,0.485,
tld,en,/tld/center,.center,520,348,2033,33,33,0,3,3,0.21,0.142,/tld/zone,0.304,0.32,0.485,
tld,zh,/tld/center,.center,786,596,902,35,35,0,3,3,0.229,0.162,/tld/group,0.325,0.338,0.486,
tld,en,/tld/ch,.ch,602,439,2442,36,36,0,3,3,0.329,0.223,/tld/pt,0.23,0.301,0.389,
tld,zh,/tld/ch,.ch,921,746,982,37,37,0,3,3,0.392,0.289,/tld/nz,0.267,0.424,0.432,
tld,en,/tld/chat,.chat,510,359,1929,35,35,0,3,3,0.193,0.121,/tld/club,0.301,0.307,0.429,
tld,zh,/tld/chat,.chat,728,565,871,35,35,0,3,3,0.226,0.162,/tld/jewelry,0.354,0.371,0.457,
tld,en,/tld/cheap,.cheap,571,404,2178,37,37,0,3,3,0.195,0.12,/tld/diamonds,0.266,0.293,0.432,
tld,zh,/tld/cheap,.cheap,832,647,996,37,37,0,3,3,0.242,0.162,/tld/cruises,0.317,0.362,0.459,
tld,en,/tld/church,.church,575,412,2265,35,35,0,3,3,0.206,0.111,/tld/degree,0.273,0.303,0.429,
tld,zh,/tld/church,.church,852,677,993,34,34,0,3,3,0.249,0.158,/tld/florist,0.325,0.353,0.471,
tld,en,/tld/city,.city,566,382,2051,37,37,0,3,3,0.193,0.123,/tld/space,0.288,0.306,0.432,
tld,zh,/tld/city,.city,852,652,902,37,37,0,3,3,0.227,0.174,/tld/properties,0.317,0.352,0.459,
tld,en,/tld/cl,.cl,616,447,2439,37,37,0,3,3,0.293,0.215,/tld/vn,0.237,0.311,0.405,
tld,zh,/tld/cl,.cl,941,760,977,37,37,0,3,3,0.439,0.321,/tld/ar,0.268,0.447,0.432,
tld,en,/tld/cleaning,.cleaning,574,411,2337,35,35,0,3,3,0.203,0.111,/tld/catering,0.266,0.272,0.429,
tld,zh,/tld/cleaning,.cleaning,838,663,1060,32,32,0,3,3,0.301,0.23,/tld/catering,0.32,0.351,0.5,
tld,en,/tld/click,.click,485,358,1904,34,34,0,3,3,0.194,0.117,/tld/us,0.296,0.307,0.441,
tld,zh,/tld/click,.click,716,577,898,33,33,0,3,3,0.229,0.173,/tld/fashion,0.343,0.355,0.485,
tld,en,/tld/clinic,.clinic,562,387,2143,38,38,0,3,3,0.228,0.133,/tld/care,0.282,0.319,0.421,
tld,zh,/tld/clinic,.clinic,863,670,1004,37,37,0,3,3,0.259,0.181,/tld/care,0.319,0.364,0.459,
tld,en,/tld/clothing,.clothing,575,422,2357,36,36,0,3,3,0.267,0.149,/tld/singles,0.268,0.322,0.444,
tld,zh,/tld/clothing,.clothing,826,659,1095,35,35,0,3,3,0.357,0.223,/tld/singles,0.334,0.404,0.486,
tld,en,/tld/cloud,.cloud,479,335,1770,32,32,0,3,3,0.206,0.126,/tld/social,0.333,0.34,0.469,
tld,zh,/tld/cloud,.cloud,697,541,783,33,33,0,3,3,0.233,0.173,/tld/club,0.37,0.374,0.485,
tld,en,/tld/club,.club,520,337,1779,34,34,0,3,3,0.21,0.135,/tld/studio,0.322,0.339,0.471,
tld,zh,/tld/club,.club,752,549,752,35,35,0,3,3,0.249,0.176,/tld/vip,0.367,0.384,0.486,
tld,en,/tld/cn,.cn,447,338,1824,32,32,0,3,3,0.205,0.128,/tld/art,0.315,0.331,0.5,
tld,zh,/tld/cn,.cn,729,601,758,34,34,0,3,3,0.232,0.168,/tld/vip,0.345,0.361,0.5,
tld,en,/tld/co,.co,485,339,1725,36,36,0,3,3,0.198,0.128,/tld/art,0.313,0.326,0.417,
tld,zh,/tld/co,.co,727,561,762,33,33,0,3,3,0.23,0.169,/tld/space,0.331,0.352,0.515,
tld,en,/tld/coach,.coach,563,382,2046,37,37,0,3,3,0.192,0.121,/tld/art,0.284,0.304,0.432,
tld,zh,/tld/coach,.coach,834,632,924,37,37,0,3,3,0.226,0.168,/tld/pet,0.316,0.352,0.459,
tld,en,/tld/codes,.codes,523,386,2152,36,36,0,3,3,0.186,0.118,/tld/space,0.272,0.286,0.444,
tld,zh,/tld/codes,.codes,803,652,941,36,36,0,3,3,0.22,0.159,/tld/zone,0.313,0.325,0.472,
tld,en,/tld/coffee,.coffee,564,401,2074,40,40,0,3,3,0.202,0.122,/tld/photography,0.275,0.305,0.375,
tld,zh,/tld/coffee,.coffee,835,660,985,36,36,0,3,3,0.261,0.178,/tld/photography,0.326,0.374,0.444,
tld,en,/tld/college,.college,603,440,2613,37,37,0,3,3,0.256,0.144,/tld/university,0.254,0.301,0.405,
tld,zh,/tld/college,.college,895,720,1132,34,34,0,3,3,0.31,0.219,/tld/university,0.303,0.353,0.471,
tld,en,/tld/com,.com,482,335,1747,35,35,0,3,3,0.198,0.129,/tld/art,0.311,0.324,0.429,
tld,zh,/tld/com,.com,776,612,771,32,32,0,3,3,0.228,0.168,/tld/cn,0.33,0.346,0.531,
tld,en,/tld/community,.community,549,390,2164,37,37,0,3,3,0.207,0.126,/tld/education,0.278,0.323,0.432,
tld,zh,/tld/community,.community,818,645,1005,36,36,0,3,3,0.272,0.184,/tld/market,0.343,0.404,0.472,
tld,en,/tld/company,.company,526,357,1917,32,32,0,3,3,0.192,0.124,/tld/fun,0.304,0.311,0.469,
tld,zh,/tld/company,.company,791,610,963,34,34,0,3,3,0.233,0.171,/tld/ltd,0.339,0.342,0.471,
tld,en,/tld/computer,.computer,547,412,2287,35,35,0,3,3,0.207,0.116,/tld/mortgage,0.283,0.321,0.429,
tld,zh,/tld/computer,.computer,801,654,1050,33,33,0,3,3,0.288,0.182,/tld/mortgage,0.356,0.397,0.485,
tld,en,/tld/condos,.condos,584,449,2489,38,38,0,3,3,0.269,0.168,/tld/graphics,0.255,0.314,0.395,
tld,zh,/tld/condos,.condos,835,688,1071,34,34,0,3,3,0.356,0.235,/tld/domains,0.324,0.387,0.471,
tld,en,/tld/construction,.construction,574,403,2343,37,37,0,3,3,0.238,0.151,/tld/apartments,0.272,0.317,0.432,
tld,zh,/tld/construction,.construction,838,648,1097,35,35,0,3,3,0.294,0.198,/tld/apartments,0.346,0.394,0.486,
tld,en,/tld/consulting,.consulting,552,384,2186,37,37,0,3,3,0.242,0.136,/tld/marketing,0.282,0.329,0.432,
tld,zh,/tld/consulting,.consulting,811,629,1051,36,36,0,3,3,0.278,0.214,/tld/marketing,0.347,0.397,0.472,
tld,en,/tld/contractors,.contractors,561,394,2353,37,37,0,3,3,0.27,0.155,/tld/management,0.289,0.327,0.432,
tld,zh,/tld/contractors,.contractors,835,646,1110,34,34,0,3,3,0.348,0.223,/tld/equipment,0.358,0.405,0.5,
tld,en,/tld/cooking,.cooking,582,417,2286,36,36,0,3,3,0.263,0.197,/tld/fishing,0.271,0.315,0.444,
tld,zh,/tld/cooking,.cooking,821,642,1001,34,34,0,3,3,0.328,0.28,/tld/fishing,0.318,0.371,0.5,
tld,en,/tld/cool,.cool,493,362,2012,34,34,0,3,3,0.19,0.122,/tld/art,0.287,0.298,0.471,
tld,zh,/tld/cool,.cool,781,635,924,36,36,0,3,3,0.24,0.176,/tld/today,0.334,0.36,0.472,
tld,en,/tld/coupons,.coupons,567,404,2268,35,35,0,3,3,0.244,0.133,/tld/parts,0.273,0.298,0.429,
tld,zh,/tld/coupons,.coupons,814,639,994,33,33,0,3,3,0.338,0.216,/tld/parts,0.35,0.381,0.485,
tld,en,/tld/courses,.courses,579,410,2353,36,36,0,3,3,0.238,0.177,/tld/study,0.273,0.298,0.417,
tld,zh,/tld/courses,.courses,841,660,1044,33,33,0,3,3,0.345,0.262,/tld/study,0.331,0.36,0.485,
tld,en,/tld/credit,.credit,539,404,2222,36,36,0,3,3,0.257,0.138,/tld/loans,0.288,0.326,0.417,
tld,zh,/tld/credit,.credit,813,666,1063,34,34,0,3,3,0.312,0.201,/tld/loans,0.342,0.382,0.471,
tld,en,/tld/cricket,.cricket,601,436,2376,38,38,0,3,3,0.37,0.205,/tld/basketball,0.256,0.295,0.421,
tld,zh,/tld/cricket,.cricket,862,683,1049,35,35,0,3,3,0.391,0.263,/tld/basketball,0.298,0.33,0.486,
tld,en,/tld/cruises,.cruises,566,401,2235,36,36,0,3,3,0.247,0.138,/tld/clothing,0.281,0.324,0.444,
tld,zh,/tld/cruises,.cruises,840,660,1030,36,36,0,3,3,0.313,0.193,/tld/clothing,0.334,0.38,0.472,
tld,en,/tld/cyou,.cyou,581,454,2327,37,37,0,3,3,0.194,0.144,/tld/bond,0.254,0.285,0.405,
tld,zh,/tld/cyou,.cyou,846,707,1017,34,34,0,3,3,0.257,0.182,/tld/bond,0.319,0.361,0.471,
tld,en,/tld/cz,.cz,604,435,2413,37,37,0,3,3,0.359,0.219,/tld/sk,0.244,0.314,0.405,
tld,zh,/tld/cz,.cz,910,729,971,38,38,0,3,3,0.43,0.319,/tld/sk,0.272,0.456,0.421,
tld,en,/tld/dad,.dad,573,410,2093,37,37,0,3,3,0.236,0.132,/tld/mom,0.267,0.289,0.405,
tld,zh,/tld/dad,.dad,826,651,900,35,35,0,3,3,0.26,0.167,/tld/mom,0.323,0.356,0.457,
tld,en,/tld/dance,.dance,598,434,2375,40,40,0,3,3,0.233,0.137,/tld/soccer,0.255,0.294,0.4,
tld,zh,/tld/dance,.dance,872,694,991,36,36,0,3,3,0.302,0.189,/tld/soccer,0.336,0.377,0.472,
tld,en,/tld/dating,.dating,593,425,2389,37,37,0,3,3,0.224,0.128,/tld/clothing,0.265,0.31,0.432,
tld,zh,/tld/dating,.dating,845,664,1008,35,35,0,3,3,0.294,0.215,/tld/clothing,0.341,0.4,0.486,
tld,en,/tld/day,.day,583,453,2379,37,37,0,3,3,0.22,0.162,/tld/meme,0.25,0.29,0.405,
tld,zh,/tld/day,.day,847,705,1063,34,34,0,3,3,0.314,0.234,/tld/meme,0.291,0.327,0.471,
tld,en,/tld/de,.de,591,413,2256,36,36,0,3,3,0.167,0.135,/tld/uk,0.185,0.213,0.278,
tld,zh,/tld/de,.de,910,720,1013,35,35,0,3,3,0.303,0.218,/tld/uk,0.262,0.343,0.457,
tld,en,/tld/deals,.deals,572,403,2213,36,36,0,3,3,0.267,0.181,/tld/auction,0.273,0.309,0.444,
tld,zh,/tld/deals,.deals,841,658,956,34,34,0,3,3,0.34,0.264,/tld/discount,0.34,0.384,0.5,
tld,en,/tld/degree,.degree,555,392,2331,36,36,0,3,3,0.206,0.12,/tld/church,0.291,0.321,0.417,
tld,zh,/tld/degree,.degree,810,635,1009,33,33,0,3,3,0.26,0.166,/tld/jewelry,0.346,0.39,0.485,
tld,en,/tld/delivery,.delivery,555,392,2237,36,36,0,3,3,0.207,0.13,/tld/rent,0.274,0.31,0.417,
tld,zh,/tld/delivery,.delivery,814,639,1026,34,34,0,3,3,0.298,0.178,/tld/rent,0.354,0.396,0.471,
tld,en,/tld/dental,.dental,532,366,2046,34,34,0,3,3,0.191,0.116,/tld/space,0.296,0.296,0.441,
tld,zh,/tld/dental,.dental,832,654,972,34,34,0,3,3,0.222,0.183,/tld/catering,0.318,0.342,0.471,
tld,en,/tld/dentist,.dentist,567,403,2305,36,36,0,3,3,0.273,0.16,/tld/attorney,0.271,0.329,0.444,
tld,zh,/tld/dentist,.dentist,832,653,1004,34,34,0,3,3,0.357,0.227,/tld/attorney,0.336,0.405,0.5,
tld,en,/tld/design,.design,492,331,1844,32,32,0,3,3,0.211,0.132,/tld/art,0.326,0.346,0.5,
tld,zh,/tld/design,.design,729,548,763,34,34,0,3,3,0.263,0.181,/tld/studio,0.367,0.384,0.5,
tld,en,/tld/dev,.dev,484,329,1783,36,36,0,3,3,0.204,0.128,/tld/art,0.319,0.332,0.444,
tld,zh,/tld/dev,.dev,732,558,826,35,35,0,3,3,0.236,0.17,/tld/app,0.326,0.342,0.486,
tld,en,/tld/diamonds,.diamonds,535,372,2130,36,36,0,3,3,0.231,0.131,/tld/cruises,0.3,0.333,0.417,
tld,zh,/tld/diamonds,.diamonds,804,629,1016,36,36,0,3,3,0.302,0.19,/tld/clothing,0.345,0.393,0.444,
tld,en,/tld/digital,.digital,470,335,1938,33,33,0,3,3,0.222,0.153,/tld/life,0.328,0.334,0.455,
tld,zh,/tld/digital,.digital,735,588,898,34,34,0,3,3,0.24,0.179,/tld/life,0.345,0.352,0.471,
tld,en,/tld/directory,.directory,540,380,2076,35,35,0,3,3,0.216,0.125,/tld/marketing,0.272,0.309,0.4,
tld,zh,/tld/directory,.directory,790,618,970,34,34,0,3,3,0.253,0.169,/tld/services,0.331,0.371,0.441,
tld,en,/tld/discount,.discount,571,402,2386,36,36,0,3,3,0.277,0.181,/tld/auction,0.282,0.319,0.444,
tld,zh,/tld/discount,.discount,839,656,1038,34,34,0,3,3,0.354,0.264,/tld/auction,0.352,0.4,0.5,
tld,en,/tld/dk,.dk,612,446,2418,36,36,0,3,3,0.315,0.223,/tld/pt,0.241,0.314,0.417,
tld,zh,/tld/dk,.dk,937,759,986,37,37,0,3,3,0.389,0.28,/tld/pt,0.262,0.433,0.432,
tld,en,/tld/doctor,.doctor,540,374,2105,35,35,0,3,3,0.185,0.115,/tld/design,0.289,0.289,0.429,
tld,zh,/tld/doctor,.doctor,839,661,961,35,35,0,3,3,0.239,0.161,/tld/clinic,0.315,0.34,0.457,
tld,en,/tld/dog,.dog,596,431,2169,38,38,0,3,3,0.252,0.147,/tld/green,0.269,0.316,0.421,
tld,zh,/tld/dog,.dog,843,664,938,36,36,0,3,3,0.311,0.218,/tld/green,0.338,0.393,0.472,
tld,en,/tld/domains,.domains,575,440,2461,38,38,0,3,3,0.329,0.214,/tld/graphics,0.259,0.317,0.395,
tld,zh,/tld/domains,.domains,822,675,1053,34,34,0,3,3,0.373,0.248,/tld/graphics,0.335,0.404,0.471,
tld,en,/tld/earth,.earth,561,393,2246,38,38,0,3,3,0.201,0.123,/tld/eco,0.271,0.304,0.421,
tld,zh,/tld/earth,.earth,844,660,948,35,35,0,3,3,0.263,0.183,/tld/eco,0.317,0.366,0.486,
tld,en,/tld/eco,.eco,554,384,2222,37,37,0,3,3,0.202,0.126,/tld/dad,0.282,0.319,0.432,
tld,zh,/tld/eco,.eco,847,658,887,35,35,0,3,3,0.263,0.183,/tld/earth,0.323,0.369,0.486,
tld,en,/tld/education,.education,582,410,2331,38,38,0,3,3,0.207,0.126,/tld/community,0.265,0.3,0.421,
tld,zh,/tld/education,.education,861,676,1097,37,37,0,3,3,0.259,0.191,/tld/market,0.316,0.369,0.459,
tld,en,/tld/ee,.ee,644,478,2664,39,39,0,3,3,0.251,0.196,/tld/lt,0.221,0.279,0.385,
tld,zh,/tld/ee,.ee,1029,851,1171,39,39,0,3,3,0.323,0.257,/tld/lt,0.233,0.378,0.41,
tld,en,/tld/eg,.eg,666,500,2761,37,37,0,3,3,0.205,0.152,/tld/vn,0.19,0.236,0.351,
tld,zh,/tld/eg,.eg,997,819,1083,37,37,0,3,3,0.316,0.228,/tld/sa,0.241,0.373,0.432,
tld,en,/tld/email,.email,496,342,1861,34,34,0,3,3,0.213,0.131,/tld/digital,0.321,0.325,0.441,
tld,zh,/tld/email,.email,739,573,888,35,35,0,3,3,0.216,0.149,/tld/space,0.32,0.323,0.457,
tld,en,/tld/energy,.energy,574,404,2194,36,36,0,3,3,0.219,0.124,/tld/green,0.277,0.325,0.444,
tld,zh,/tld/energy,.energy,850,661,985,34,34,0,3,3,0.278,0.194,/tld/green,0.351,0.403,0.5,
tld,en,/tld/engineer,.engineer,540,377,2232,37,37,0,3,3,0.215,0.117,/tld/theater,0.294,0.318,0.405,
tld,zh,/tld/engineer,.engineer,814,639,1024,36,36,0,3,3,0.257,0.18,/tld/theater,0.342,0.369,0.444,
tld,en,/tld/engineering,.engineering,571,400,2347,37,37,0,3,3,0.252,0.155,/tld/green,0.278,0.326,0.432,
tld,zh,/tld/engineering,.engineering,839,653,1062,35,35,0,3,3,0.311,0.218,/tld/green,0.341,0.399,0.486,
tld,en,/tld/equipment,.equipment,560,395,2278,37,37,0,3,3,0.324,0.149,/tld/management,0.283,0.32,0.432,
tld,zh,/tld/equipment,.equipment,826,645,1024,34,34,0,3,3,0.43,0.308,/tld/management,0.355,0.4,0.5,
tld,en,/tld/es,.es,592,426,2357,34,34,0,3,3,0.126,0.138,/tld/nl,0.15,0.192,0.294,
tld,zh,/tld/es,.es,892,714,919,35,35,0,3,3,0.257,0.195,/tld/it,0.294,0.368,0.457,
tld,en,/tld/estate,.estate,542,390,2214,37,37,0,3,3,0.198,0.133,/tld/restaurant,0.274,0.316,0.432,
tld,zh,/tld/estate,.estate,800,633,988,37,37,0,3,3,0.246,0.182,/tld/pet,0.331,0.366,0.459,
tld,en,/tld/eu,.eu,605,436,2413,36,36,0,3,3,0.171,0.146,/tld/cloud,0.247,0.267,0.417,
tld,zh,/tld/eu,.eu,896,715,960,36,36,0,3,3,0.225,0.179,/tld/it,0.281,0.295,0.444,
tld,en,/tld/events,.events,569,395,2102,37,37,0,3,3,0.214,0.122,/tld/services,0.269,0.31,0.432,
tld,zh,/tld/events,.events,866,673,952,36,36,0,3,3,0.27,0.181,/tld/salon,0.329,0.389,0.472,
tld,en,/tld/exchange,.exchange,512,377,2104,36,36,0,3,3,0.208,0.135,/tld/systems,0.283,0.321,0.417,
tld,zh,/tld/exchange,.exchange,778,631,957,35,35,0,3,3,0.26,0.185,/tld/international,0.35,0.392,0.457,
tld,en,/tld/expert,.expert,564,387,2212,37,37,0,3,3,0.189,0.119,/tld/art,0.278,0.293,0.432,
tld,zh,/tld/expert,.expert,835,644,968,36,36,0,3,3,0.231,0.167,/tld/black,0.318,0.359,0.472,
tld,en,/tld/express,.express,605,431,2397,37,37,0,3,3,0.216,0.131,/tld/hockey,0.255,0.302,0.432,
tld,zh,/tld/express,.express,871,680,1037,36,36,0,3,3,0.293,0.184,/tld/hockey,0.338,0.384,0.472,
tld,en,/tld/family,.family,574,401,2224,38,38,0,3,3,0.201,0.137,/tld/gifts,0.285,0.328,0.421,
tld,zh,/tld/family,.family,846,657,955,36,36,0,3,3,0.26,0.183,/tld/green,0.35,0.394,0.472,
tld,en,/tld/fan,.fan,620,450,2342,38,38,0,3,3,0.218,0.128,/tld/fish,0.256,0.313,0.421,
tld,zh,/tld/fan,.fan,863,676,971,35,35,0,3,3,0.304,0.195,/tld/fish,0.338,0.406,0.486,
tld,en,/tld/fans,.fans,612,461,2385,38,38,0,3,3,0.184,0.103,/tld/bond,0.253,0.293,0.395,
tld,zh,/tld/fans,.fans,869,706,1018,34,34,0,3,3,0.236,0.169,/tld/fan,0.312,0.353,0.471,
tld,en,/tld/farm,.farm,547,375,2054,36,36,0,3,3,0.198,0.133,/tld/care,0.287,0.326,0.444,
tld,zh,/tld/farm,.farm,831,641,938,36,36,0,3,3,0.23,0.183,/tld/family,0.324,0.357,0.472,
tld,en,/tld/fashion,.fashion,553,390,2129,37,37,0,3,3,0.213,0.157,/tld/wedding,0.277,0.311,0.432,
tld,zh,/tld/fashion,.fashion,826,648,943,36,36,0,3,3,0.288,0.219,/tld/wedding,0.339,0.388,0.472,
tld,en,/tld/fi,.fi,616,447,2415,36,36,0,3,3,0.287,0.216,/tld/se,0.202,0.262,0.361,
tld,zh,/tld/fi,.fi,927,746,967,37,37,0,3,3,0.428,0.317,/tld/se,0.272,0.444,0.432,
tld,en,/tld/finance,.finance,514,364,1986,35,35,0,3,3,0.199,0.128,/tld/fund,0.296,0.299,0.429,
tld,zh,/tld/finance,.finance,789,627,901,35,35,0,3,3,0.23,0.164,/tld/fund,0.334,0.347,0.457,
tld,en,/tld/fish,.fish,595,431,2396,38,38,0,3,3,0.228,0.138,/tld/clothing,0.265,0.322,0.421,
tld,zh,/tld/fish,.fish,835,655,986,35,35,0,3,3,0.304,0.197,/tld/fan,0.342,0.408,0.486,
tld,en,/tld/fishing,.fishing,590,421,2297,35,35,0,3,3,0.263,0.197,/tld/cooking,0.268,0.309,0.457,
tld,zh,/tld/fishing,.fishing,816,634,1002,34,34,0,3,3,0.328,0.28,/tld/cooking,0.315,0.366,0.5,
tld,en,/tld/fit,.fit,605,436,2268,39,39,0,3,3,0.259,0.189,/tld/surf,0.251,0.284,0.41,
tld,zh,/tld/fit,.fit,884,695,1001,36,36,0,3,3,0.342,0.263,/tld/surf,0.307,0.352,0.472,
tld,en,/tld/fitness,.fitness,573,393,2119,38,38,0,3,3,0.205,0.133,/tld/restaurant,0.278,0.295,0.421,
tld,zh,/tld/fitness,.fitness,872,677,1031,37,37,0,3,3,0.257,0.172,/tld/restaurant,0.31,0.357,0.459,
tld,en,/tld/flights,.flights,569,406,2343,36,36,0,3,3,0.192,0.114,/tld/shoes,0.259,0.288,0.417,
tld,zh,/tld/flights,.flights,842,667,1019,34,34,0,3,3,0.263,0.176,/tld/vacations,0.318,0.36,0.471,
tld,en,/tld/florist,.florist,574,408,2259,36,36,0,3,3,0.195,0.125,/tld/hair,0.273,0.282,0.417,
tld,zh,/tld/florist,.florist,824,646,1005,33,33,0,3,3,0.278,0.188,/tld/plumbing,0.347,0.382,0.485,
tld,en,/tld/flowers,.flowers,580,415,2319,37,37,0,3,3,0.213,0.126,/tld/attorney,0.263,0.292,0.432,
tld,zh,/tld/flowers,.flowers,868,689,1049,36,36,0,3,3,0.264,0.175,/tld/attorney,0.302,0.346,0.472,
tld,en,/tld/fm,.fm,536,377,1966,33,33,0,3,3,0.208,0.132,/tld/io,0.279,0.293,0.485,
tld,zh,/tld/fm,.fm,811,637,870,34,34,0,3,3,0.256,0.185,/tld/io,0.293,0.311,0.5,
tld,en,/tld/food,.food,604,437,2334,36,36,0,3,3,0.214,0.123,/tld/clothing,0.261,0.296,0.444,
tld,zh,/tld/food,.food,874,689,1008,35,35,0,3,3,0.259,0.163,/tld/clothing,0.315,0.354,0.486,
tld,en,/tld/football,.football,613,442,2391,38,38,0,3,3,0.221,0.163,/tld/soccer,0.253,0.295,0.421,
tld,zh,/tld/football,.football,875,689,1047,36,36,0,3,3,0.297,0.227,/tld/soccer,0.343,0.385,0.472,
tld,en,/tld/forum,.forum,566,415,2269,36,36,0,3,3,0.206,0.15,/tld/management,0.268,0.292,0.417,
tld,zh,/tld/forum,.forum,782,619,948,33,33,0,3,3,0.256,0.187,/tld/study,0.344,0.376,0.485,
tld,en,/tld/foundation,.foundation,621,458,2690,37,37,0,3,3,0.197,0.112,/tld/beer,0.246,0.285,0.405,
tld,zh,/tld/foundation,.foundation,888,713,1202,34,34,0,3,3,0.252,0.162,/tld/fan,0.301,0.343,0.471,
tld,en,/tld/fr,.fr,578,415,2291,37,37,0,3,3,0.234,0.162,/tld/jp,0.256,0.323,0.405,
tld,zh,/tld/fr,.fr,901,726,950,37,37,0,3,3,0.315,0.229,/tld/jp,0.282,0.408,0.432,
tld,en,/tld/fun,.fun,508,324,1771,33,33,0,3,3,0.206,0.133,/tld/space,0.321,0.338,0.485,
tld,zh,/tld/fun,.fun,747,543,731,35,35,0,3,3,0.263,0.177,/tld/live,0.366,0.381,0.486,
tld,en,/tld/fund,.fund,508,367,2020,34,34,0,3,3,0.199,0.128,/tld/finance,0.295,0.31,0.441,
tld,zh,/tld/fund,.fund,765,612,951,35,35,0,3,3,0.23,0.164,/tld/finance,0.332,0.36,0.457,
tld,en,/tld/furniture,.furniture,577,414,2414,36,36,0,3,3,0.273,0.134,/tld/equipment,0.283,0.309,0.417,
tld,zh,/tld/furniture,.furniture,836,661,1070,33,33,0,3,3,0.345,0.208,/tld/equipment,0.335,0.362,0.485,
tld,en,/tld/futbol,.futbol,612,447,2506,38,38,0,3,3,0.225,0.148,/tld/rugby,0.25,0.301,0.421,
tld,zh,/tld/futbol,.futbol,892,710,1080,35,35,0,3,3,0.279,0.185,/tld/moda,0.321,0.372,0.486,
tld,en,/tld/fyi,.fyi,596,442,2298,37,37,0,3,3,0.19,0.116,/tld/promo,0.249,0.293,0.432,
tld,zh,/tld/fyi,.fyi,876,708,1002,36,36,0,3,3,0.258,0.172,/tld/tennis,0.314,0.352,0.472,
tld,en,/tld/gallery,.gallery,558,400,2184,37,37,0,3,3,0.184,0.116,/tld/kitchen,0.263,0.274,0.432,
tld,zh,/tld/gallery,.gallery,843,668,969,36,36,0,3,3,0.236,0.163,/tld/kitchen,0.32,0.355,0.472,
tld,en,/tld/games,.games,531,348,1866,34,34,0,3,3,0.209,0.133,/tld/design,0.315,0.334,0.471,
tld,zh,/tld/games,.games,799,597,851,34,34,0,3,3,0.226,0.165,/tld/gg,0.33,0.343,0.5,
tld,en,/tld/garden,.garden,570,396,2119,37,37,0,3,3,0.211,0.147,/tld/boutique,0.267,0.283,0.432,
tld,zh,/tld/garden,.garden,867,675,992,36,36,0,3,3,0.26,0.187,/tld/boutique,0.303,0.342,0.472,
tld,en,/tld/ge,.ge,638,475,2603,37,37,0,3,3,0.344,0.237,/tld/lv,0.213,0.271,0.378,
tld,zh,/tld/ge,.ge,991,816,1032,38,38,0,3,3,0.428,0.308,/tld/lk,0.252,0.415,0.421,
tld,en,/tld/gg,.gg,479,329,1711,35,35,0,3,3,0.209,0.155,/tld/art,0.319,0.335,0.457,
tld,zh,/tld/gg,.gg,696,527,720,34,34,0,3,3,0.238,0.182,/tld/vip,0.358,0.376,0.5,
tld,en,/tld/gift,.gift,588,423,2283,36,36,0,3,3,0.193,0.113,/tld/spa,0.267,0.299,0.444,
tld,zh,/tld/gift,.gift,852,672,966,35,35,0,3,3,0.246,0.185,/tld/cooking,0.317,0.365,0.486,
tld,en,/tld/gifts,.gifts,590,422,2293,39,39,0,3,3,0.209,0.124,/tld/dance,0.255,0.294,0.41,
tld,zh,/tld/gifts,.gifts,866,684,988,36,36,0,3,3,0.271,0.185,/tld/dance,0.334,0.379,0.472,
tld,en,/tld/glass,.glass,606,443,2424,37,37,0,3,3,0.272,0.166,/tld/graphics,0.261,0.321,0.405,
tld,zh,/tld/glass,.glass,871,696,1058,34,34,0,3,3,0.318,0.221,/tld/immo,0.328,0.387,0.471,
tld,en,/tld/global,.global,535,365,2072,35,35,0,3,3,0.195,0.122,/tld/land,0.293,0.319,0.457,
tld,zh,/tld/global,.global,823,637,937,35,35,0,3,3,0.223,0.171,/tld/international,0.318,0.348,0.486,
tld,en,/tld/gmbh,.gmbh,627,464,2500,38,38,0,3,3,0.237,0.139,/tld/graphics,0.244,0.296,0.395,
tld,zh,/tld/gmbh,.gmbh,901,726,1033,34,34,0,3,3,0.276,0.173,/tld/tienda,0.301,0.356,0.471,
tld,en,/tld/gold,.gold,542,404,2113,36,36,0,3,3,0.176,0.117,/tld/legal,0.268,0.279,0.417,
tld,zh,/tld/gold,.gold,787,637,930,35,35,0,3,3,0.235,0.164,/tld/pet,0.336,0.371,0.457,
tld,en,/tld/golf,.golf,602,436,2218,38,38,0,3,3,0.279,0.152,/tld/hockey,0.255,0.288,0.395,
tld,zh,/tld/golf,.golf,858,680,943,35,35,0,3,3,0.37,0.232,/tld/hockey,0.341,0.373,0.457,
tld,en,/tld/gr,.gr,609,446,2408,37,37,0,3,3,0.315,0.212,/tld/pt,0.228,0.284,0.378,
tld,zh,/tld/gr,.gr,921,746,962,37,37,0,3,3,0.414,0.303,/tld/pt,0.269,0.434,0.432,
tld,en,/tld/graphics,.graphics,588,437,2445,38,38,0,3,3,0.329,0.214,/tld/domains,0.263,0.324,0.395,
tld,zh,/tld/graphics,.graphics,873,710,1128,35,35,0,3,3,0.373,0.248,/tld/domains,0.326,0.39,0.457,
tld,en,/tld/green,.green,574,404,2247,37,37,0,3,3,0.252,0.155,/tld/engineering,0.282,0.331,0.432,
tld,zh,/tld/green,.green,859,671,966,35,35,0,3,3,0.311,0.211,/tld/dog,0.35,0.408,0.486,
tld,en,/tld/group,.group,534,360,1993,35,35,0,3,3,0.204,0.127,/tld/life,0.297,0.312,0.457,
tld,zh,/tld/group,.group,797,609,861,36,36,0,3,3,0.235,0.171,/tld/media,0.344,0.368,0.472,
tld,en,/tld/guide,.guide,586,433,2264,38,38,0,3,3,0.182,0.122,/tld/soccer,0.239,0.279,0.342,
tld,zh,/tld/guide,.guide,868,701,1032,36,36,0,3,3,0.27,0.173,/tld/promo,0.327,0.365,0.472,
tld,en,/tld/guru,.guru,534,371,1965,36,36,0,3,3,0.185,0.114,/tld/ventures,0.287,0.296,0.417,
tld,zh,/tld/guru,.guru,791,616,941,35,35,0,3,3,0.255,0.169,/tld/institute,0.334,0.37,0.457,
tld,en,/tld/hair,.hair,548,395,2097,37,37,0,3,3,0.283,0.192,/tld/makeup,0.279,0.315,0.432,
tld,zh,/tld/hair,.hair,807,640,917,34,34,0,3,3,0.403,0.295,/tld/makeup,0.336,0.377,0.5,
tld,en,/tld/health,.health,601,426,2358,39,39,0,3,3,0.245,0.146,/tld/hockey,0.27,0.309,0.41,
tld,zh,/tld/health,.health,905,711,1019,36,36,0,3,3,0.273,0.174,/tld/hockey,0.318,0.363,0.472,
tld,en,/tld/healthcare,.healthcare,604,441,2642,39,39,0,3,3,0.244,0.141,/tld/domains,0.254,0.303,0.385,
tld,zh,/tld/healthcare,.healthcare,894,719,1184,34,34,0,3,3,0.339,0.241,/tld/hospital,0.32,0.387,0.471,
tld,en,/tld/help,.help,554,425,2187,37,37,0,3,3,0.193,0.119,/tld/community,0.251,0.285,0.432,
tld,zh,/tld/help,.help,811,668,940,35,35,0,3,3,0.261,0.176,/tld/support,0.317,0.375,0.486,
tld,en,/tld/hk,.hk,630,464,2567,35,35,0,3,3,0.256,0.162,/tld/sg,0.231,0.276,0.429,
tld,zh,/tld/hk,.hk,925,747,984,36,36,0,3,3,0.304,0.214,/tld/sg,0.267,0.358,0.444,
tld,en,/tld/hockey,.hockey,597,432,2241,39,39,0,3,3,0.279,0.152,/tld/golf,0.261,0.307,0.41,
tld,zh,/tld/hockey,.hockey,872,692,1006,36,36,0,3,3,0.37,0.232,/tld/golf,0.332,0.377,0.472,
tld,en,/tld/holdings,.holdings,556,421,2430,37,37,0,3,3,0.204,0.12,/tld/investments,0.261,0.275,0.405,
tld,zh,/tld/holdings,.holdings,850,703,1074,34,34,0,3,3,0.294,0.191,/tld/investments,0.327,0.358,0.471,
tld,en,/tld/holiday,.holiday,592,427,2367,39,39,0,3,3,0.199,0.14,/tld/taxi,0.254,0.288,0.41,
tld,zh,/tld/holiday,.holiday,825,646,1012,36,36,0,3,3,0.26,0.187,/tld/apartments,0.324,0.372,0.472,
tld,en,/tld/homes,.homes,550,413,2360,38,38,0,3,3,0.287,0.207,/tld/autos,0.271,0.304,0.421,
tld,zh,/tld/homes,.homes,819,666,998,35,35,0,3,3,0.386,0.294,/tld/autos,0.331,0.38,0.486,
tld,en,/tld/horse,.horse,600,435,2308,35,35,0,3,3,0.236,0.174,/tld/fishing,0.256,0.298,0.457,
tld,zh,/tld/horse,.horse,845,666,995,34,34,0,3,3,0.304,0.231,/tld/fishing,0.305,0.357,0.5,
tld,en,/tld/hospital,.hospital,614,451,2620,38,38,0,3,3,0.264,0.155,/tld/glass,0.253,0.312,0.395,
tld,zh,/tld/hospital,.hospital,886,711,1121,34,34,0,3,3,0.339,0.241,/tld/healthcare,0.32,0.382,0.471,
tld,en,/tld/host,.host,479,344,1890,32,32,0,3,3,0.205,0.118,/tld/network,0.314,0.321,0.469,
tld,zh,/tld/host,.host,748,601,917,33,33,0,3,3,0.213,0.145,/tld/cloud,0.332,0.332,0.485,
tld,en,/tld/house,.house,584,407,2247,38,38,0,3,3,0.192,0.127,/tld/style,0.263,0.306,0.421,
tld,zh,/tld/house,.house,864,673,1011,37,37,0,3,3,0.248,0.166,/tld/properties,0.314,0.361,0.459,
tld,en,/tld/hu,.hu,623,460,2507,36,36,0,3,3,0.26,0.185,/tld/sk,0.208,0.279,0.361,
tld,zh,/tld/hu,.hu,976,801,999,37,37,0,3,3,0.361,0.261,/tld/sk,0.25,0.414,0.405,
tld,en,/tld/icu,.icu,503,376,1997,34,34,0,3,3,0.18,0.113,/tld/us,0.276,0.285,0.441,
tld,zh,/tld/icu,.icu,779,640,890,34,34,0,3,3,0.203,0.145,/tld/link,0.307,0.313,0.471,
tld,en,/tld/id,.id,637,468,2631,35,35,0,3,3,0.319,0.228,/tld/my,0.189,0.237,0.314,
tld,zh,/tld/id,.id,973,792,1036,37,37,0,3,3,0.439,0.329,/tld/my,0.262,0.398,0.432,
tld,en,/tld/ie,.ie,630,467,2519,36,36,0,3,3,0.202,0.147,/tld/pt,0.219,0.277,0.389,
tld,zh,/tld/ie,.ie,967,792,1006,37,37,0,3,3,0.308,0.219,/tld/no,0.26,0.402,0.432,
tld,en,/tld/il,.il,640,477,2597,39,39,0,3,3,0.195,0.162,/tld/sk,0.192,0.249,0.308,
tld,zh,/tld/il,.il,952,777,1068,38,38,0,3,3,0.335,0.243,/tld/ar,0.262,0.414,0.421,
tld,en,/tld/immo,.immo,590,452,2537,37,37,0,3,3,0.254,0.149,/tld/tires,0.247,0.299,0.405,
tld,zh,/tld/immo,.immo,866,716,1090,34,34,0,3,3,0.327,0.205,/tld/tires,0.306,0.36,0.471,
tld,en,/tld/immobilien,.immobilien,638,475,2739,38,38,0,3,3,0.295,0.184,/tld/kaufen,0.235,0.258,0.395,
tld,zh,/tld/immobilien,.immobilien,901,726,1219,34,34,0,3,3,0.373,0.263,/tld/kaufen,0.31,0.357,0.471,
tld,en,/tld/in,.in,437,339,1851,32,32,0,3,3,0.098,0.122,/tld/us,0.157,0.16,0.219,
tld,zh,/tld/in,.in,691,581,765,33,33,0,3,3,0.218,0.162,/tld/us,0.332,0.334,0.455,
tld,en,/tld/info,.info,482,342,1760,32,32,0,3,3,0.205,0.131,/tld/club,0.314,0.33,0.5,
tld,zh,/tld/info,.info,721,566,764,32,32,0,3,3,0.238,0.174,/tld/club,0.348,0.364,0.531,
tld,en,/tld/ink,.ink,548,387,1996,37,37,0,3,3,0.176,0.122,/tld/gg,0.264,0.276,0.405,
tld,zh,/tld/ink,.ink,815,636,915,36,36,0,3,3,0.218,0.164,/tld/cool,0.306,0.326,0.472,
tld,en,/tld/institute,.institute,557,394,2215,36,36,0,3,3,0.203,0.126,/tld/marketing,0.278,0.304,0.417,
tld,zh,/tld/institute,.institute,815,640,1012,35,35,0,3,3,0.263,0.188,/tld/tips,0.344,0.384,0.457,
tld,en,/tld/international,.international,555,390,2274,37,37,0,3,3,0.204,0.154,/tld/capital,0.271,0.321,0.432,
tld,zh,/tld/international,.international,812,633,1051,36,36,0,3,3,0.272,0.205,/tld/technology,0.354,0.415,0.472,
tld,en,/tld/investments,.investments,539,404,2378,36,36,0,3,3,0.21,0.128,/tld/productions,0.274,0.31,0.417,
tld,zh,/tld/investments,.investments,798,651,1083,33,33,0,3,3,0.317,0.216,/tld/productions,0.357,0.397,0.485,
tld,en,/tld/io,.io,488,334,1697,31,31,0,3,3,0.212,0.132,/tld/art,0.326,0.345,0.516,
tld,zh,/tld/io,.io,729,558,803,32,32,0,3,3,0.256,0.185,/tld/fm,0.33,0.344,0.531,
tld,en,/tld/is,.is,649,486,2592,36,36,0,3,3,0.14,0.135,/tld/lt,0.164,0.168,0.25,
tld,zh,/tld/is,.is,984,809,1071,37,37,0,3,3,0.257,0.186,/tld/ge,0.241,0.309,0.405,
tld,en,/tld/it,.it,581,418,2307,35,35,0,3,3,0.175,0.162,/tld/fr,0.2,0.22,0.314,
tld,zh,/tld/it,.it,900,725,976,36,36,0,3,3,0.276,0.21,/tld/fr,0.278,0.329,0.444,
tld,en,/tld/jewelry,.jewelry,574,408,2246,36,36,0,3,3,0.197,0.125,/tld/degree,0.276,0.298,0.417,
tld,zh,/tld/jewelry,.jewelry,806,628,975,33,33,0,3,3,0.26,0.179,/tld/degree,0.372,0.42,0.485,
tld,en,/tld/jp,.jp,596,430,2362,36,36,0,3,3,0.289,0.232,/tld/kr,0.245,0.3,0.417,
tld,zh,/tld/jp,.jp,909,731,955,36,36,0,3,3,0.366,0.3,/tld/kr,0.271,0.389,0.444,
tld,en,/tld/kaufen,.kaufen,621,458,2538,38,38,0,3,3,0.295,0.184,/tld/immobilien,0.237,0.259,0.395,
tld,zh,/tld/kaufen,.kaufen,870,695,1070,34,34,0,3,3,0.374,0.263,/tld/tienda,0.326,0.373,0.471,
tld,en,/tld/ke,.ke,640,477,2601,36,36,0,3,3,0.269,0.2,/tld/pk,0.222,0.271,0.417,
tld,zh,/tld/ke,.ke,958,783,1066,37,37,0,3,3,0.453,0.312,/tld/ng,0.254,0.411,0.432,
tld,en,/tld/kids,.kids,646,474,2593,38,38,0,3,3,0.211,0.122,/tld/fish,0.233,0.282,0.421,
tld,zh,/tld/kids,.kids,933,744,1056,35,35,0,3,3,0.266,0.159,/tld/fish,0.289,0.344,0.486,
tld,en,/tld/kitchen,.kitchen,581,408,2214,41,41,0,3,3,0.199,0.122,/tld/wine,0.266,0.285,0.39,
tld,zh,/tld/kitchen,.kitchen,841,653,1020,37,37,0,3,3,0.267,0.173,/tld/photography,0.333,0.376,0.459,
tld,en,/tld/kr,.kr,607,444,2463,36,36,0,3,3,0.289,0.232,/tld/jp,0.235,0.28,0.417,
tld,zh,/tld/kr,.kr,928,753,1017,36,36,0,3,3,0.366,0.3,/tld/jp,0.256,0.363,0.444,
tld,en,/tld/kz,.kz,642,479,2562,36,36,0,3,3,0.238,0.179,/tld/ee,0.232,0.29,0.417,
tld,zh,/tld/kz,.kz,1027,852,1069,37,37,0,3,3,0.298,0.235,/tld/sk,0.247,0.398,0.432,
tld,en,/tld/la,.la,616,456,2459,35,35,0,3,3,0.169,0.137,/tld/mn,0.189,0.194,0.286,
tld,zh,/tld/la,.la,923,751,979,36,36,0,3,3,0.228,0.172,/tld/mn,0.262,0.295,0.417,
tld,en,/tld/land,.land,484,345,1892,34,34,0,3,3,0.206,0.131,/tld/social,0.317,0.337,0.471,
tld,zh,/tld/land,.land,755,602,915,36,36,0,3,3,0.231,0.165,/tld/video,0.335,0.365,0.472,
tld,en,/tld/law,.law,567,393,2068,37,37,0,3,3,0.199,0.117,/tld/menu,0.279,0.311,0.432,
tld,zh,/tld/law,.law,853,661,927,35,35,0,3,3,0.258,0.185,/tld/fashion,0.316,0.358,0.486,
tld,en,/tld/lawyer,.lawyer,554,385,2161,35,35,0,3,3,0.198,0.117,/tld/law,0.285,0.299,0.429,
tld,zh,/tld/lawyer,.lawyer,839,658,1000,34,34,0,3,3,0.247,0.185,/tld/attorney,0.324,0.351,0.471,
tld,en,/tld/legal,.legal,549,383,2133,35,35,0,3,3,0.21,0.127,/tld/recipes,0.296,0.313,0.429,
tld,zh,/tld/legal,.legal,817,639,993,33,33,0,3,3,0.26,0.175,/tld/recipes,0.345,0.373,0.485,
tld,en,/tld/life,.life,524,343,1893,35,35,0,3,3,0.222,0.153,/tld/digital,0.308,0.327,0.457,
tld,zh,/tld/life,.life,783,584,872,35,35,0,3,3,0.24,0.186,/tld/digital,0.326,0.348,0.486,
tld,en,/tld/lighting,.lighting,581,413,2321,37,37,0,3,3,0.265,0.141,/tld/management,0.284,0.322,0.432,
tld,zh,/tld/lighting,.lighting,834,650,1046,34,34,0,3,3,0.326,0.209,/tld/management,0.329,0.364,0.5,
tld,en,/tld/limited,.limited,565,400,2269,37,37,0,3,3,0.186,0.115,/tld/land,0.266,0.291,0.432,
tld,zh,/tld/limited,.limited,833,654,987,37,37,0,3,3,0.229,0.167,/tld/bargains,0.326,0.361,0.459,
tld,en,/tld/limo,.limo,580,415,2260,38,38,0,3,3,0.238,0.149,/tld/villas,0.266,0.312,0.421,
tld,zh,/tld/limo,.limo,869,690,1006,37,37,0,3,3,0.27,0.189,/tld/villas,0.313,0.356,0.459,
tld,en,/tld/link,.link,464,332,1798,33,33,0,3,3,0.202,0.131,/tld/studio,0.307,0.32,0.455,
tld,zh,/tld/link,.link,705,558,786,34,34,0,3,3,0.27,0.203,/tld/live,0.358,0.375,0.5,
tld,en,/tld/live,.live,495,326,1730,32,32,0,3,3,0.183,0.135,/tld/fun,0.29,0.303,0.406,
tld,zh,/tld/live,.live,729,543,736,34,34,0,3,3,0.27,0.203,/tld/link,0.366,0.383,0.5,
tld,en,/tld/lk,.lk,626,463,2464,36,36,0,3,3,0.355,0.232,/tld/qa,0.222,0.29,0.389,
tld,zh,/tld/lk,.lk,936,761,986,37,37,0,3,3,0.428,0.308,/tld/ge,0.267,0.444,0.432,
tld,en,/tld/llc,.llc,607,441,2305,40,40,0,3,3,0.202,0.122,/tld/ltd,0.258,0.3,0.4,
tld,zh,/tld/llc,.llc,904,723,989,36,36,0,3,3,0.289,0.193,/tld/ltd,0.328,0.369,0.472,
tld,en,/tld/loans,.loans,524,389,2211,36,36,0,3,3,0.257,0.138,/tld/credit,0.285,0.32,0.417,
tld,zh,/tld/loans,.loans,792,645,1032,34,34,0,3,3,0.312,0.201,/tld/credit,0.353,0.399,0.471,
tld,en,/tld/lol,.lol,524,367,1918,33,33,0,3,3,0.191,0.116,/tld/today,0.293,0.296,0.455,
tld,zh,/tld/lol,.lol,779,610,889,35,35,0,3,3,0.228,0.164,/tld/best,0.323,0.332,0.457,
tld,en,/tld/london,.london,550,452,2458,37,37,0,3,3,0.393,0.217,/tld/tokyo,0.258,0.282,0.405,
tld,zh,/tld/london,.london,818,708,1044,33,33,0,3,3,0.409,0.272,/tld/tokyo,0.319,0.358,0.485,
tld,en,/tld/love,.love,582,408,2087,37,37,0,3,3,0.209,0.122,/tld/style,0.265,0.3,0.432,
tld,zh,/tld/love,.love,841,652,941,36,36,0,3,3,0.244,0.169,/tld/wedding,0.32,0.356,0.472,
tld,en,/tld/lt,.lt,635,469,2590,37,37,0,3,3,0.372,0.256,/tld/lv,0.228,0.288,0.405,
tld,zh,/tld/lt,.lt,981,803,1027,38,38,0,3,3,0.425,0.332,/tld/lv,0.251,0.416,0.421,
tld,en,/tld/ltd,.ltd,605,430,2272,38,38,0,3,3,0.202,0.12,/tld/llc,0.257,0.302,0.421,
tld,zh,/tld/ltd,.ltd,869,678,952,36,36,0,3,3,0.289,0.193,/tld/llc,0.353,0.401,0.472,
tld,en,/tld/lu,.lu,618,458,2463,35,35,0,3,3,0.24,0.168,/tld/mn,0.227,0.258,0.4,
tld,zh,/tld/lu,.lu,918,746,957,36,36,0,3,3,0.282,0.237,/tld/lk,0.254,0.357,0.417,
tld,en,/tld/luxury,.luxury,611,446,2399,36,36,0,3,3,0.193,0.14,/tld/clothing,0.248,0.293,0.444,
tld,zh,/tld/luxury,.luxury,852,672,1012,35,35,0,3,3,0.266,0.176,/tld/clothing,0.32,0.389,0.486,
tld,en,/tld/lv,.lv,624,461,2464,36,36,0,3,3,0.372,0.256,/tld/lt,0.232,0.298,0.417,
tld,zh,/tld/lv,.lv,983,808,1016,38,38,0,3,3,0.425,0.332,/tld/lt,0.255,0.424,0.421,
tld,en,/tld/ma,.ma,623,460,2521,37,37,0,3,3,0.256,0.237,/tld/pt,0.186,0.244,0.27,
tld,zh,/tld/ma,.ma,980,805,1050,38,38,0,3,3,0.384,0.291,/tld/lk,0.237,0.396,0.395,
tld,en,/tld/makeup,.makeup,568,415,2217,37,37,0,3,3,0.304,0.222,/tld/skin,0.28,0.317,0.432,
tld,zh,/tld/makeup,.makeup,824,654,950,34,34,0,3,3,0.403,0.295,/tld/hair,0.346,0.379,0.5,
tld,en,/tld/management,.management,538,375,2230,36,36,0,3,3,0.324,0.149,/tld/equipment,0.309,0.338,0.417,
tld,zh,/tld/management,.management,793,618,1045,33,33,0,3,3,0.43,0.308,/tld/equipment,0.366,0.4,0.485,
tld,en,/tld/market,.market,573,400,2220,38,38,0,3,3,0.196,0.117,/tld/training,0.262,0.302,0.421,
tld,zh,/tld/market,.market,857,667,1019,37,37,0,3,3,0.272,0.188,/tld/community,0.327,0.376,0.459,
tld,en,/tld/marketing,.marketing,536,373,1972,36,36,0,3,3,0.242,0.136,/tld/consulting,0.297,0.333,0.417,
tld,zh,/tld/marketing,.marketing,793,618,994,35,35,0,3,3,0.278,0.214,/tld/consulting,0.351,0.398,0.457,
tld,en,/tld/mba,.mba,582,419,2247,36,36,0,3,3,0.211,0.118,/tld/management,0.272,0.297,0.417,
tld,zh,/tld/mba,.mba,832,657,967,33,33,0,3,3,0.27,0.175,/tld/florist,0.339,0.369,0.485,
tld,en,/tld/md,.md,606,446,2364,37,37,0,3,3,0.192,0.124,/tld/mn,0.231,0.243,0.378,
tld,zh,/tld/md,.md,920,748,1012,36,36,0,3,3,0.215,0.167,/tld/mn,0.252,0.286,0.417,
tld,en,/tld/me,.me,488,342,1777,32,32,0,3,3,0.16,0.131,/tld/io,0.246,0.265,0.375,
tld,zh,/tld/me,.me,763,597,822,33,33,0,3,3,0.229,0.171,/tld/space,0.325,0.347,0.515,
tld,en,/tld/media,.media,530,366,2029,35,35,0,3,3,0.21,0.129,/tld/life,0.296,0.314,0.457,
tld,zh,/tld/media,.media,806,625,923,37,37,0,3,3,0.239,0.166,/tld/life,0.317,0.339,0.459,
tld,en,/tld/meme,.meme,599,445,2365,38,38,0,3,3,0.22,0.162,/tld/day,0.261,0.301,0.395,
tld,zh,/tld/meme,.meme,843,677,992,34,34,0,3,3,0.314,0.234,/tld/day,0.309,0.35,0.471,
tld,en,/tld/menu,.menu,584,409,2094,38,38,0,3,3,0.203,0.12,/tld/wedding,0.267,0.297,0.421,
tld,zh,/tld/menu,.menu,846,657,929,36,36,0,3,3,0.268,0.174,/tld/wedding,0.32,0.358,0.472,
tld,en,/tld/miami,.miami,533,438,2383,35,35,0,3,3,0.44,0.269,/tld/boston,0.259,0.306,0.429,
tld,zh,/tld/miami,.miami,798,691,990,33,33,0,3,3,0.442,0.32,/tld/boston,0.313,0.356,0.485,
tld,en,/tld/mn,.mn,626,466,2516,35,35,0,3,3,0.24,0.146,/tld/lu,0.216,0.239,0.4,
tld,zh,/tld/mn,.mn,953,781,991,36,36,0,3,3,0.268,0.205,/tld/pt,0.245,0.344,0.417,
tld,en,/tld/mobi,.mobi,638,503,2635,37,37,0,3,3,0.172,0.102,/tld/report,0.221,0.254,0.405,
tld,zh,/tld/mobi,.mobi,900,753,1073,34,34,0,3,3,0.247,0.149,/tld/domains,0.3,0.344,0.471,
tld,en,/tld/moda,.moda,608,454,2498,37,37,0,3,3,0.211,0.139,/tld/fan,0.245,0.285,0.432,
tld,zh,/tld/moda,.moda,865,696,1087,35,35,0,3,3,0.294,0.223,/tld/fan,0.313,0.379,0.486,
tld,en,/tld/moe,.moe,546,395,2149,35,35,0,3,3,0.174,0.11,/tld/social,0.266,0.276,0.429,
tld,zh,/tld/moe,.moe,800,637,908,35,35,0,3,3,0.216,0.153,/tld/fashion,0.318,0.327,0.457,
tld,en,/tld/mom,.mom,575,412,2153,36,36,0,3,3,0.236,0.121,/tld/dad,0.272,0.292,0.417,
tld,zh,/tld/mom,.mom,854,679,947,35,35,0,3,3,0.26,0.183,/tld/dad,0.321,0.352,0.457,
tld,en,/tld/money,.money,522,381,2130,34,34,0,3,3,0.189,0.117,/tld/us,0.287,0.305,0.441,
tld,zh,/tld/money,.money,811,658,1005,35,35,0,3,3,0.227,0.162,/tld/institute,0.324,0.35,0.457,
tld,en,/tld/monster,.monster,601,438,2481,37,37,0,3,3,0.179,0.124,/tld/pics,0.254,0.293,0.405,
tld,zh,/tld/monster,.monster,861,686,1058,34,34,0,3,3,0.236,0.17,/tld/pics,0.323,0.368,0.471,
tld,en,/tld/mortgage,.mortgage,546,411,2306,38,38,0,3,3,0.221,0.124,/tld/loans,0.278,0.312,0.395,
tld,zh,/tld/mortgage,.mortgage,815,668,1039,34,34,0,3,3,0.294,0.182,/tld/loans,0.349,0.382,0.471,
tld,en,/tld/movie,.movie,589,436,2271,37,37,0,3,3,0.188,0.113,/tld/pictures,0.256,0.292,0.432,
tld,zh,/tld/movie,.movie,850,681,998,35,35,0,3,3,0.246,0.163,/tld/express,0.334,0.374,0.486,
tld,en,/tld/mx,.mx,620,451,2531,36,36,0,3,3,0.404,0.243,/tld/pl,0.232,0.289,0.417,
tld,zh,/tld/mx,.mx,932,751,989,37,37,0,3,3,0.493,0.348,/tld/pl,0.275,0.415,0.432,
tld,en,/tld/my,.my,642,476,2605,36,36,0,3,3,0.319,0.228,/tld/id,0.222,0.288,0.417,
tld,zh,/tld/my,.my,993,815,1062,38,38,0,3,3,0.439,0.329,/tld/id,0.245,0.394,0.421,
tld,en,/tld/net,.net,472,334,1771,32,32,0,3,3,0.207,0.145,/tld/art,0.33,0.343,0.5,
tld,zh,/tld/net,.net,732,581,791,33,33,0,3,3,0.225,0.174,/tld/vip,0.333,0.347,0.515,
tld,en,/tld/network,.network,478,334,1960,35,35,0,3,3,0.206,0.142,/tld/zone,0.326,0.339,0.457,
tld,zh,/tld/network,.network,764,601,900,36,36,0,3,3,0.222,0.174,/tld/digital,0.321,0.337,0.472,
tld,en,/tld/news,.news,541,375,1967,34,34,0,3,3,0.206,0.126,/tld/shop,0.293,0.31,0.471,
tld,zh,/tld/news,.news,800,613,962,36,36,0,3,3,0.223,0.153,/tld/shop,0.311,0.334,0.472,
tld,en,/tld/ng,.ng,629,460,2515,36,36,0,3,3,0.268,0.218,/tld/pk,0.205,0.258,0.333,
tld,zh,/tld/ng,.ng,942,761,1017,37,37,0,3,3,0.453,0.312,/tld/ke,0.264,0.417,0.432,
tld,en,/tld/ninja,.ninja,538,375,1982,35,35,0,3,3,0.187,0.115,/tld/art,0.289,0.3,0.429,
tld,zh,/tld/ninja,.ninja,801,626,931,35,35,0,3,3,0.231,0.163,/tld/boutique,0.338,0.359,0.457,
tld,en,/tld/nl,.nl,631,465,2508,36,36,0,3,3,0.199,0.154,/tld/fr,0.228,0.274,0.417,
tld,zh,/tld/nl,.nl,933,755,994,35,35,0,3,3,0.258,0.207,/tld/fr,0.272,0.331,0.457,
tld,en,/tld/no,.no,621,458,2507,35,35,0,3,3,0.202,0.167,/tld/pt,0.213,0.275,0.371,
tld,zh,/tld/no,.no,929,754,1000,36,36,0,3,3,0.316,0.247,/tld/pt,0.26,0.4,0.444,
tld,en,/tld/nyc,.nyc,567,469,2408,37,37,0,3,3,0.345,0.188,/tld/amsterdam,0.249,0.297,0.405,
tld,zh,/tld/nyc,.nyc,839,729,997,33,33,0,3,3,0.408,0.263,/tld/boston,0.303,0.351,0.485,
tld,en,/tld/nz,.nz,594,431,2328,36,36,0,3,3,0.345,0.214,/tld/pt,0.249,0.325,0.417,
tld,zh,/tld/nz,.nz,899,724,941,37,37,0,3,3,0.466,0.332,/tld/pt,0.284,0.48,0.432,
tld,en,/tld/one,.one,509,382,1992,34,34,0,3,3,0.185,0.114,/tld/us,0.282,0.288,0.441,
tld,zh,/tld/one,.one,778,639,908,35,35,0,3,3,0.22,0.168,/tld/bike,0.33,0.358,0.457,
tld,en,/tld/online,.online,515,339,1818,35,35,0,3,3,0.213,0.144,/tld/site,0.312,0.325,0.457,
tld,zh,/tld/online,.online,809,617,822,36,36,0,3,3,0.222,0.168,/tld/live,0.325,0.347,0.472,
tld,en,/tld/org,.org,474,332,1831,33,33,0,3,3,0.206,0.145,/tld/games,0.316,0.329,0.485,
tld,zh,/tld/org,.org,733,570,761,34,34,0,3,3,0.225,0.161,/tld/vip,0.332,0.346,0.5,
tld,en,/tld/organic,.organic,632,467,2624,39,39,0,3,3,0.214,0.135,/tld/clothing,0.246,0.298,0.41,
tld,zh,/tld/organic,.organic,894,713,1077,36,36,0,3,3,0.285,0.194,/tld/clothing,0.321,0.392,0.472,
tld,en,/tld/page,.page,527,376,2026,33,33,0,3,3,0.176,0.132,/tld/space,0.272,0.284,0.424,
tld,zh,/tld/page,.page,792,629,981,34,34,0,3,3,0.231,0.164,/tld/app,0.306,0.323,0.471,
tld,en,/tld/paris,.paris,625,462,2487,36,36,0,3,3,0.406,0.222,/tld/amsterdam,0.235,0.279,0.389,
tld,zh,/tld/paris,.paris,902,727,1026,34,34,0,3,3,0.435,0.287,/tld/amsterdam,0.298,0.343,0.471,
tld,en,/tld/partners,.partners,547,381,2214,36,36,0,3,3,0.251,0.145,/tld/capital,0.284,0.315,0.417,
tld,zh,/tld/partners,.partners,854,676,1056,35,35,0,3,3,0.295,0.208,/tld/capital,0.319,0.359,0.457,
tld,en,/tld/parts,.parts,559,394,2184,37,37,0,3,3,0.299,0.144,/tld/equipment,0.287,0.325,0.432,
tld,zh,/tld/parts,.parts,830,650,958,34,34,0,3,3,0.369,0.223,/tld/equipment,0.35,0.389,0.5,
tld,en,/tld/party,.party,605,440,2367,37,37,0,3,3,0.196,0.126,/tld/villas,0.259,0.309,0.432,
tld,zh,/tld/party,.party,874,695,1039,35,35,0,3,3,0.247,0.165,/tld/casa,0.308,0.364,0.486,
tld,en,/tld/pe,.pe,628,465,2483,36,36,0,3,3,0.305,0.214,/tld/ph,0.229,0.292,0.417,
tld,zh,/tld/pe,.pe,946,771,1002,37,37,0,3,3,0.403,0.303,/tld/ng,0.262,0.43,0.432,
tld,en,/tld/pet,.pet,587,409,2217,38,38,0,3,3,0.19,0.125,/tld/care,0.266,0.309,0.421,
tld,zh,/tld/pet,.pet,873,677,922,37,37,0,3,3,0.246,0.175,/tld/estate,0.325,0.374,0.459,
tld,en,/tld/ph,.ph,606,443,2500,38,38,0,3,3,0.363,0.235,/tld/ae,0.236,0.313,0.395,
tld,zh,/tld/ph,.ph,928,753,977,39,39,0,3,3,0.444,0.327,/tld/ae,0.268,0.446,0.41,
tld,en,/tld/photo,.photo,586,433,2328,39,39,0,3,3,0.2,0.127,/tld/mom,0.255,0.286,0.41,
tld,zh,/tld/photo,.photo,859,692,1031,36,36,0,3,3,0.247,0.213,/tld/photography,0.312,0.355,0.472,
tld,en,/tld/photography,.photography,544,385,2179,40,40,0,3,3,0.227,0.136,/tld/photos,0.279,0.322,0.4,
tld,zh,/tld/photography,.photography,822,649,1048,36,36,0,3,3,0.278,0.232,/tld/photos,0.341,0.393,0.472,
tld,en,/tld/photos,.photos,550,386,2190,39,39,0,3,3,0.227,0.136,/tld/photography,0.275,0.315,0.41,
tld,zh,/tld/photos,.photos,835,653,988,37,37,0,3,3,0.278,0.232,/tld/photography,0.328,0.375,0.459,
tld,en,/tld/pics,.pics,598,447,2408,37,37,0,3,3,0.195,0.136,/tld/fish,0.261,0.295,0.405,
tld,zh,/tld/pics,.pics,836,673,1047,34,34,0,3,3,0.238,0.179,/tld/bond,0.321,0.367,0.471,
tld,en,/tld/pictures,.pictures,562,409,2341,36,36,0,3,3,0.212,0.131,/tld/productions,0.274,0.324,0.444,
tld,zh,/tld/pictures,.pictures,814,646,1069,34,34,0,3,3,0.272,0.198,/tld/productions,0.354,0.414,0.5,
tld,en,/tld/pink,.pink,562,396,2084,38,38,0,3,3,0.195,0.121,/tld/marketing,0.266,0.304,0.421,
tld,zh,/tld/pink,.pink,849,670,898,38,38,0,3,3,0.241,0.183,/tld/international,0.326,0.374,0.447,
tld,en,/tld/pizza,.pizza,558,393,2072,36,36,0,3,3,0.203,0.129,/tld/space,0.284,0.307,0.444,
tld,zh,/tld/pizza,.pizza,823,645,954,37,37,0,3,3,0.247,0.17,/tld/cafe,0.328,0.364,0.459,
tld,en,/tld/pk,.pk,631,468,2621,36,36,0,3,3,0.301,0.218,/tld/pe,0.227,0.281,0.417,
tld,zh,/tld/pk,.pk,981,806,1052,37,37,0,3,3,0.405,0.302,/tld/ng,0.256,0.418,0.432,
tld,en,/tld/pl,.pl,615,443,2398,36,36,0,3,3,0.404,0.243,/tld/mx,0.24,0.299,0.417,
tld,zh,/tld/pl,.pl,918,734,945,37,37,0,3,3,0.493,0.348,/tld/mx,0.284,0.436,0.432,
tld,en,/tld/place,.place,537,442,2376,38,38,0,3,3,0.268,0.164,/tld/shopping,0.257,0.304,0.395,
tld,zh,/tld/place,.place,805,698,1044,34,34,0,3,3,0.35,0.208,/tld/shopping,0.328,0.39,0.471,
tld,en,/tld/plumbing,.plumbing,579,416,2314,36,36,0,3,3,0.228,0.125,/tld/courses,0.271,0.29,0.417,
tld,zh,/tld/plumbing,.plumbing,812,637,1017,33,33,0,3,3,0.291,0.205,/tld/courses,0.339,0.373,0.485,
tld,en,/tld/plus,.plus,514,387,2021,36,36,0,3,3,0.207,0.117,/tld/support,0.27,0.309,0.417,
tld,zh,/tld/plus,.plus,783,644,920,35,35,0,3,3,0.294,0.19,/tld/support,0.338,0.39,0.457,
tld,en,/tld/poker,.poker,598,430,2334,38,38,0,3,3,0.219,0.138,/tld/fish,0.265,0.307,0.421,
tld,zh,/tld/poker,.poker,857,674,1007,35,35,0,3,3,0.291,0.197,/tld/fish,0.326,0.373,0.486,
tld,en,/tld/press,.press,573,419,2337,40,40,0,3,3,0.192,0.118,/tld/pictures,0.271,0.307,0.4,
tld,zh,/tld/press,.press,855,686,1022,36,36,0,3,3,0.237,0.174,/tld/express,0.32,0.353,0.472,
tld,en,/tld/pro,.pro,469,329,1777,34,34,0,3,3,0.209,0.133,/tld/space,0.329,0.342,0.471,
tld,zh,/tld/pro,.pro,717,557,738,34,34,0,3,3,0.241,0.176,/tld/space,0.361,0.376,0.5,
tld,en,/tld/productions,.productions,572,419,2330,37,37,0,3,3,0.212,0.131,/tld/pictures,0.263,0.308,0.432,
tld,zh,/tld/productions,.productions,839,672,1104,34,34,0,3,3,0.317,0.216,/tld/investments,0.344,0.389,0.5,
tld,en,/tld/promo,.promo,604,432,2306,40,40,0,3,3,0.203,0.12,/tld/hockey,0.256,0.3,0.4,
tld,zh,/tld/promo,.promo,871,682,1009,36,36,0,3,3,0.273,0.19,/tld/football,0.336,0.384,0.472,
tld,en,/tld/properties,.properties,553,410,2310,37,37,0,3,3,0.255,0.158,/tld/apartments,0.264,0.305,0.432,
tld,zh,/tld/properties,.properties,804,646,1048,35,35,0,3,3,0.307,0.207,/tld/taxi,0.348,0.394,0.486,
tld,en,/tld/pt,.pt,591,428,2373,36,36,0,3,3,0.353,0.267,/tld/ae,0.249,0.327,0.417,
tld,zh,/tld/pt,.pt,911,736,944,37,37,0,3,3,0.466,0.342,/tld/nz,0.277,0.47,0.432,
tld,en,/tld/pub,.pub,587,419,2176,36,36,0,3,3,0.216,0.129,/tld/spa,0.261,0.29,0.444,
tld,zh,/tld/pub,.pub,872,687,982,36,36,0,3,3,0.258,0.173,/tld/spa,0.306,0.352,0.472,
tld,en,/tld/qa,.qa,658,495,2599,37,37,0,3,3,0.355,0.232,/tld/lk,0.22,0.284,0.405,
tld,zh,/tld/qa,.qa,988,813,1055,38,38,0,3,3,0.419,0.3,/tld/lk,0.245,0.395,0.421,
tld,en,/tld/quest,.quest,619,453,2452,37,37,0,3,3,0.188,0.124,/tld/fish,0.249,0.287,0.405,
tld,zh,/tld/quest,.quest,863,685,1019,34,34,0,3,3,0.251,0.17,/tld/win,0.316,0.359,0.471,
tld,en,/tld/recipes,.recipes,565,399,2238,35,35,0,3,3,0.21,0.127,/tld/legal,0.277,0.311,0.429,
tld,zh,/tld/recipes,.recipes,836,658,1064,34,34,0,3,3,0.26,0.174,/tld/legal,0.338,0.374,0.471,
tld,en,/tld/red,.red,569,415,2124,35,35,0,3,3,0.173,0.107,/tld/design,0.26,0.263,0.429,
tld,zh,/tld/red,.red,845,679,911,35,35,0,3,3,0.215,0.16,/tld/international,0.315,0.342,0.457,
tld,en,/tld/rehab,.rehab,608,445,2620,39,39,0,3,3,0.267,0.181,/tld/immobilien,0.254,0.288,0.385,
tld,zh,/tld/rehab,.rehab,899,724,1075,34,34,0,3,3,0.326,0.221,/tld/immobilien,0.318,0.368,0.471,
tld,en,/tld/rent,.rent,531,396,2109,36,36,0,3,3,0.207,0.125,/tld/delivery,0.278,0.293,0.417,
tld,zh,/tld/rent,.rent,772,625,930,33,33,0,3,3,0.298,0.199,/tld/delivery,0.344,0.382,0.485,
tld,en,/tld/rentals,.rentals,576,423,2257,37,37,0,3,3,0.236,0.148,/tld/repair,0.255,0.296,0.432,
tld,zh,/tld/rentals,.rentals,846,673,982,36,36,0,3,3,0.315,0.223,/tld/repair,0.338,0.395,0.472,
tld,en,/tld/repair,.repair,603,426,2284,37,37,0,3,3,0.237,0.139,/tld/green,0.266,0.31,0.432,
tld,zh,/tld/repair,.repair,847,655,971,35,35,0,3,3,0.315,0.223,/tld/rentals,0.344,0.401,0.486,
tld,en,/tld/report,.report,596,445,2515,38,38,0,3,3,0.216,0.129,/tld/town,0.262,0.312,0.395,
tld,zh,/tld/report,.report,869,706,1073,34,34,0,3,3,0.288,0.181,/tld/town,0.332,0.391,0.471,
tld,en,/tld/restaurant,.restaurant,560,375,2054,36,36,0,3,3,0.213,0.13,/tld/clinic,0.293,0.334,0.444,
tld,zh,/tld/restaurant,.restaurant,838,636,1027,36,36,0,3,3,0.257,0.179,/tld/fitness,0.339,0.384,0.472,
tld,en,/tld/review,.review,563,412,2295,36,36,0,3,3,0.216,0.126,/tld/management,0.273,0.285,0.417,
tld,zh,/tld/review,.review,819,656,982,33,33,0,3,3,0.268,0.186,/tld/supply,0.312,0.34,0.485,
tld,en,/tld/reviews,.reviews,581,425,2422,39,39,0,3,3,0.225,0.135,/tld/hockey,0.257,0.304,0.41,
tld,zh,/tld/reviews,.reviews,880,710,1045,36,36,0,3,3,0.273,0.186,/tld/hockey,0.325,0.372,0.472,
tld,en,/tld/ro,.ro,607,444,2433,36,36,0,3,3,0.36,0.253,/tld/sk,0.235,0.299,0.417,
tld,zh,/tld/ro,.ro,950,775,993,37,37,0,3,3,0.472,0.331,/tld/sk,0.262,0.438,0.432,
tld,en,/tld/rocks,.rocks,564,401,2108,38,38,0,3,3,0.179,0.112,/tld/academy,0.263,0.272,0.395,
tld,zh,/tld/rocks,.rocks,818,643,910,38,38,0,3,3,0.225,0.161,/tld/bike,0.327,0.36,0.421,
tld,en,/tld/rs,.rs,646,483,2581,36,36,0,3,3,0.27,0.227,/tld/lv,0.202,0.263,0.389,
tld,zh,/tld/rs,.rs,992,817,1086,37,37,0,3,3,0.346,0.273,/tld/lv,0.241,0.373,0.432,
tld,en,/tld/rugby,.rugby,596,431,2246,36,36,0,3,3,0.335,0.234,/tld/basketball,0.263,0.302,0.444,
tld,zh,/tld/rugby,.rugby,866,685,1021,34,34,0,3,3,0.408,0.32,/tld/basketball,0.319,0.358,0.5,
tld,en,/tld/run,.run,525,385,2031,36,36,0,3,3,0.188,0.122,/tld/group,0.277,0.291,0.444,
tld,zh,/tld/run,.run,776,620,942,36,36,0,3,3,0.215,0.161,/tld/codes,0.303,0.318,0.472,
tld,en,/tld/sa,.sa,639,473,2727,37,37,0,3,3,0.217,0.153,/tld/ph,0.225,0.284,0.405,
tld,zh,/tld/sa,.sa,983,805,1059,37,37,0,3,3,0.316,0.228,/tld/eg,0.248,0.382,0.432,
tld,en,/tld/sale,.sale,555,389,2102,36,36,0,3,3,0.202,0.118,/tld/support,0.276,0.31,0.417,
tld,zh,/tld/sale,.sale,824,646,934,35,35,0,3,3,0.279,0.199,/tld/toys,0.35,0.406,0.457,
tld,en,/tld/salon,.salon,589,415,2104,38,38,0,3,3,0.199,0.135,/tld/events,0.259,0.294,0.421,
tld,zh,/tld/salon,.salon,847,659,940,37,37,0,3,3,0.27,0.181,/tld/events,0.331,0.384,0.459,
tld,en,/tld/sbs,.sbs,583,456,2419,38,38,0,3,3,0.223,0.144,/tld/buzz,0.244,0.274,0.395,
tld,zh,/tld/sbs,.sbs,857,718,1029,34,34,0,3,3,0.28,0.182,/tld/buzz,0.3,0.343,0.471,
tld,en,/tld/school,.school,553,381,2066,36,36,0,3,3,0.201,0.13,/tld/clinic,0.286,0.306,0.444,
tld,zh,/tld/school,.school,836,646,954,37,37,0,3,3,0.244,0.179,/tld/academy,0.329,0.374,0.459,
tld,en,/tld/se,.se,617,448,2437,36,36,0,3,3,0.34,0.267,/tld/pt,0.235,0.306,0.417,
tld,zh,/tld/se,.se,930,749,987,37,37,0,3,3,0.428,0.342,/tld/pt,0.261,0.43,0.432,
tld,en,/tld/services,.services,567,388,2113,37,37,0,3,3,0.214,0.138,/tld/events,0.278,0.318,0.432,
tld,zh,/tld/services,.services,846,650,1015,36,36,0,3,3,0.253,0.186,/tld/directory,0.329,0.386,0.472,
tld,en,/tld/sg,.sg,612,437,2530,35,35,0,3,3,0.256,0.162,/tld/hk,0.24,0.284,0.429,
tld,zh,/tld/sg,.sg,953,766,989,35,35,0,3,3,0.304,0.214,/tld/hk,0.26,0.341,0.457,
tld,en,/tld/sh,.sh,479,339,1760,33,33,0,3,3,0.197,0.129,/tld/io,0.291,0.307,0.455,
tld,zh,/tld/sh,.sh,709,554,763,34,34,0,3,3,0.234,0.17,/tld/gg,0.337,0.354,0.5,
tld,en,/tld/shoes,.shoes,569,401,2208,38,38,0,3,3,0.239,0.147,/tld/toys,0.264,0.31,0.421,
tld,zh,/tld/shoes,.shoes,814,631,974,36,36,0,3,3,0.328,0.229,/tld/toys,0.34,0.404,0.472,
tld,en,/tld/shop,.shop,525,341,1794,35,35,0,3,3,0.206,0.135,/tld/news,0.31,0.329,0.457,
tld,zh,/tld/shop,.shop,765,563,761,35,35,0,3,3,0.242,0.178,/tld/vip,0.344,0.373,0.486,
tld,en,/tld/shopping,.shopping,604,441,2526,38,38,0,3,3,0.268,0.155,/tld/place,0.259,0.309,0.395,
tld,zh,/tld/shopping,.shopping,841,666,1081,34,34,0,3,3,0.35,0.208,/tld/place,0.336,0.402,0.471,
tld,en,/tld/show,.show,564,408,2056,38,38,0,3,3,0.189,0.127,/tld/house,0.261,0.308,0.395,
tld,zh,/tld/show,.show,829,656,948,36,36,0,3,3,0.26,0.181,/tld/international,0.334,0.381,0.472,
tld,en,/tld/singles,.singles,604,439,2468,37,37,0,3,3,0.267,0.149,/tld/clothing,0.263,0.321,0.432,
tld,zh,/tld/singles,.singles,878,697,1077,35,35,0,3,3,0.357,0.219,/tld/clothing,0.326,0.383,0.486,
tld,en,/tld/site,.site,546,361,1883,35,35,0,3,3,0.213,0.144,/tld/online,0.295,0.313,0.457,
tld,zh,/tld/site,.site,821,618,799,35,35,0,3,3,0.235,0.176,/tld/vip,0.323,0.338,0.486,
tld,en,/tld/sk,.sk,601,438,2400,36,36,0,3,3,0.36,0.253,/tld/ro,0.247,0.317,0.417,
tld,zh,/tld/sk,.sk,930,755,964,37,37,0,3,3,0.472,0.331,/tld/ro,0.277,0.468,0.432,
tld,en,/tld/skin,.skin,552,399,2241,37,37,0,3,3,0.304,0.222,/tld/makeup,0.279,0.31,0.432,
tld,zh,/tld/skin,.skin,821,654,917,34,34,0,3,3,0.366,0.28,/tld/makeup,0.339,0.379,0.5,
tld,en,/tld/so,.so,467,332,1753,33,33,0,3,3,0.192,0.155,/tld/gg,0.288,0.292,0.394,
tld,zh,/tld/so,.so,689,542,738,33,33,0,3,3,0.234,0.182,/tld/gg,0.349,0.351,0.485,
tld,en,/tld/soccer,.soccer,607,434,2319,40,40,0,3,3,0.237,0.163,/tld/hockey,0.257,0.299,0.4,
tld,zh,/tld/soccer,.soccer,872,680,1002,36,36,0,3,3,0.345,0.227,/tld/hockey,0.337,0.381,0.472,
tld,en,/tld/social,.social,491,340,1942,34,34,0,3,3,0.206,0.131,/tld/cloud,0.318,0.334,0.441,
tld,zh,/tld/social,.social,746,583,973,34,34,0,3,3,0.222,0.162,/tld/bike,0.34,0.36,0.471,
tld,en,/tld/software,.software,519,384,2164,39,39,0,3,3,0.209,0.128,/tld/marketing,0.292,0.318,0.385,
tld,zh,/tld/software,.software,785,638,1010,35,35,0,3,3,0.263,0.183,/tld/consulting,0.339,0.377,0.457,
tld,en,/tld/solar,.solar,575,409,2202,36,36,0,3,3,0.233,0.146,/tld/repair,0.275,0.309,0.417,
tld,zh,/tld/solar,.solar,852,674,962,34,34,0,3,3,0.286,0.188,/tld/taxi,0.338,0.376,0.471,
tld,en,/tld/solutions,.solutions,539,376,2080,36,36,0,3,3,0.199,0.119,/tld/software,0.283,0.298,0.417,
tld,zh,/tld/solutions,.solutions,820,645,1014,36,36,0,3,3,0.249,0.186,/tld/services,0.314,0.352,0.444,
tld,en,/tld/spa,.spa,576,411,2168,35,35,0,3,3,0.231,0.13,/tld/dentist,0.268,0.316,0.457,
tld,zh,/tld/spa,.spa,855,676,963,34,34,0,3,3,0.294,0.18,/tld/dentist,0.302,0.361,0.5,
tld,en,/tld/space,.space,487,316,1766,34,34,0,3,3,0.216,0.135,/tld/vip,0.333,0.35,0.471,
tld,zh,/tld/space,.space,726,535,733,35,35,0,3,3,0.255,0.181,/tld/link,0.373,0.392,0.486,
tld,en,/tld/store,.store,552,369,1809,35,35,0,3,3,0.194,0.127,/tld/art,0.291,0.306,0.457,
tld,zh,/tld/store,.store,792,590,831,36,36,0,3,3,0.226,0.174,/tld/vip,0.329,0.348,0.472,
tld,en,/tld/stream,.stream,586,433,2352,37,37,0,3,3,0.192,0.115,/tld/pictures,0.249,0.28,0.432,
tld,zh,/tld/stream,.stream,876,708,1033,35,35,0,3,3,0.233,0.155,/tld/fashion,0.305,0.334,0.486,
tld,en,/tld/studio,.studio,504,333,1721,33,33,0,3,3,0.21,0.132,/tld/club,0.32,0.337,0.485,
tld,zh,/tld/studio,.studio,739,550,763,34,34,0,3,3,0.263,0.181,/tld/design,0.366,0.381,0.5,
tld,en,/tld/study,.study,559,396,2135,36,36,0,3,3,0.238,0.177,/tld/courses,0.283,0.303,0.417,
tld,zh,/tld/study,.study,796,621,947,33,33,0,3,3,0.345,0.262,/tld/courses,0.343,0.369,0.485,
tld,en,/tld/style,.style,553,397,2083,38,38,0,3,3,0.209,0.126,/tld/love,0.277,0.325,0.421,
tld,zh,/tld/style,.style,825,655,1004,36,36,0,3,3,0.264,0.199,/tld/international,0.323,0.373,0.472,
tld,en,/tld/supplies,.supplies,584,415,2281,36,36,0,3,3,0.194,0.123,/tld/diamonds,0.257,0.286,0.444,
tld,zh,/tld/supplies,.supplies,844,657,1037,36,36,0,3,3,0.266,0.207,/tld/diamonds,0.314,0.351,0.472,
tld,en,/tld/supply,.supply,569,401,2352,38,38,0,3,3,0.234,0.125,/tld/management,0.284,0.312,0.421,
tld,zh,/tld/supply,.supply,835,651,983,34,34,0,3,3,0.323,0.207,/tld/equipment,0.336,0.38,0.5,
tld,en,/tld/support,.support,525,387,2159,36,36,0,3,3,0.207,0.121,/tld/plus,0.278,0.317,0.417,
tld,zh,/tld/support,.support,805,655,1014,35,35,0,3,3,0.294,0.19,/tld/plus,0.337,0.383,0.457,
tld,en,/tld/surf,.surf,597,431,2224,39,39,0,3,3,0.259,0.189,/tld/fit,0.261,0.285,0.385,
tld,zh,/tld/surf,.surf,857,679,953,35,35,0,3,3,0.342,0.263,/tld/fit,0.321,0.349,0.457,
tld,en,/tld/surgery,.surgery,616,453,2676,39,39,0,3,3,0.237,0.161,/tld/tires,0.254,0.308,0.385,
tld,zh,/tld/surgery,.surgery,882,707,1103,34,34,0,3,3,0.3,0.201,/tld/hospital,0.315,0.373,0.471,
tld,en,/tld/systems,.systems,506,371,2120,36,36,0,3,3,0.208,0.123,/tld/exchange,0.29,0.317,0.417,
tld,zh,/tld/systems,.systems,786,639,1009,35,35,0,3,3,0.257,0.171,/tld/exchange,0.332,0.368,0.457,
tld,en,/tld/tattoo,.tattoo,587,434,2321,38,38,0,3,3,0.249,0.135,/tld/singles,0.263,0.311,0.421,
tld,zh,/tld/tattoo,.tattoo,832,664,1043,35,35,0,3,3,0.304,0.187,/tld/singles,0.307,0.359,0.486,
tld,en,/tld/tax,.tax,558,390,1991,36,36,0,3,3,0.24,0.138,/tld/engineering,0.28,0.329,0.444,
tld,zh,/tld/tax,.tax,804,622,908,35,35,0,3,3,0.296,0.201,/tld/shoes,0.351,0.418,0.486,
tld,en,/tld/taxi,.taxi,594,426,2292,37,37,0,3,3,0.225,0.145,/tld/properties,0.251,0.29,0.432,
tld,zh,/tld/taxi,.taxi,863,681,955,35,35,0,3,3,0.307,0.207,/tld/properties,0.328,0.378,0.486,
tld,en,/tld/team,.team,515,337,1877,35,35,0,3,3,0.199,0.125,/tld/art,0.308,0.321,0.457,
tld,zh,/tld/team,.team,786,587,881,36,36,0,3,3,0.224,0.155,/tld/chat,0.338,0.36,0.472,
tld,en,/tld/tech,.tech,494,338,1850,35,35,0,3,3,0.214,0.129,/tld/space,0.315,0.331,0.457,
tld,zh,/tld/tech,.tech,785,612,800,34,34,0,3,3,0.225,0.158,/tld/shop,0.331,0.348,0.5,
tld,en,/tld/technology,.technology,550,415,2243,38,38,0,3,3,0.189,0.116,/tld/international,0.261,0.283,0.395,
tld,zh,/tld/technology,.technology,818,671,1081,36,36,0,3,3,0.272,0.173,/tld/international,0.321,0.362,0.444,
tld,en,/tld/tennis,.tennis,608,440,2347,40,40,0,3,3,0.249,0.132,/tld/hockey,0.25,0.291,0.4,
tld,zh,/tld/tennis,.tennis,890,707,1027,36,36,0,3,3,0.317,0.214,/tld/golf,0.334,0.373,0.472,
tld,en,/tld/th,.th,633,470,2608,42,41,0.024,3,3,0.195,0.133,/tld/ua,0.192,0.215,0.293,
tld,zh,/tld/th,.th,960,785,1089,39,39,0,3,3,0.35,0.225,/tld/ua,0.26,0.387,0.41,
tld,en,/tld/theater,.theater,552,389,2128,36,36,0,3,3,0.219,0.125,/tld/camera,0.284,0.31,0.417,
tld,zh,/tld/theater,.theater,836,661,1025,36,36,0,3,3,0.257,0.178,/tld/engineer,0.332,0.353,0.444,
tld,en,/tld/tickets,.tickets,567,402,2200,37,37,0,3,3,0.2,0.12,/tld/dentist,0.275,0.311,0.432,
tld,zh,/tld/tickets,.tickets,838,659,971,36,36,0,3,3,0.236,0.157,/tld/dentist,0.313,0.348,0.472,
tld,en,/tld/tienda,.tienda,644,481,2697,37,37,0,3,3,0.257,0.17,/tld/abogado,0.236,0.282,0.405,
tld,zh,/tld/tienda,.tienda,896,721,1080,34,34,0,3,3,0.374,0.259,/tld/kaufen,0.324,0.379,0.471,
tld,en,/tld/tips,.tips,543,374,1974,37,37,0,3,3,0.191,0.154,/tld/exchange,0.264,0.308,0.351,
tld,zh,/tld/tips,.tips,806,622,948,36,36,0,3,3,0.263,0.205,/tld/institute,0.345,0.397,0.472,
tld,en,/tld/tires,.tires,616,453,2421,38,38,0,3,3,0.254,0.161,/tld/immo,0.255,0.312,0.395,
tld,zh,/tld/tires,.tires,871,696,1044,34,34,0,3,3,0.327,0.204,/tld/immo,0.321,0.382,0.471,
tld,en,/tld/today,.today,503,376,2007,34,34,0,3,3,0.191,0.113,/tld/lol,0.286,0.289,0.441,
tld,zh,/tld/today,.today,764,625,939,35,35,0,3,3,0.24,0.163,/tld/cool,0.335,0.352,0.457,
tld,en,/tld/tokyo,.tokyo,538,443,2353,35,35,0,3,3,0.393,0.217,/tld/london,0.258,0.303,0.429,
tld,zh,/tld/tokyo,.tokyo,817,710,1005,33,33,0,3,3,0.409,0.268,/tld/london,0.32,0.369,0.485,
tld,en,/tld/tools,.tools,487,349,1932,34,34,0,3,3,0.194,0.123,/tld/us,0.307,0.314,0.441,
tld,zh,/tld/tools,.tools,723,573,882,35,35,0,3,3,0.219,0.163,/tld/zone,0.334,0.338,0.457,
tld,en,/tld/top,.top,473,337,1821,31,31,0,3,3,0.198,0.128,/tld/vip,0.307,0.307,0.484,
tld,zh,/tld/top,.top,766,618,806,32,32,0,3,3,0.229,0.17,/tld/vip,0.318,0.32,0.5,
tld,en,/tld/tours,.tours,584,411,2226,39,39,0,3,3,0.222,0.139,/tld/solar,0.268,0.311,0.41,
tld,zh,/tld/tours,.tours,841,652,991,35,35,0,3,3,0.274,0.201,/tld/shoes,0.332,0.378,0.486,
tld,en,/tld/town,.town,548,453,2425,39,39,0,3,3,0.222,0.135,/tld/bond,0.256,0.297,0.385,
tld,zh,/tld/town,.town,802,695,1030,34,34,0,3,3,0.288,0.189,/tld/report,0.326,0.377,0.471,
tld,en,/tld/toys,.toys,556,390,2122,37,37,0,3,3,0.239,0.147,/tld/shoes,0.272,0.308,0.405,
tld,zh,/tld/toys,.toys,810,632,928,35,35,0,3,3,0.328,0.229,/tld/shoes,0.346,0.399,0.457,
tld,en,/tld/tr,.tr,631,459,2496,36,36,0,3,3,0.231,0.202,/tld/vn,0.198,0.232,0.389,
tld,zh,/tld/tr,.tr,940,756,1017,37,37,0,3,3,0.378,0.287,/tld/vn,0.259,0.428,0.432,
tld,en,/tld/training,.training,549,386,2254,39,39,0,3,3,0.197,0.122,/tld/ventures,0.282,0.314,0.385,
tld,zh,/tld/training,.training,834,659,1038,36,36,0,3,3,0.271,0.188,/tld/market,0.332,0.367,0.444,
tld,en,/tld/travel,.travel,601,418,2343,37,37,0,3,3,0.194,0.117,/tld/tours,0.261,0.296,0.432,
tld,zh,/tld/travel,.travel,913,712,1042,36,36,0,3,3,0.262,0.174,/tld/shoes,0.318,0.366,0.472,
tld,en,/tld/tv,.tv,514,344,1807,34,34,0,3,3,0.204,0.129,/tld/space,0.309,0.325,0.471,
tld,zh,/tld/tv,.tv,768,580,750,34,34,0,3,3,0.232,0.164,/tld/live,0.336,0.354,0.5,
tld,en,/tld/tw,.tw,609,446,2565,35,35,0,3,3,0.222,0.143,/tld/pt,0.237,0.292,0.429,
tld,zh,/tld/tw,.tw,925,750,971,36,36,0,3,3,0.321,0.232,/tld/pt,0.272,0.406,0.444,
tld,en,/tld/ua,.ua,631,468,2554,40,40,0,3,3,0.232,0.148,/tld/ke,0.232,0.282,0.375,
tld,zh,/tld/ua,.ua,929,754,1061,38,38,0,3,3,0.35,0.239,/tld/th,0.258,0.391,0.421,
tld,en,/tld/uk,.uk,491,390,2015,36,36,0,3,3,0.234,0.14,/tld/au,0.28,0.303,0.417,
tld,zh,/tld/uk,.uk,758,645,908,35,35,0,3,3,0.303,0.218,/tld/de,0.293,0.38,0.457,
tld,en,/tld/university,.university,620,457,2730,37,37,0,3,3,0.263,0.147,/tld/hospital,0.253,0.304,0.405,
tld,zh,/tld/university,.university,888,713,1173,34,34,0,3,3,0.31,0.219,/tld/shopping,0.317,0.381,0.471,
tld,en,/tld/us,.us,424,323,1749,31,31,0,3,3,0.206,0.126,/tld/cloud,0.337,0.34,0.484,
tld,zh,/tld/us,.us,686,573,760,31,31,0,3,3,0.221,0.16,/tld/space,0.34,0.342,0.516,
tld,en,/tld/uy,.uy,670,507,2732,36,36,0,3,3,0.248,0.17,/tld/lt,0.199,0.256,0.389,
tld,zh,/tld/uy,.uy,1007,832,1085,38,38,0,3,3,0.349,0.254,/tld/pe,0.241,0.4,0.421,
tld,en,/tld/uz,.uz,610,450,2501,35,35,0,3,3,0.216,0.152,/tld/lu,0.226,0.255,0.4,
tld,zh,/tld/uz,.uz,974,802,1003,36,36,0,3,3,0.27,0.2,/tld/ro,0.25,0.357,0.417,
tld,en,/tld/vacations,.vacations,575,409,2327,37,37,0,3,3,0.191,0.137,/tld/ventures,0.264,0.296,0.405,
tld,zh,/tld/vacations,.vacations,829,651,1052,34,34,0,3,3,0.263,0.184,/tld/flights,0.338,0.379,0.471,
tld,en,/tld/vegas,.vegas,618,455,2416,37,37,0,3,3,0.339,0.193,/tld/amsterdam,0.253,0.298,0.405,
tld,zh,/tld/vegas,.vegas,910,735,1052,34,34,0,3,3,0.35,0.229,/tld/amsterdam,0.3,0.342,0.471,
tld,en,/tld/ventures,.ventures,484,349,1909,36,36,0,3,3,0.215,0.141,/tld/capital,0.306,0.35,0.417,
tld,zh,/tld/ventures,.ventures,758,611,973,35,35,0,3,3,0.267,0.192,/tld/capital,0.345,0.38,0.457,
tld,en,/tld/vet,.vet,574,411,2182,35,35,0,3,3,0.204,0.113,/tld/catering,0.277,0.28,0.429,
tld,zh,/tld/vet,.vet,821,646,921,33,33,0,3,3,0.291,0.183,/tld/catering,0.333,0.366,0.485,
tld,en,/tld/video,.video,519,364,1977,35,35,0,3,3,0.199,0.122,/tld/land,0.298,0.316,0.457,
tld,zh,/tld/video,.video,783,611,941,35,35,0,3,3,0.231,0.164,/tld/land,0.339,0.368,0.486,
tld,en,/tld/villas,.villas,566,401,2265,37,37,0,3,3,0.238,0.149,/tld/limo,0.273,0.334,0.432,
tld,zh,/tld/villas,.villas,852,671,1046,37,37,0,3,3,0.275,0.189,/tld/cruises,0.322,0.379,0.459,
tld,en,/tld/vin,.vin,617,454,2328,37,37,0,3,3,0.219,0.129,/tld/glass,0.251,0.294,0.405,
tld,zh,/tld/vin,.vin,877,702,1013,34,34,0,3,3,0.271,0.177,/tld/glass,0.312,0.36,0.471,
tld,en,/tld/vip,.vip,511,325,1762,32,32,0,3,3,0.216,0.135,/tld/space,0.325,0.344,0.5,
tld,zh,/tld/vip,.vip,747,545,703,33,33,0,3,3,0.25,0.178,/tld/design,0.375,0.404,0.515,
tld,en,/tld/vision,.vision,608,445,2460,38,38,0,3,3,0.246,0.157,/tld/graphics,0.24,0.284,0.395,
tld,zh,/tld/vision,.vision,883,708,1074,35,35,0,3,3,0.3,0.198,/tld/shopping,0.306,0.353,0.457,
tld,en,/tld/vn,.vn,600,434,2482,37,37,0,3,3,0.315,0.192,/tld/ph,0.24,0.316,0.405,
tld,zh,/tld/vn,.vn,929,751,972,37,37,0,3,3,0.392,0.277,/tld/ph,0.263,0.444,0.432,
tld,en,/tld/vodka,.vodka,604,439,2373,38,38,0,3,3,0.217,0.139,/tld/cricket,0.26,0.312,0.421,
tld,zh,/tld/vodka,.vodka,868,688,1002,35,35,0,3,3,0.273,0.195,/tld/casa,0.303,0.358,0.486,
tld,en,/tld/voyage,.voyage,579,414,2343,38,38,0,3,3,0.216,0.124,/tld/cruises,0.268,0.304,0.421,
tld,zh,/tld/voyage,.voyage,868,689,1024,37,37,0,3,3,0.271,0.177,/tld/clothing,0.323,0.372,0.459,
tld,en,/tld/wang,.wang,560,462,2524,37,37,0,3,3,0.189,0.109,/tld/win,0.235,0.261,0.405,
tld,zh,/tld/wang,.wang,866,756,1049,35,35,0,3,3,0.226,0.151,/tld/win,0.293,0.322,0.457,
tld,en,/tld/watch,.watch,556,400,2079,35,35,0,3,3,0.191,0.122,/tld/care,0.268,0.306,0.457,
tld,zh,/tld/watch,.watch,823,648,937,36,36,0,3,3,0.238,0.167,/tld/tips,0.333,0.372,0.472,
tld,en,/tld/website,.website,541,414,2124,37,37,0,3,3,0.178,0.118,/tld/work,0.256,0.266,0.405,
tld,zh,/tld/website,.website,800,661,954,35,35,0,3,3,0.231,0.161,/tld/fashion,0.323,0.35,0.457,
tld,en,/tld/wedding,.wedding,578,413,2223,37,37,0,3,3,0.213,0.157,/tld/fashion,0.266,0.295,0.432,
tld,zh,/tld/wedding,.wedding,852,673,987,36,36,0,3,3,0.288,0.219,/tld/fashion,0.317,0.356,0.472,
tld,en,/tld/wiki,.wiki,509,372,2006,34,34,0,3,3,0.191,0.124,/tld/gg,0.278,0.29,0.471,
tld,zh,/tld/wiki,.wiki,756,603,908,35,35,0,3,3,0.223,0.158,/tld/zone,0.322,0.338,0.486,
tld,en,/tld/win,.win,613,445,2432,38,38,0,3,3,0.189,0.126,/tld/wang,0.254,0.301,0.421,
tld,zh,/tld/win,.win,879,695,988,35,35,0,3,3,0.257,0.176,/tld/cricket,0.31,0.369,0.486,
tld,en,/tld/wine,.wine,545,371,2070,37,37,0,3,3,0.199,0.131,/tld/kitchen,0.287,0.31,0.432,
tld,zh,/tld/wine,.wine,816,622,889,36,36,0,3,3,0.261,0.176,/tld/kitchen,0.334,0.379,0.472,
tld,en,/tld/work,.work,580,410,2180,39,39,0,3,3,0.188,0.121,/tld/fashion,0.263,0.296,0.41,
tld,zh,/tld/work,.work,882,694,1000,37,37,0,3,3,0.244,0.173,/tld/fashion,0.305,0.348,0.459,
tld,en,/tld/works,.works,538,366,1989,35,35,0,3,3,0.209,0.138,/tld/email,0.291,0.312,0.457,
tld,zh,/tld/works,.works,788,599,913,37,37,0,3,3,0.234,0.182,/tld/group,0.325,0.346,0.459,
tld,en,/tld/world,.world,518,340,1895,34,34,0,3,3,0.203,0.132,/tld/art,0.313,0.329,0.471,
tld,zh,/tld/world,.world,763,567,858,34,34,0,3,3,0.224,0.182,/tld/space,0.338,0.358,0.5,
tld,en,/tld/wtf,.wtf,523,372,2061,35,35,0,3,3,0.18,0.113,/tld/us,0.282,0.282,0.429,
tld,zh,/tld/wtf,.wtf,800,637,886,35,35,0,3,3,0.229,0.163,/tld/today,0.327,0.336,0.457,
tld,en,/tld/xyz,.xyz,481,343,1805,33,33,0,3,3,0.2,0.128,/tld/art,0.308,0.321,0.485,
tld,zh,/tld/xyz,.xyz,733,582,765,33,33,0,3,3,0.224,0.157,/tld/space,0.327,0.344,0.515,
tld,en,/tld/yoga,.yoga,540,377,2023,36,36,0,3,3,0.185,0.118,/tld/dental,0.278,0.281,0.417,
tld,zh,/tld/yoga,.yoga,812,637,891,35,35,0,3,3,0.231,0.178,/tld/fashion,0.305,0.327,0.457,
tld,en,/tld/za,.za,643,480,2669,36,36,0,3,3,0.282,0.206,/tld/lk,0.222,0.276,0.417,
tld,zh,/tld/za,.za,943,768,1039,37,37,0,3,3,0.337,0.25,/tld/lk,0.253,0.384,0.432,
tld,en,/tld/zone,.zone,482,342,1857,34,34,0,3,3,0.21,0.138,/tld/center,0.313,0.329,0.471,
tld,zh,/tld/zone,.zone,749,593,890,37,37,0,3,3,0.233,0.169,/tld/club,0.329,0.345,0.459,
guide,en,/guide/3dprint,3D printing,884,778,4288,45,45,0,3,3,0.063,0.049,/guide/villarental,0.092,0.097,0.311,
guide,zh,/guide/3dprint,3D 打印,1489,1288,1708,49,49,0,3,3,0.065,0.054,/guide/saas,0.097,0.103,0.265,
guide,en,/guide/accounting,Accounting & tax,937,790,4491,53,53,0,3,3,0.058,0.046,/guide/legal,0.089,0.093,0.208,
guide,zh,/guide/accounting,会计财税,1598,1328,1656,45,45,0,3,3,0.067,0.057,/guide/legal,0.103,0.109,0.356,
guide,en,/guide/agency,Agencies & studios,729,600,3330,48,48,0,3,3,0.068,0.055,/guide/photography,0.119,0.121,0.229,
guide,zh,/guide/agency,咨询工作室,1285,1037,1305,47,47,0,3,3,0.079,0.068,/guide/podcast,0.131,0.131,0.34,
guide,en,/guide/agent,AI agents,811,693,3705,46,46,0,3,3,0.062,0.059,/guide/ai,0.068,0.068,0.239,
guide,zh,/guide/agent,AI 智能体,1371,1160,1621,48,48,0,3,3,0.074,0.068,/guide/ai,0.092,0.093,0.229,
guide,en,/guide/ai,AI products,758,650,3510,51,51,0,3,3,0.062,0.059,/guide/agent,0.073,0.076,0.216,
guide,zh,/guide/ai,AI 产品,1286,1087,1480,51,51,0,3,3,0.074,0.068,/guide/agent,0.099,0.099,0.216,
guide,en,/guide/aiart,AI art tools,860,725,3860,45,45,0,3,3,0.053,0.05,/guide/ai,0.059,0.062,0.2,
guide,zh,/guide/aiart,AI 绘画,1505,1240,1715,48,48,0,3,3,0.067,0.055,/guide/ai,0.086,0.087,0.229,
guide,en,/guide/animation,Animation studios,965,815,4390,52,52,0,3,3,0.058,0.046,/guide/incense,0.087,0.094,0.269,
guide,zh,/guide/animation,动画工作室,1635,1353,1647,53,53,0,3,3,0.071,0.062,/guide/fruitshop,0.109,0.119,0.321,
guide,en,/guide/antiques,Antique shops,770,627,3436,43,43,0,3,3,0.064,0.052,/guide/legal,0.111,0.113,0.326,
guide,zh,/guide/antiques,古董古玩店,1331,1066,1391,46,46,0,3,3,0.078,0.066,/guide/auction,0.127,0.129,0.37,
guide,en,/guide/apartment,Apartment rentals,916,766,4416,55,55,0,3,3,0.061,0.05,/guide/hotel,0.09,0.098,0.255,
guide,zh,/guide/apartment,长租公寓,1607,1352,1690,48,48,0,3,3,0.078,0.063,/guide/realtor,0.112,0.122,0.333,
guide,en,/guide/appliancerepair,Appliance repair,1000,854,4723,54,54,0,3,3,0.057,0.044,/guide/equipmentrental,0.084,0.091,0.259,
guide,zh,/guide/appliancerepair,家电维修,1628,1375,1670,48,48,0,3,3,0.073,0.069,/guide/plumber,0.111,0.122,0.333,
guide,en,/guide/aquarium,Aquariums & reptiles,911,768,4298,48,48,0,3,3,0.055,0.046,/guide/realestate,0.089,0.089,0.229,
guide,zh,/guide/aquarium,水族爬宠,1552,1292,1653,47,47,0,3,3,0.077,0.062,/guide/aquascaping,0.107,0.109,0.34,
guide,en,/guide/aquascaping,Aquascaping,793,643,3444,41,41,0,3,3,0.067,0.054,/guide/basketball,0.11,0.111,0.268,
guide,zh,/guide/aquascaping,观赏鱼造景,1247,994,1231,44,44,0,3,3,0.09,0.07,/guide/cricket,0.147,0.155,0.364,
guide,en,/guide/archery,Archery ranges,868,721,3799,50,50,0,3,3,0.069,0.057,/guide/equestrian,0.097,0.103,0.28,
guide,zh,/guide/archery,射箭馆,1458,1196,1473,45,45,0,3,3,0.086,0.079,/guide/bowling,0.12,0.136,0.356,
guide,en,/guide/auction,Auction houses,791,652,3657,42,42,0,3,3,0.064,0.052,/guide/photography,0.108,0.11,0.333,
guide,zh,/guide/auction,拍卖行,1330,1069,1425,45,45,0,3,3,0.082,0.066,/guide/watches,0.124,0.124,0.356,
guide,en,/guide/audiobook,Audiobooks & voiceover,974,825,4259,53,53,0,3,3,0.057,0.046,/guide/legal,0.086,0.094,0.208,
guide,zh,/guide/audiobook,有声书配音,1619,1331,1616,50,50,0,3,3,0.07,0.056,/guide/deli,0.108,0.116,0.32,
guide,en,/guide/automotive,Automotive,696,574,3181,38,38,0,3,3,0.066,0.055,/guide/photography,0.12,0.122,0.289,
guide,zh,/guide/automotive,汽车出行,1170,954,1223,42,42,0,3,3,0.071,0.056,/guide/taekwondo,0.129,0.129,0.381,
guide,en,/guide/autoparts,Auto parts brands,874,721,3819,46,46,0,3,3,0.07,0.062,/guide/wig,0.101,0.104,0.239,
guide,zh,/guide/autoparts,汽配用品品牌,1385,1124,1493,47,47,0,3,3,0.088,0.08,/guide/wig,0.121,0.131,0.34,
guide,en,/guide/axethrowing,Axe-throwing venues,856,704,3702,47,47,0,3,3,0.094,0.08,/guide/lasertag,0.098,0.107,0.298,
guide,zh,/guide/axethrowing,飞斧馆,1342,1066,1323,45,45,0,3,3,0.119,0.104,/guide/lasertag,0.133,0.147,0.378,
guide,en,/guide/babystore,Baby & maternity stores,864,707,3861,45,45,0,3,3,0.067,0.053,/guide/evcharging,0.1,0.105,0.244,
guide,zh,/guide/babystore,母婴用品,1384,1114,1367,45,45,0,3,3,0.081,0.067,/guide/kidsphoto,0.131,0.137,0.356,
guide,en,/guide/badminton,Badminton clubs,817,681,3700,43,43,0,3,3,0.062,0.05,/guide/rugby,0.104,0.106,0.326,
guide,zh,/guide/badminton,羽毛球馆,1458,1204,1473,44,44,0,3,3,0.074,0.064,/guide/judo,0.117,0.124,0.386,
guide,en,/guide/bakery,Bakeries & desserts,853,695,3790,47,47,0,3,3,0.061,0.049,/guide/photography,0.099,0.101,0.234,
guide,zh,/guide/bakery,烘焙甜品,1419,1165,1457,49,49,0,3,3,0.073,0.063,/guide/realestate,0.119,0.123,0.327,
guide,en,/guide/bambooweaving,Bamboo weaving studios,1002,834,4380,54,54,0,3,3,0.1,0.09,/guide/brocade,0.091,0.114,0.204,
guide,zh,/guide/bambooweaving,竹编工坊,1464,1177,1388,41,41,0,3,3,0.125,0.12,/guide/brocade,0.13,0.142,0.415,
guide,en,/guide/bar,Bars & lounges,969,811,4228,50,50,0,3,3,0.057,0.046,/guide/legal,0.088,0.095,0.22,
guide,zh,/guide/bar,酒吧清吧,1535,1284,1681,49,49,0,3,3,0.069,0.057,/guide/organicfood,0.11,0.116,0.327,
guide,en,/guide/barber,Barbershops & salons,873,726,3963,47,47,0,3,3,0.062,0.051,/guide/yoga,0.096,0.101,0.234,
guide,zh,/guide/barber,美发理容,1533,1272,1625,46,46,0,3,3,0.069,0.058,/guide/permanentmakeup,0.108,0.113,0.348,
guide,en,/guide/baseball,Baseball training,758,616,3485,43,43,0,3,3,0.07,0.056,/guide/gymnastics,0.116,0.118,0.326,
guide,zh,/guide/baseball,棒球培训,1310,1052,1347,45,45,0,3,3,0.099,0.083,/guide/tabletennis,0.136,0.143,0.356,
guide,en,/guide/basketball,Basketball training,786,641,3376,40,40,0,3,3,0.07,0.057,/guide/craftvodka,0.112,0.114,0.35,
guide,zh,/guide/basketball,篮球培训,1276,1015,1260,44,44,0,3,3,0.09,0.076,/guide/cricket,0.145,0.155,0.364,
guide,en,/guide/batik,Batik studios,952,791,4252,50,50,0,3,3,0.101,0.088,/guide/gilding,0.09,0.115,0.28,
guide,zh,/guide/batik,蜡染工坊,1479,1194,1426,42,42,0,3,3,0.141,0.136,/guide/gilding,0.127,0.143,0.405,
guide,en,/guide/bbq,BBQ & late-night grills,1010,852,4512,54,54,0,3,3,0.057,0.046,/guide/legal,0.087,0.096,0.204,
guide,zh,/guide/bbq,烧烤夜宵,1585,1337,1603,49,49,0,3,3,0.074,0.066,/guide/hotpot,0.111,0.118,0.327,
guide,en,/guide/beauty,Beauty & care,763,618,3414,49,49,0,3,3,0.073,0.059,/guide/parenting,0.116,0.123,0.224,
guide,zh,/guide/beauty,美妆个护,1261,1008,1356,45,45,0,3,3,0.07,0.061,/guide/parenting,0.117,0.118,0.356,
guide,en,/guide/beekeeping,Honey brands,819,658,3506,46,46,0,3,3,0.063,0.051,/guide/photography,0.108,0.114,0.304,
guide,zh,/guide/beekeeping,蜂蜜品牌,1355,1106,1335,43,43,0,3,3,0.081,0.068,/guide/embroidery,0.132,0.138,0.372,
guide,en,/guide/bikeshop,Bike shops & cycling,909,791,4260,47,47,0,3,3,0.062,0.05,/guide/fishing,0.091,0.095,0.234,
guide,zh,/guide/bikeshop,骑行单车,1468,1255,1647,50,50,0,3,3,0.072,0.06,/guide/fishing,0.107,0.114,0.32,
guide,en,/guide/billiards,Billiards & pool halls,899,767,4237,46,46,0,3,3,0.06,0.049,/guide/optician,0.094,0.099,0.239,
guide,zh,/guide/billiards,台球桌球馆,1553,1301,1582,48,48,0,3,3,0.079,0.064,/guide/massage,0.11,0.119,0.333,
guide,en,/guide/birding,Birding clubs,858,708,3921,45,45,0,3,3,0.089,0.072,/guide/stargazing,0.1,0.112,0.311,
guide,zh,/guide/birding,观鸟俱乐部,1442,1164,1383,44,44,0,3,3,0.11,0.106,/guide/stargazing,0.128,0.137,0.386,
guide,en,/guide/bjj,BJJ academies,812,668,3673,42,42,0,3,3,0.071,0.056,/guide/judo,0.104,0.106,0.333,
guide,zh,/guide/bjj,巴西柔术,1328,1064,1387,46,46,0,3,3,0.094,0.083,/guide/judo,0.135,0.137,0.348,
guide,en,/guide/blacksmith,Blacksmith forges,906,754,3902,42,42,0,3,3,0.086,0.07,/guide/silversmith,0.094,0.103,0.333,
guide,zh,/guide/blacksmith,铁匠铺,1335,1057,1293,41,41,0,3,3,0.108,0.088,/guide/silversmith,0.135,0.148,0.415,
guide,en,/guide/blog,Blogs,784,653,3492,46,46,0,3,3,0.061,0.051,/guide/realestate,0.106,0.106,0.239,
guide,zh,/guide/blog,个人博客,1374,1114,1445,47,47,0,3,3,0.075,0.06,/guide/podcast,0.121,0.123,0.362,
guide,en,/guide/bnb,BnBs & stays,860,728,3705,44,44,0,3,3,0.061,0.052,/guide/travel,0.096,0.096,0.25,
guide,zh,/guide/bnb,民宿短租,1397,1169,1473,45,45,0,3,3,0.082,0.068,/guide/travel,0.12,0.12,0.356,
guide,en,/guide/boardgame,Board games,863,714,3769,45,45,0,3,3,0.059,0.049,/guide/realestate,0.099,0.099,0.311,
guide,zh,/guide/boardgame,桌游工作室,1445,1173,1536,45,45,0,3,3,0.07,0.062,/guide/aquascaping,0.115,0.115,0.356,
guide,en,/guide/bonsai,Bonsai studios,825,675,3763,41,41,0,3,3,0.066,0.052,/guide/meditation,0.104,0.125,0.341,
guide,zh,/guide/bonsai,盆景园,1357,1099,1316,43,43,0,3,3,0.083,0.07,/guide/sealcarving,0.134,0.141,0.372,
guide,en,/guide/bookbinding,Bookbinding studios,855,707,3826,44,44,0,3,3,0.105,0.088,/guide/letterpress,0.1,0.125,0.318,
guide,zh,/guide/bookbinding,手工装帧工作室,1416,1138,1371,43,43,0,3,3,0.118,0.112,/guide/letterpress,0.129,0.145,0.395,
guide,en,/guide/bookstore,Bookstores & publishing,864,738,3898,48,48,0,3,3,0.059,0.048,/guide/newsletter,0.097,0.099,0.229,
guide,zh,/guide/bookstore,书店出版,1500,1294,1611,50,50,0,3,3,0.07,0.056,/guide/podcast,0.112,0.116,0.32,
guide,en,/guide/bowling,Bowling alleys,867,721,3925,47,47,0,3,3,0.092,0.081,/guide/trampoline,0.099,0.103,0.298,
guide,zh,/guide/bowling,保龄球馆,1473,1205,1518,45,45,0,3,3,0.116,0.1,/guide/trampoline,0.119,0.135,0.356,
guide,en,/guide/boxing,Boxing gyms,734,592,3256,45,45,0,3,3,0.07,0.057,/guide/muaythai,0.122,0.122,0.311,
guide,zh,/guide/boxing,拳击馆,1212,957,1225,46,46,0,3,3,0.092,0.075,/guide/taekwondo,0.148,0.155,0.37,
guide,en,/guide/brewery,Craft beer & drinks,955,804,4169,46,46,0,3,3,0.057,0.046,/guide/legal,0.088,0.09,0.239,
guide,zh,/guide/brewery,精酿酒饮,1525,1269,1595,44,44,0,3,3,0.07,0.063,/guide/taproom,0.108,0.111,0.364,
guide,en,/guide/brocade,Brocade weaving studios,970,805,4345,53,53,0,3,3,0.103,0.09,/guide/fanmaking,0.093,0.119,0.208,
guide,zh,/guide/brocade,织锦工坊,1471,1180,1394,41,41,0,3,3,0.133,0.127,/guide/swordsmith,0.13,0.145,0.415,
guide,en,/guide/bronzecasting,Bronze casting studios,1020,849,4474,52,52,0,3,3,0.083,0.071,/guide/claysculpture,0.087,0.11,0.212,
guide,zh,/guide/bronzecasting,铸铜工坊,1462,1168,1369,41,41,0,3,3,0.125,0.112,/guide/claysculpture,0.13,0.144,0.415,
guide,en,/guide/bubbletea,Bubble tea shops,988,831,4442,46,46,0,3,3,0.059,0.046,/guide/legal,0.087,0.098,0.239,
guide,zh,/guide/bubbletea,奶茶茶饮,1562,1313,1589,48,48,0,3,3,0.076,0.063,/guide/pharmacy,0.11,0.117,0.333,
guide,en,/guide/buildingmaterials,Building materials,774,632,3429,44,44,0,3,3,0.067,0.054,/guide/medicalsupplies,0.113,0.116,0.318,
guide,zh,/guide/buildingmaterials,建材五金,1331,1063,1346,44,44,0,3,3,0.078,0.067,/guide/officesupplies,0.132,0.136,0.364,
guide,en,/guide/calligraphy,Calligraphy studios,742,623,3596,42,42,0,3,3,0.068,0.053,/guide/meditation,0.113,0.124,0.333,
guide,zh,/guide/calligraphy,书法工作室,1249,1043,1312,44,44,0,3,3,0.083,0.073,/guide/framing,0.135,0.137,0.386,
guide,en,/guide/campgear,Camping gear,863,740,4046,49,49,0,3,3,0.059,0.048,/guide/saas,0.095,0.101,0.286,
guide,zh,/guide/campgear,露营装备,1480,1263,1612,48,48,0,3,3,0.074,0.063,/guide/fragrance,0.113,0.124,0.333,
guide,en,/guide/campsite,Campgrounds,842,705,3792,42,42,0,3,3,0.065,0.051,/guide/villarental,0.1,0.101,0.262,
guide,zh,/guide/campsite,露营地,1484,1216,1527,47,47,0,3,3,0.074,0.057,/guide/fanclub,0.115,0.12,0.362,
guide,en,/guide/candle,Candle brands,791,630,3403,41,41,0,3,3,0.064,0.056,/guide/legal,0.109,0.114,0.341,
guide,zh,/guide/candle,香薰蜡烛,1316,1044,1273,45,45,0,3,3,0.083,0.077,/guide/soapmaking,0.136,0.144,0.356,
guide,en,/guide/careercoach,Career coaching,923,787,4281,48,48,0,3,3,0.057,0.047,/guide/realestate,0.093,0.096,0.292,
guide,zh,/guide/careercoach,职业规划咨询,1568,1313,1625,49,49,0,3,3,0.075,0.063,/guide/mealprep,0.114,0.124,0.347,
guide,en,/guide/carrental,Car rental & mobility,944,815,4569,50,50,0,3,3,0.057,0.045,/guide/stationery,0.086,0.095,0.22,
guide,zh,/guide/carrental,租车出行,1631,1408,1693,50,50,0,3,3,0.073,0.062,/guide/errand,0.105,0.113,0.32,
guide,en,/guide/carwash,Car wash & detailing,938,792,4236,50,50,0,3,3,0.059,0.046,/guide/fitness,0.093,0.102,0.22,
guide,zh,/guide/carwash,汽车美容洗车,1631,1366,1684,52,52,0,3,3,0.08,0.068,/guide/petboarding,0.109,0.117,0.308,
guide,en,/guide/catering,Catering,1003,850,4811,55,55,0,3,3,0.054,0.044,/guide/legal,0.081,0.089,0.2,
guide,zh,/guide/catering,宴会团餐,1660,1413,1779,49,49,0,3,3,0.07,0.058,/guide/plumber,0.099,0.106,0.327,
guide,en,/guide/cheerleading,Cheerleading,798,651,3543,43,43,0,3,3,0.067,0.055,/guide/gymnastics,0.105,0.105,0.256,
guide,zh,/guide/cheerleading,啦啦操,1314,1059,1421,46,46,0,3,3,0.089,0.069,/guide/gymnastics,0.132,0.139,0.348,
guide,en,/guide/cheesemaking,Cheesemaking studios,863,713,3774,46,46,0,3,3,0.072,0.057,/guide/bookbinding,0.099,0.116,0.304,
guide,zh,/guide/cheesemaking,奶酪工坊,1345,1063,1299,43,43,0,3,3,0.092,0.074,/guide/meadery,0.135,0.149,0.395,
guide,en,/guide/chess,Chess & Go academies,926,802,4505,49,49,0,3,3,0.058,0.045,/guide/legal,0.09,0.096,0.224,
guide,zh,/guide/chess,棋类培训,1529,1314,1624,49,49,0,3,3,0.077,0.067,/guide/musicschool,0.112,0.125,0.327,
guide,en,/guide/chocolate,Craft chocolate,889,739,3966,43,43,0,3,3,0.066,0.051,/guide/kombucha,0.098,0.11,0.326,
guide,zh,/guide/chocolate,手工巧克力,1471,1186,1494,44,44,0,3,3,0.083,0.068,/guide/succulent,0.123,0.132,0.364,
guide,en,/guide/cidery,Craft cideries,805,660,3579,47,47,0,3,3,0.067,0.059,/guide/terrarium,0.104,0.112,0.298,
guide,zh,/guide/cidery,苹果酒坊,1333,1057,1378,45,45,0,3,3,0.087,0.071,/guide/terrarium,0.133,0.144,0.378,
guide,en,/guide/claysculpture,Clay sculpture studios,1000,832,4435,51,51,0,3,3,0.091,0.078,/guide/pyrography,0.087,0.11,0.216,
guide,zh,/guide/claysculpture,泥塑工作室,1445,1160,1364,41,41,0,3,3,0.139,0.136,/guide/pyrography,0.132,0.146,0.415,
guide,en,/guide/cleaning,Cleaning services,855,704,3781,47,47,0,3,3,0.062,0.049,/guide/realestate,0.099,0.101,0.298,
guide,zh,/guide/cleaning,家政清洁,1446,1175,1489,46,46,0,3,3,0.077,0.068,/guide/housekeeping,0.119,0.125,0.348,
guide,en,/guide/climbing,Climbing gyms,883,747,4218,47,47,0,3,3,0.064,0.066,/guide/boxing,0.096,0.1,0.298,
guide,zh,/guide/climbing,攀岩馆,1525,1267,1649,48,48,0,3,3,0.084,0.086,/guide/climbinggym,0.106,0.116,0.354,
guide,en,/guide/climbinggym,Climbing gyms,883,735,3790,43,43,0,3,3,0.068,0.066,/guide/kombucha,0.097,0.106,0.326,
guide,zh,/guide/climbinggym,攀岩馆,1348,1071,1323,43,43,0,3,3,0.098,0.086,/guide/minigolf,0.132,0.146,0.395,
guide,en,/guide/clinic,Clinics & outpatient care,981,834,4953,53,53,0,3,3,0.057,0.047,/guide/realtor,0.086,0.092,0.208,
guide,zh,/guide/clinic,诊所门诊,1612,1350,1618,50,50,0,3,3,0.071,0.058,/guide/podcast,0.111,0.119,0.32,
guide,en,/guide/cloisonne,Cloisonné studios,965,807,4091,50,50,0,3,3,0.081,0.07,/guide/papermaking,0.09,0.114,0.28,
guide,zh,/guide/cloisonne,掐丝珐琅工作室,1493,1213,1436,43,43,0,3,3,0.111,0.1,/guide/inkstone,0.127,0.141,0.395,
guide,en,/guide/cn-dns-inland-vs-overseas,Inland vs overseas hosting,958,841,4514,65,65,0,4,4,0.015,0.028,/guide/cn-icp-beian,0.001,0.001,0.031,
guide,zh,/guide/cn-dns-inland-vs-overseas,境内 vs 境外解析,1668,1463,1713,60,60,0,4,4,0.05,0.056,/guide/cn-icp-beian,0.006,0.006,0.05,
guide,en,/guide/cn-expiry-redemption,.cn expiry & redemption,1017,912,4707,64,64,0,4,4,0.007,0.011,/guide/cn-realname,0.001,0.001,0.031,
guide,zh,/guide/cn-expiry-redemption,.cn 到期与赎回,1707,1536,1858,58,58,0,4,4,0.031,0.036,/guide/cn-vs-comcn-registrar,0.006,0.006,0.052,
guide,en,/guide/cn-icp-beian,ICP filing vs real-name,1128,1011,5530,73,73,0,4,4,0.015,0.028,/guide/cn-dns-inland-vs-overseas,0.001,0.001,0.027,
guide,zh,/guide/cn-icp-beian,ICP 备案与实名,1930,1729,1980,67,67,0,4,4,0.05,0.056,/guide/cn-dns-inland-vs-overseas,0.005,0.005,0.045,
guide,en,/guide/cn-realname,.cn real-name verification,1173,1052,5714,74,74,0,4,4,0.02,0.02,/guide/cn-serverhold,0.001,0.001,0.027,
guide,zh,/guide/cn-realname,.cn 实名认证,2046,1845,2135,66,66,0,4,4,0.044,0.05,/guide/cn-serverhold,0.005,0.005,0.045,
guide,en,/guide/cn-serverhold,Fixing serverHold,957,847,4487,58,58,0,4,4,0.02,0.02,/guide/cn-realname,0.001,0.001,0.034,
guide,zh,/guide/cn-serverhold,serverHold 解除,1600,1410,1836,60,60,0,4,4,0.044,0.05,/guide/cn-realname,0.007,0.007,0.05,
guide,en,/guide/cn-vs-comcn-registrar,.cn/.com.cn & registrars,1114,988,5607,76,76,0,4,4,0.012,0.011,/guide/cn-dns-inland-vs-overseas,0.002,0.002,0.026,
guide,zh,/guide/cn-vs-comcn-registrar,.cn/.com.cn 与注册商,1968,1753,2265,70,70,0,4,4,0.038,0.044,/guide/cn-realname,0.006,0.006,0.043,
guide,en,/guide/coach,Personal training,905,758,3985,47,47,0,3,3,0.061,0.047,/guide/photography,0.093,0.096,0.298,
guide,zh,/guide/coach,健身私教,1527,1262,1620,50,50,0,3,3,0.069,0.061,/guide/fitness,0.107,0.108,0.32,
guide,en,/guide/codingschool,Coding bootcamps,859,743,4069,43,43,0,3,3,0.056,0.047,/guide/realestate,0.092,0.092,0.326,
guide,zh,/guide/codingschool,编程培训,1462,1259,1687,46,46,0,3,3,0.068,0.058,/guide/organicfood,0.107,0.107,0.348,
guide,en,/guide/coffee,Coffee & tea,790,626,3202,43,43,0,3,3,0.064,0.052,/guide/photography,0.114,0.115,0.256,
guide,zh,/guide/coffee,咖啡茶饮,1221,979,1226,43,43,0,3,3,0.071,0.059,/guide/taekwondo,0.129,0.131,0.372,
guide,en,/guide/community,Communities,756,618,3312,43,43,0,3,3,0.064,0.053,/guide/legal,0.115,0.116,0.256,
guide,zh,/guide/community,社区俱乐部,1250,995,1309,43,43,0,3,3,0.073,0.061,/guide/cricket,0.124,0.126,0.372,
guide,en,/guide/companyreg,Company formation services,918,778,4344,54,54,0,3,3,0.056,0.047,/guide/travel,0.09,0.094,0.204,
guide,zh,/guide/companyreg,公司注册代办,1553,1289,1684,48,48,0,3,3,0.073,0.062,/guide/legal,0.108,0.123,0.333,
guide,en,/guide/construction,Construction & contracting,971,819,4704,54,54,0,3,3,0.059,0.047,/guide/realtor,0.088,0.096,0.204,
guide,zh,/guide/construction,建筑施工,1611,1351,1657,50,50,0,3,3,0.075,0.061,/guide/realtor,0.109,0.117,0.32,
guide,en,/guide/consulting,Management consulting,893,751,4452,58,58,0,3,3,0.06,0.048,/guide/legal,0.094,0.1,0.241,
guide,zh,/guide/consulting,管理咨询,1549,1281,1799,51,51,0,3,3,0.069,0.06,/guide/deli,0.105,0.113,0.314,
guide,en,/guide/convenience,Convenience stores,884,728,4410,52,52,0,3,3,0.061,0.049,/guide/legal,0.097,0.106,0.269,
guide,zh,/guide/convenience,社区便利店,1602,1339,1606,46,46,0,3,3,0.073,0.061,/guide/deli,0.114,0.122,0.348,
guide,en,/guide/cookingclass,Cooking classes,787,630,3513,46,46,0,3,3,0.068,0.053,/guide/seafishing,0.114,0.114,0.304,
guide,zh,/guide/cookingclass,烹饪教室,1365,1119,1371,44,44,0,3,3,0.079,0.061,/guide/organicfood,0.132,0.133,0.364,
guide,en,/guide/cooperage,Cooperages,887,737,3814,47,47,0,3,3,0.071,0.06,/guide/indigodye,0.095,0.104,0.234,
guide,zh,/guide/cooperage,制桶工坊,1406,1128,1358,43,43,0,3,3,0.101,0.09,/guide/indigodye,0.129,0.141,0.395,
guide,en,/guide/coupon,Coupon & deals platforms,913,761,4167,55,55,0,3,3,0.058,0.048,/guide/photography,0.093,0.097,0.2,
guide,zh,/guide/coupon,优惠券导购,1569,1304,1659,50,50,0,3,3,0.069,0.056,/guide/fanclub,0.109,0.114,0.32,
guide,en,/guide/courses,Online courses,826,703,3762,41,41,0,3,3,0.06,0.049,/guide/realestate,0.1,0.1,0.341,
guide,zh,/guide/courses,在线课程,1413,1196,1576,47,47,0,3,3,0.07,0.056,/guide/edu,0.108,0.108,0.34,
guide,en,/guide/coworking,Coworking spaces,886,745,4065,44,44,0,3,3,0.059,0.047,/guide/legal,0.094,0.098,0.318,
guide,zh,/guide/coworking,联合办公,1533,1275,1594,43,43,0,3,3,0.072,0.058,/guide/food,0.111,0.116,0.372,
guide,en,/guide/craftvodka,Craft vodka,817,655,3395,44,44,0,3,3,0.07,0.057,/guide/basketball,0.11,0.113,0.318,
guide,zh,/guide/craftvodka,精酿伏特加,1346,1094,1359,44,44,0,3,3,0.088,0.068,/guide/aquascaping,0.134,0.137,0.364,
guide,en,/guide/creator,Creators,804,661,3287,43,43,0,3,3,0.061,0.051,/guide/realestate,0.105,0.105,0.256,
guide,zh,/guide/creator,视频创作者,1252,993,1239,44,44,0,3,3,0.074,0.059,/guide/freelance,0.128,0.128,0.364,
guide,en,/guide/cricket,Cricket communities,824,678,3508,41,41,0,3,3,0.07,0.055,/guide/giveaway,0.108,0.109,0.341,
guide,zh,/guide/cricket,板球社区,1271,1016,1274,44,44,0,3,3,0.091,0.07,/guide/fanclub,0.143,0.147,0.364,
guide,en,/guide/crossborder,Cross-border e-commerce,891,741,4199,45,45,0,3,3,0.061,0.051,/guide/legal,0.094,0.097,0.311,
guide,zh,/guide/crossborder,跨境电商,1531,1271,1592,48,48,0,3,3,0.079,0.068,/guide/ecommerce,0.109,0.111,0.333,
guide,en,/guide/crossfit,CrossFit & functional fitness,947,793,4160,49,49,0,3,3,0.059,0.046,/guide/legal,0.091,0.095,0.224,
guide,zh,/guide/crossfit,CrossFit 综合体能,1532,1265,1683,49,49,0,3,3,0.065,0.057,/guide/web3,0.098,0.102,0.265,
guide,en,/guide/cruise,Cruise agencies,722,596,3361,42,42,0,3,3,0.07,0.054,/guide/flowerdelivery,0.119,0.119,0.333,
guide,zh,/guide/cruise,邮轮旅行社,1274,1049,1365,44,44,0,3,3,0.077,0.06,/guide/snacks,0.13,0.133,0.364,
guide,en,/guide/curling,Curling clubs,775,631,3561,40,40,0,3,3,0.081,0.066,/guide/handball,0.111,0.113,0.35,
guide,zh,/guide/curling,冰壶俱乐部,1338,1074,1377,44,44,0,3,3,0.083,0.077,/guide/handball,0.127,0.13,0.386,
guide,en,/guide/customtour,Bespoke travel,731,608,3525,43,43,0,3,3,0.065,0.053,/guide/realestate,0.114,0.115,0.326,
guide,zh,/guide/customtour,定制旅行,1282,1065,1375,44,44,0,3,3,0.077,0.062,/guide/taekwondo,0.133,0.135,0.364,
guide,en,/guide/cybercafe,Esports cafés,950,805,4071,53,53,0,3,3,0.058,0.046,/guide/legal,0.089,0.094,0.264,
guide,zh,/guide/cybercafe,电竞网咖,1596,1330,1628,49,49,0,3,3,0.076,0.069,/guide/vr,0.108,0.115,0.327,
guide,en,/guide/danceschool,Dance studios,915,802,4345,46,46,0,3,3,0.07,0.051,/guide/pottery,0.09,0.106,0.304,
guide,zh,/guide/danceschool,舞蹈工作室,1539,1337,1718,49,49,0,3,3,0.08,0.072,/guide/martialarts,0.105,0.119,0.347,
guide,en,/guide/datingapp,Dating apps,753,634,3300,42,42,0,3,3,0.069,0.054,/guide/souvenir,0.115,0.117,0.333,
guide,zh,/guide/datingapp,交友App,1250,1061,1306,44,44,0,3,3,0.091,0.068,/guide/luxuryresale,0.141,0.149,0.364,
guide,en,/guide/dayspa,Day spas,771,631,3359,48,48,0,3,3,0.066,0.052,/guide/flowerdelivery,0.109,0.109,0.292,
guide,zh,/guide/dayspa,水疗会所,1301,1042,1310,44,44,0,3,3,0.083,0.062,/guide/seafishing,0.136,0.144,0.364,
guide,en,/guide/deli,Deli & braised food,920,764,3976,43,43,0,3,3,0.077,0.063,/guide/fruitshop,0.095,0.102,0.256,
guide,zh,/guide/deli,卤味熟食,1451,1194,1420,44,44,0,3,3,0.111,0.097,/guide/fruitshop,0.132,0.142,0.364,
guide,en,/guide/dental,Dental clinics,930,782,4381,51,51,0,3,3,0.058,0.046,/guide/legal,0.089,0.093,0.275,
guide,zh,/guide/dental,口腔诊所,1536,1276,1600,48,48,0,3,3,0.071,0.058,/guide/orthodontics,0.107,0.113,0.333,
guide,en,/guide/deskcraft,Desk & stationery,905,767,4225,44,44,0,3,3,0.057,0.047,/guide/photography,0.092,0.096,0.25,
guide,zh,/guide/deskcraft,桌面文创,1532,1271,1549,46,46,0,3,3,0.071,0.057,/guide/giftcustom,0.113,0.114,0.348,
guide,en,/guide/dessert,Dessert & ice cream,917,758,4117,54,54,0,3,3,0.061,0.047,/guide/fruitshop,0.096,0.106,0.204,
guide,zh,/guide/dessert,甜品冰淇淋,1578,1329,1617,48,48,0,3,3,0.082,0.069,/guide/icecream,0.111,0.119,0.333,
guide,en,/guide/devtools,Dev tools,693,589,3147,48,48,0,3,3,0.066,0.054,/guide/legal,0.119,0.119,0.292,
guide,zh,/guide/devtools,开发者工具,1151,961,1327,51,51,0,3,3,0.084,0.073,/guide/opensource,0.131,0.135,0.333,
guide,en,/guide/distillery,Craft distilleries,870,722,3769,43,43,0,3,3,0.069,0.059,/guide/kombucha,0.098,0.104,0.326,
guide,zh,/guide/distillery,精酿蒸馏厂,1399,1122,1341,42,42,0,3,3,0.089,0.074,/guide/blacksmith,0.129,0.138,0.405,
guide,en,/guide/diving,Diving & scuba,949,807,4376,48,48,0,3,3,0.055,0.046,/guide/realestate,0.089,0.091,0.229,
guide,zh,/guide/diving,潜水俱乐部,1622,1361,1714,51,51,0,3,3,0.072,0.062,/guide/careercoach,0.106,0.118,0.333,
guide,en,/guide/documentary,Documentary studios,940,790,4294,57,57,0,3,3,0.06,0.047,/guide/meditation,0.091,0.108,0.246,
guide,zh,/guide/documentary,纪录片工作室,1582,1303,1622,50,50,0,3,3,0.074,0.064,/guide/fruitshop,0.112,0.124,0.34,
guide,en,/guide/dollarstore,Dollar stores,783,632,3411,43,43,0,3,3,0.064,0.053,/guide/realestate,0.111,0.111,0.326,
guide,zh,/guide/dollarstore,一元折扣店,1352,1084,1501,47,47,0,3,3,0.081,0.07,/guide/outlet,0.122,0.123,0.34,
guide,en,/guide/doughsculpture,Dough sculpture studios,1007,836,4441,53,53,0,3,3,0.122,0.109,/guide/pyrography,0.089,0.112,0.208,
guide,zh,/guide/doughsculpture,面塑工作室,1503,1210,1420,41,41,0,3,3,0.157,0.154,/guide/eggcarving,0.127,0.14,0.415,
guide,en,/guide/drivingschool,Driving schools,881,769,4401,42,42,0,3,3,0.064,0.054,/guide/swimschool,0.092,0.097,0.333,
guide,zh,/guide/drivingschool,驾校驾培,1488,1290,1593,46,46,0,3,3,0.077,0.065,/guide/mealprep,0.111,0.118,0.348,
guide,en,/guide/drone,Drone & aerial,879,766,4204,45,45,0,3,3,0.06,0.047,/guide/legal,0.093,0.099,0.244,
guide,zh,/guide/drone,无人机航拍,1496,1297,1677,47,47,0,3,3,0.068,0.056,/guide/podcast,0.104,0.106,0.34,
guide,en,/guide/ecommerce,E-commerce,770,623,3345,50,50,0,3,3,0.063,0.052,/guide/realestate,0.111,0.111,0.22,
guide,zh,/guide/ecommerce,电商品牌,1365,1104,1439,53,53,0,3,3,0.079,0.068,/guide/crossborder,0.12,0.122,0.321,
guide,en,/guide/edu,Education,758,644,3602,44,44,0,3,3,0.062,0.052,/guide/realestate,0.108,0.108,0.25,
guide,zh,/guide/edu,教育产品,1295,1095,1531,46,46,0,3,3,0.076,0.064,/guide/basketball,0.12,0.126,0.37,
guide,en,/guide/eggcarving,Egg carving studios,1009,840,4383,53,53,0,3,3,0.124,0.117,/guide/pyrography,0.087,0.102,0.208,
guide,zh,/guide/eggcarving,蛋雕工作室,1503,1212,1426,42,42,0,3,3,0.168,0.164,/guide/pyrography,0.125,0.137,0.405,
guide,en,/guide/eldercare,Senior care,893,743,3997,51,51,0,3,3,0.059,0.048,/guide/parenting,0.095,0.097,0.275,
guide,zh,/guide/eldercare,养老服务,1481,1207,1525,54,54,0,3,3,0.072,0.06,/guide/podcast,0.117,0.12,0.296,
guide,en,/guide/electrician,Electricians,795,650,3659,46,46,0,3,3,0.065,0.056,/guide/legal,0.106,0.111,0.239,
guide,zh,/guide/electrician,电工电气服务,1399,1132,1636,47,47,0,3,3,0.071,0.068,/guide/painting,0.109,0.111,0.34,
guide,en,/guide/embroidery,Embroidery studios,862,715,3953,45,45,0,3,3,0.07,0.064,/guide/incense,0.1,0.11,0.311,
guide,zh,/guide/embroidery,刺绣工作室,1353,1084,1309,43,43,0,3,3,0.105,0.098,/guide/sealcarving,0.137,0.149,0.395,
guide,en,/guide/energystorage,Energy storage,805,681,3829,45,45,0,3,3,0.064,0.052,/guide/watertreatment,0.105,0.107,0.311,
guide,zh,/guide/energystorage,储能系统,1406,1197,1536,48,48,0,3,3,0.074,0.061,/guide/watertreatment,0.116,0.117,0.333,
guide,en,/guide/equestrian,Equestrian clubs,849,703,4042,49,49,0,3,3,0.069,0.053,/guide/archery,0.1,0.105,0.286,
guide,zh,/guide/equestrian,马术俱乐部,1499,1233,1504,47,47,0,3,3,0.08,0.07,/guide/fruitshop,0.121,0.135,0.34,
guide,en,/guide/equipmentrental,Equipment rental,942,801,4432,52,52,0,3,3,0.058,0.046,/guide/legal,0.089,0.098,0.269,
guide,zh,/guide/equipmentrental,设备租赁,1625,1359,1718,53,53,0,3,3,0.074,0.057,/guide/apartment,0.11,0.123,0.302,
guide,en,/guide/errand,Errand & courier services,1000,848,4617,58,58,0,3,3,0.056,0.044,/guide/legal,0.083,0.09,0.19,
guide,zh,/guide/errand,同城跑腿,1653,1405,1722,47,47,0,3,3,0.073,0.064,/guide/carrental,0.104,0.113,0.34,
guide,en,/guide/escaperoom,Escape rooms,838,695,3775,53,53,0,3,3,0.06,0.05,/guide/podcast,0.1,0.1,0.264,
guide,zh,/guide/escaperoom,剧本杀密室,1451,1196,1501,51,50,0.02,3,3,0.076,0.06,/guide/giftcustom,0.12,0.121,0.32,
guide,en,/guide/esports,Esports teams,906,762,4017,45,45,0,3,3,0.057,0.047,/guide/realestate,0.092,0.092,0.311,
guide,zh,/guide/esports,电竞战队,1548,1286,1724,45,45,0,3,3,0.068,0.051,/guide/taekwondo,0.103,0.111,0.356,
guide,en,/guide/esportsnews,Esports & gaming news,842,694,3602,44,44,0,3,3,0.081,0.065,/guide/giveaway,0.105,0.105,0.25,
guide,zh,/guide/esportsnews,棋牌电竞资讯,1313,1041,1310,46,46,0,3,3,0.105,0.094,/guide/sportsodds,0.14,0.143,0.348,
guide,en,/guide/evcharging,EV charging,795,673,3703,46,46,0,3,3,0.067,0.053,/guide/babystore,0.105,0.106,0.304,
guide,zh,/guide/evcharging,充电桩运营,1340,1130,1413,46,46,0,3,3,0.079,0.064,/guide/babystore,0.127,0.129,0.348,
guide,en,/guide/events,Event planning,893,746,4002,48,48,0,3,3,0.057,0.048,/guide/podcast,0.093,0.093,0.292,
guide,zh,/guide/events,活动策划,1562,1302,1659,48,48,0,3,3,0.073,0.059,/guide/ticketing,0.104,0.109,0.333,
guide,en,/guide/falconry,Falconry experiences,845,700,3786,47,47,0,3,3,0.067,0.054,/guide/taxidermy,0.103,0.114,0.298,
guide,zh,/guide/falconry,猛禽体验基地,1381,1102,1329,45,45,0,3,3,0.088,0.069,/guide/meadery,0.135,0.148,0.378,
guide,en,/guide/fanclub,Fan clubs,782,640,3346,43,43,0,3,3,0.064,0.053,/guide/fencing,0.113,0.116,0.326,
guide,zh,/guide/fanclub,粉丝应援站,1239,972,1212,44,44,0,3,3,0.092,0.072,/guide/giveaway,0.15,0.156,0.364,
guide,en,/guide/fanmaking,Fan-making studios,1002,840,4456,53,53,0,3,3,0.103,0.089,/guide/brocade,0.085,0.108,0.264,
guide,zh,/guide/fanmaking,制扇工坊,1474,1188,1406,41,41,0,3,3,0.143,0.137,/guide/swordsmith,0.127,0.144,0.415,
guide,en,/guide/farm,Farms & fresh food,865,712,3841,47,47,0,3,3,0.062,0.048,/guide/realestate,0.098,0.098,0.234,
guide,zh,/guide/farm,农场生鲜,1484,1239,1513,42,42,0,3,3,0.071,0.058,/guide/podcast,0.115,0.117,0.381,
guide,en,/guide/fashion,Fashion labels,727,583,3162,44,44,0,3,3,0.068,0.055,/guide/legal,0.123,0.125,0.318,
guide,zh,/guide/fashion,服饰潮牌,1209,951,1234,45,45,0,3,3,0.072,0.057,/guide/organicfood,0.127,0.127,0.356,
guide,en,/guide/fashionbuyer,Fashion select shops,809,659,3414,43,43,0,3,3,0.065,0.055,/guide/homedecor,0.108,0.108,0.256,
guide,zh,/guide/fashionbuyer,快时尚买手店,1284,1028,1310,44,44,0,3,3,0.082,0.066,/guide/organicfood,0.139,0.141,0.364,
guide,en,/guide/fencing,Fencing clubs,763,624,3325,43,43,0,3,3,0.075,0.058,/guide/lacrosse,0.117,0.12,0.326,
guide,zh,/guide/fencing,击剑俱乐部,1281,1023,1334,46,46,0,3,3,0.094,0.087,/guide/tabletennis,0.138,0.147,0.37,
guide,en,/guide/fintech,Fintech,771,641,3604,51,51,0,3,3,0.062,0.052,/guide/realestate,0.108,0.108,0.216,
guide,zh,/guide/fintech,金融科技,1382,1126,1515,50,50,0,3,3,0.07,0.056,/guide/datingapp,0.115,0.115,0.32,
guide,en,/guide/fishing,Fishing & tackle,916,800,4463,45,45,0,3,3,0.062,0.05,/guide/villarental,0.089,0.096,0.244,
guide,zh,/guide/fishing,垂钓渔具,1523,1310,1638,48,48,0,3,3,0.074,0.06,/guide/seafishing,0.11,0.118,0.333,
guide,en,/guide/fitness,Fitness & health,735,600,3202,49,49,0,3,3,0.074,0.055,/guide/legal,0.12,0.129,0.224,
guide,zh,/guide/fitness,健身健康,1246,1004,1288,51,51,0,3,3,0.078,0.069,/guide/taekwondo,0.135,0.135,0.314,
guide,en,/guide/flashsale,Flash sale e-commerce,947,797,4380,57,57,0,3,3,0.056,0.046,/guide/realestate,0.089,0.093,0.193,
guide,zh,/guide/flashsale,限时特卖电商,1592,1334,1671,50,50,0,3,3,0.07,0.058,/guide/podcast,0.112,0.117,0.32,
guide,en,/guide/fleamarket,Markets & pop-ups,887,736,3876,39,39,0,3,3,0.059,0.048,/guide/legal,0.096,0.097,0.282,
guide,zh,/guide/fleamarket,线下市集,1555,1287,1539,43,43,0,3,3,0.069,0.055,/guide/organicfood,0.109,0.109,0.372,
guide,en,/guide/fletching,Fletching workshops,935,775,4160,47,47,0,3,3,0.074,0.063,/guide/saddlery,0.093,0.101,0.298,
guide,zh,/guide/fletching,制箭工坊,1447,1162,1386,43,43,0,3,3,0.1,0.089,/guide/lutherie,0.129,0.146,0.395,
guide,en,/guide/florist,Florists,840,691,3724,48,48,0,3,3,0.06,0.05,/guide/photography,0.099,0.099,0.229,
guide,zh,/guide/florist,花店花艺,1505,1249,1526,49,49,0,3,3,0.085,0.07,/guide/flowerdelivery,0.112,0.115,0.327,
guide,en,/guide/flowerdelivery,Flower delivery,765,616,3383,45,45,0,3,3,0.076,0.057,/guide/snacks,0.118,0.12,0.311,
guide,zh,/guide/flowerdelivery,鲜花电商,1290,1031,1372,44,44,0,3,3,0.085,0.07,/guide/florist,0.133,0.141,0.364,
guide,en,/guide/food,Food & dining,745,595,3098,49,49,0,3,3,0.069,0.054,/guide/legal,0.117,0.122,0.224,
guide,zh,/guide/food,餐饮美食,1242,998,1230,49,49,0,3,3,0.079,0.063,/guide/podcast,0.141,0.145,0.327,
guide,en,/guide/foodreview,Food reviews,842,701,3865,46,46,0,3,3,0.061,0.053,/guide/datingapp,0.104,0.105,0.304,
guide,zh,/guide/foodreview,探店测评,1470,1198,1472,48,48,0,3,3,0.077,0.058,/guide/datingapp,0.126,0.131,0.333,
guide,en,/guide/foodtruck,Food trucks & street food,980,833,4376,50,50,0,3,3,0.058,0.048,/guide/fitness,0.089,0.096,0.22,
guide,zh,/guide/foodtruck,餐车小吃,1551,1313,1647,49,49,0,3,3,0.069,0.059,/guide/podcast,0.108,0.113,0.327,
guide,en,/guide/football,Flag football,914,771,4075,44,44,0,3,3,0.065,0.052,/guide/hockey,0.093,0.093,0.318,
guide,zh,/guide/football,腰旗橄榄球,1483,1236,1550,48,48,0,3,3,0.082,0.068,/guide/hockey,0.116,0.116,0.333,
guide,en,/guide/footspa,Foot spas & wellness lounges,978,833,4667,56,56,0,3,3,0.057,0.045,/guide/legal,0.088,0.094,0.196,
guide,zh,/guide/footspa,足疗采耳,1616,1363,1641,48,48,0,3,3,0.074,0.062,/guide/petcafe,0.111,0.121,0.333,
guide,en,/guide/forwarder,Cross-border logistics,875,727,4149,44,44,0,3,3,0.059,0.051,/guide/food,0.096,0.096,0.318,
guide,zh,/guide/forwarder,跨境物流,1443,1187,1528,43,43,0,3,3,0.079,0.07,/guide/logistics,0.114,0.12,0.372,
guide,en,/guide/fragrance,Home fragrance & candles,949,803,4253,50,50,0,3,3,0.057,0.049,/guide/candle,0.092,0.096,0.22,
guide,zh,/guide/fragrance,香氛蜡烛,1595,1335,1621,49,49,0,3,3,0.082,0.077,/guide/candle,0.111,0.12,0.327,
guide,en,/guide/framing,Framing shops,787,633,3544,40,40,0,3,3,0.068,0.053,/guide/watchrepair,0.11,0.111,0.35,
guide,zh,/guide/framing,装裱画框店,1352,1084,1346,42,42,0,3,3,0.083,0.074,/guide/calligraphy,0.133,0.137,0.405,
guide,en,/guide/franchise,Franchise brands,818,679,3707,43,43,0,3,3,0.064,0.051,/guide/legal,0.104,0.107,0.326,
guide,zh,/guide/franchise,连锁加盟,1402,1132,1372,44,44,0,3,3,0.074,0.058,/guide/taekwondo,0.126,0.126,0.364,
guide,en,/guide/freelance,Freelancers,750,610,3184,42,42,0,3,3,0.064,0.053,/guide/legal,0.115,0.115,0.262,
guide,zh,/guide/freelance,自由职业,1248,985,1301,44,44,0,3,3,0.074,0.059,/guide/creator,0.123,0.125,0.364,
guide,en,/guide/fruitshop,Fruit shops,866,706,3719,44,44,0,3,3,0.077,0.063,/guide/deli,0.105,0.113,0.318,
guide,zh,/guide/fruitshop,水果店,1407,1153,1427,47,47,0,3,3,0.111,0.097,/guide/deli,0.13,0.146,0.34,
guide,en,/guide/funeral,Funeral & memorial services,906,749,4096,49,49,0,3,3,0.062,0.047,/guide/tailor,0.095,0.103,0.224,
guide,zh,/guide/funeral,殡葬服务,1465,1194,1493,44,44,0,3,3,0.078,0.064,/guide/seafood,0.12,0.134,0.364,
guide,en,/guide/furniture,Furniture,946,793,4336,45,45,0,3,3,0.058,0.045,/guide/legal,0.09,0.095,0.244,
guide,zh,/guide/furniture,家具品牌,1536,1269,1625,47,47,0,3,3,0.07,0.057,/guide/woodworking,0.107,0.108,0.362,
guide,en,/guide/futsal,Futsal venues,787,640,3468,43,43,0,3,3,0.064,0.054,/guide/realestate,0.107,0.11,0.326,
guide,zh,/guide/futsal,五人制足球场馆,1343,1077,1361,45,45,0,3,3,0.089,0.074,/guide/tabletopclub,0.137,0.144,0.378,
guide,en,/guide/game,Games,784,655,3362,50,50,0,3,3,0.063,0.051,/guide/photography,0.109,0.111,0.22,
guide,zh,/guide/game,游戏,1347,1094,1455,48,48,0,3,3,0.073,0.057,/guide/taekwondo,0.121,0.122,0.333,
guide,en,/guide/gardening,Gardening & plants,890,735,4153,45,45,0,3,3,0.061,0.048,/guide/legal,0.095,0.101,0.244,
guide,zh,/guide/gardening,园艺绿植,1471,1215,1543,43,43,0,3,3,0.074,0.06,/guide/flowerdelivery,0.113,0.117,0.372,
guide,en,/guide/gearrental,Gear & studio rentals,923,774,4087,44,44,0,3,3,0.063,0.051,/guide/villarental,0.094,0.095,0.25,
guide,zh,/guide/gearrental,影棚器材租赁,1552,1292,1608,46,46,0,3,3,0.068,0.054,/guide/podcast,0.106,0.11,0.348,
guide,en,/guide/giftcustom,Custom gifts,864,699,3764,44,44,0,3,3,0.062,0.05,/guide/legal,0.105,0.11,0.318,
guide,zh,/guide/giftcustom,礼品定制,1399,1119,1369,45,45,0,3,3,0.081,0.064,/guide/housekeeping,0.134,0.137,0.356,
guide,en,/guide/gilding,Gilding studios,940,783,4320,48,48,0,3,3,0.101,0.088,/guide/batik,0.092,0.117,0.292,
guide,zh,/guide/gilding,贴金工坊,1486,1199,1413,42,42,0,3,3,0.141,0.136,/guide/batik,0.128,0.145,0.405,
guide,en,/guide/giveaway,Giveaway platforms,773,639,3485,41,41,0,3,3,0.081,0.065,/guide/esportsnews,0.111,0.113,0.341,
guide,zh,/guide/giveaway,抽奖活动平台,1273,1022,1264,45,45,0,3,3,0.1,0.081,/guide/esportsnews,0.146,0.155,0.378,
guide,en,/guide/glassblowing,Glass studios,812,669,3661,48,48,0,3,3,0.069,0.064,/guide/embroidery,0.108,0.119,0.292,
guide,zh,/guide/glassblowing,玻璃工作室,1378,1110,1356,45,45,0,3,3,0.095,0.094,/guide/embroidery,0.133,0.144,0.378,
guide,en,/guide/gokart,Go-kart venues,829,688,3749,42,42,0,3,3,0.061,0.049,/guide/legal,0.101,0.103,0.333,
guide,zh,/guide/gokart,卡丁车馆,1440,1182,1511,46,46,0,3,3,0.073,0.064,/guide/kidsphoto,0.114,0.115,0.37,
guide,en,/guide/golf,Golf,889,746,4242,46,46,0,3,3,0.058,0.047,/guide/legal,0.094,0.099,0.239,
guide,zh,/guide/golf,高尔夫,1572,1304,1664,48,48,0,3,3,0.071,0.057,/guide/luxuryresale,0.108,0.118,0.333,
guide,en,/guide/grocery,Fresh groceries,953,800,4395,54,54,0,3,3,0.057,0.049,/guide/legal,0.088,0.096,0.259,
guide,zh,/guide/grocery,社区生鲜,1626,1367,1658,46,46,0,3,3,0.079,0.074,/guide/fruitshop,0.109,0.117,0.348,
guide,en,/guide/guqin,Guqin workshops,991,826,4369,54,54,0,3,3,0.094,0.086,/guide/swordsmith,0.088,0.101,0.259,
guide,zh,/guide/guqin,斫琴工坊,1444,1160,1373,42,42,0,3,3,0.137,0.131,/guide/swordsmith,0.131,0.147,0.405,
guide,en,/guide/gymnastics,Gymnastics academies,785,646,3586,42,42,0,3,3,0.079,0.067,/guide/wrestling,0.113,0.113,0.333,
guide,zh,/guide/gymnastics,体操培训,1344,1083,1397,46,46,0,3,3,0.102,0.087,/guide/wrestling,0.13,0.137,0.37,
guide,en,/guide/handball,Handball clubs,773,626,3407,41,41,0,3,3,0.081,0.066,/guide/curling,0.113,0.113,0.341,
guide,zh,/guide/handball,手球俱乐部,1301,1041,1359,45,45,0,3,3,0.083,0.082,/guide/curling,0.131,0.133,0.378,
guide,en,/guide/hanfu,Hanfu & guochao,987,832,4706,45,45,0,3,3,0.055,0.044,/guide/nonprofit,0.085,0.086,0.244,
guide,zh,/guide/hanfu,汉服国潮,1607,1340,1600,43,43,0,3,3,0.067,0.054,/guide/organicfood,0.107,0.11,0.372,
guide,en,/guide/hardware,Hardware & IoT,785,671,3701,43,43,0,3,3,0.062,0.05,/guide/photography,0.107,0.11,0.256,
guide,zh,/guide/hardware,智能硬件,1280,1074,1350,45,45,0,3,3,0.066,0.052,/guide/taekwondo,0.113,0.114,0.356,
guide,en,/guide/health,Health,693,563,3048,45,45,0,3,3,0.072,0.055,/guide/legal,0.125,0.128,0.244,
guide,zh,/guide/health,医疗健康,1210,964,1192,46,46,0,3,3,0.08,0.069,/guide/realestate,0.146,0.146,0.348,
guide,en,/guide/hearingaid,Hearing aid centers,830,681,3760,42,42,0,3,3,0.062,0.052,/guide/podcast,0.106,0.109,0.262,
guide,zh,/guide/hearingaid,助听器验配,1364,1098,1393,43,43,0,3,3,0.078,0.06,/guide/basketball,0.129,0.131,0.372,
guide,en,/guide/hockey,Hockey clubs,914,769,3967,44,44,0,3,3,0.065,0.052,/guide/soccer,0.095,0.095,0.318,
guide,zh,/guide/hockey,冰球俱乐部,1489,1235,1518,48,48,0,3,3,0.082,0.071,/guide/football,0.118,0.118,0.333,
guide,en,/guide/homedecor,Home decor,790,636,3325,43,43,0,3,3,0.065,0.052,/guide/realestate,0.112,0.114,0.326,
guide,zh,/guide/homedecor,家居饰品,1325,1066,1305,44,44,0,3,3,0.088,0.07,/guide/luxuryresale,0.14,0.145,0.364,
guide,en,/guide/homestaging,Home staging,840,690,3779,48,48,0,3,3,0.062,0.051,/guide/legal,0.102,0.107,0.292,
guide,zh,/guide/homestaging,房屋整备布置,1444,1180,1529,47,47,0,3,3,0.079,0.064,/guide/makeupartist,0.119,0.133,0.34,
guide,en,/guide/horology,Watchmaking ateliers,921,762,4268,49,49,0,3,3,0.072,0.06,/guide/gilding,0.093,0.107,0.286,
guide,zh,/guide/horology,独立制表工作室,1513,1230,1497,41,41,0,3,3,0.097,0.085,/guide/ikebana,0.119,0.134,0.415,
guide,en,/guide/horseranch,Horse ranches,762,636,3446,45,45,0,3,3,0.069,0.054,/guide/partyplanner,0.109,0.109,0.311,
guide,zh,/guide/horseranch,马场骑乘,1324,1104,1340,44,44,0,3,3,0.083,0.062,/guide/seafishing,0.134,0.138,0.364,
guide,en,/guide/hostel,Hostels,853,720,3925,44,44,0,3,3,0.062,0.05,/guide/legal,0.101,0.107,0.25,
guide,zh,/guide/hostel,青年旅舍,1472,1238,1534,47,47,0,3,3,0.077,0.066,/guide/deli,0.118,0.129,0.34,
guide,en,/guide/hotel,Hotels & lodging,951,817,4346,48,48,0,3,3,0.061,0.05,/guide/apartment,0.088,0.094,0.229,
guide,zh,/guide/hotel,酒店旅宿,1593,1357,1672,45,45,0,3,3,0.08,0.065,/guide/realtor,0.107,0.115,0.356,
guide,en,/guide/hotpot,Hotpot & BBQ,928,770,4255,51,51,0,3,3,0.058,0.046,/guide/legal,0.09,0.098,0.216,
guide,zh,/guide/hotpot,火锅烧烤,1577,1326,1586,44,44,0,3,3,0.074,0.064,/guide/bbq,0.112,0.121,0.364,
guide,en,/guide/hotspring,Hot spring resorts,920,784,4070,47,47,0,3,3,0.065,0.05,/guide/bowling,0.094,0.098,0.234,
guide,zh,/guide/hotspring,温泉度假,1430,1192,1448,43,43,0,3,3,0.088,0.073,/guide/bowling,0.128,0.14,0.372,
guide,en,/guide/housekeeping,Housekeeping services,869,713,4040,43,43,0,3,3,0.061,0.049,/guide/legal,0.1,0.104,0.326,
guide,zh,/guide/housekeeping,家政服务,1383,1116,1355,44,44,0,3,3,0.081,0.068,/guide/giftcustom,0.136,0.136,0.364,
guide,en,/guide/hvac,HVAC services,847,693,3829,46,46,0,3,3,0.065,0.05,/guide/evcharging,0.1,0.102,0.304,
guide,zh,/guide/hvac,暖通空调,1437,1172,1449,47,47,0,3,3,0.079,0.063,/guide/babystore,0.128,0.132,0.34,
guide,en,/guide/icecream,Ice cream brands,866,713,3697,43,43,0,3,3,0.074,0.059,/guide/fruitshop,0.102,0.11,0.256,
guide,zh,/guide/icecream,冰淇淋品牌,1431,1175,1435,45,45,0,3,3,0.1,0.088,/guide/fruitshop,0.13,0.139,0.356,
guide,en,/guide/ikebana,Ikebana schools,977,819,4448,53,53,0,3,3,0.068,0.059,/guide/horology,0.087,0.1,0.264,
guide,zh,/guide/ikebana,花道教室,1502,1218,1444,42,42,0,3,3,0.103,0.091,/guide/gilding,0.126,0.14,0.405,
guide,en,/guide/immigration,Immigration consulting,817,677,4028,44,44,0,3,3,0.064,0.05,/guide/legal,0.103,0.108,0.318,
guide,zh,/guide/immigration,移民咨询,1446,1180,1494,46,46,0,3,3,0.078,0.062,/guide/fruitshop,0.126,0.137,0.348,
guide,en,/guide/incense,Incense studios,854,697,3735,43,43,0,3,3,0.07,0.06,/guide/embroidery,0.103,0.116,0.326,
guide,zh,/guide/incense,香道工作室,1435,1157,1389,43,43,0,3,3,0.095,0.087,/guide/embroidery,0.131,0.139,0.395,
guide,en,/guide/indiegame,Indie games,892,777,4002,49,49,0,3,3,0.056,0.046,/guide/ecommerce,0.09,0.09,0.286,
guide,zh,/guide/indiegame,独立游戏,1482,1279,1753,48,48,0,3,3,0.068,0.055,/guide/giveaway,0.1,0.106,0.354,
guide,en,/guide/indiehacker,Indie hackers,846,730,3775,46,46,0,3,3,0.064,0.053,/guide/saas,0.099,0.099,0.304,
guide,zh,/guide/indiehacker,独立开发者,1430,1227,1572,44,44,0,3,3,0.074,0.062,/guide/devtools,0.114,0.12,0.364,
guide,en,/guide/indigodye,Indigo dye studios,914,764,3835,45,45,0,3,3,0.073,0.067,/guide/lapidary,0.095,0.112,0.244,
guide,zh,/guide/indigodye,蓝染工坊,1418,1142,1351,42,42,0,3,3,0.103,0.094,/guide/penmaking,0.132,0.148,0.405,
guide,en,/guide/inkstone,Inkstone studios,932,775,4162,46,46,0,3,3,0.078,0.073,/guide/marquetry,0.091,0.106,0.304,
guide,zh,/guide/inkstone,制砚工坊,1432,1150,1363,44,44,0,3,3,0.115,0.106,/guide/lapidary,0.132,0.148,0.386,
guide,en,/guide/insidepainting,Inside painting studios,1011,842,4538,54,54,0,3,3,0.12,0.104,/guide/eggcarving,0.087,0.101,0.204,
guide,zh,/guide/insidepainting,内画工作室,1518,1225,1424,42,42,0,3,3,0.151,0.151,/guide/pyrography,0.125,0.137,0.405,
guide,en,/guide/instrumentstore,Instrument stores,746,597,3344,41,41,0,3,3,0.065,0.053,/guide/legal,0.117,0.117,0.341,
guide,zh,/guide/instrumentstore,乐器行,1257,1000,1297,45,45,0,3,3,0.083,0.062,/guide/taekwondo,0.139,0.147,0.378,
guide,en,/guide/insurance,Insurance,857,720,3996,51,50,0.02,3,3,0.06,0.049,/guide/realestate,0.097,0.097,0.22,
guide,zh,/guide/insurance,保险经纪,1508,1246,1581,46,46,0,3,3,0.069,0.055,/guide/sportsodds,0.11,0.113,0.348,
guide,en,/guide/interior,Interior & renovation,906,760,4102,48,47,0.021,3,3,0.057,0.047,/guide/realestate,0.092,0.092,0.234,
guide,zh,/guide/interior,装修设计,1528,1266,1576,45,45,0,3,3,0.073,0.062,/guide/florist,0.109,0.114,0.356,
guide,en,/guide/ipagency,IP & patent services,901,760,4352,47,47,0,3,3,0.063,0.052,/guide/securityguard,0.094,0.098,0.234,
guide,zh,/guide/ipagency,知识产权代理,1536,1267,1591,45,45,0,3,3,0.081,0.068,/guide/securityguard,0.115,0.132,0.356,
guide,en,/guide/izakaya,Izakayas,758,608,3407,45,45,0,3,3,0.064,0.053,/guide/nonprofit,0.115,0.115,0.244,
guide,zh,/guide/izakaya,居酒屋,1293,1048,1273,40,40,0,3,3,0.083,0.063,/guide/taekwondo,0.144,0.152,0.4,
guide,en,/guide/jadecarving,Jade carving studios,1039,873,4533,53,53,0,3,3,0.113,0.104,/guide/swordsmith,0.085,0.107,0.208,
guide,zh,/guide/jadecarving,玉雕工作室,1476,1191,1409,41,41,0,3,3,0.152,0.137,/guide/swordsmith,0.127,0.142,0.415,
guide,en,/guide/jewelry,Jewelry,918,767,4121,46,46,0,3,3,0.061,0.048,/guide/legal,0.094,0.1,0.239,
guide,zh,/guide/jewelry,珠宝首饰,1535,1273,1639,47,47,0,3,3,0.067,0.054,/guide/podcast,0.106,0.108,0.34,
guide,en,/guide/jobboard,Job boards,774,624,3443,42,42,0,3,3,0.068,0.055,/guide/sneakers,0.112,0.117,0.333,
guide,zh,/guide/jobboard,招聘求职平台,1345,1079,1491,46,46,0,3,3,0.074,0.062,/guide/basketball,0.122,0.123,0.37,
guide,en,/guide/judo,Judo dojos,808,663,3581,42,42,0,3,3,0.077,0.066,/guide/squash,0.112,0.113,0.333,
guide,zh,/guide/judo,柔道馆,1330,1068,1334,46,46,0,3,3,0.105,0.088,/guide/squash,0.136,0.142,0.37,
guide,en,/guide/juicebar,Juice bars,773,609,3241,41,41,0,3,3,0.065,0.052,/guide/legal,0.117,0.117,0.341,
guide,zh,/guide/juicebar,果汁轻食吧,1262,1016,1298,45,45,0,3,3,0.087,0.07,/guide/soapmaking,0.14,0.147,0.378,
guide,en,/guide/karaoke,Karaoke lounges,964,810,4373,49,49,0,3,3,0.057,0.046,/guide/legal,0.088,0.094,0.286,
guide,zh,/guide/karaoke,量贩KTV,1570,1308,1607,48,48,0,3,3,0.074,0.06,/guide/bbq,0.11,0.119,0.333,
guide,en,/guide/kidsart,Kids' art schools,913,797,4305,43,43,0,3,3,0.061,0.05,/guide/swimschool,0.086,0.093,0.256,
guide,zh,/guide/kidsart,少儿美术,1504,1304,1582,45,45,0,3,3,0.074,0.066,/guide/swimschool,0.115,0.122,0.356,
guide,en,/guide/kidsphoto,Kids' photography,843,698,3868,43,43,0,3,3,0.061,0.05,/guide/meditation,0.099,0.107,0.326,
guide,zh,/guide/kidsphoto,儿童摄影,1423,1137,1380,46,46,0,3,3,0.081,0.069,/guide/babystore,0.132,0.139,0.348,
guide,en,/guide/kidsplayground,Kids' playgrounds,902,743,3951,47,47,0,3,3,0.057,0.05,/guide/realestate,0.096,0.097,0.298,
guide,zh,/guide/kidsplayground,亲子乐园,1423,1152,1407,48,48,0,3,3,0.078,0.061,/guide/taekwondo,0.126,0.134,0.333,
guide,en,/guide/kidswear,Kidswear brands,783,628,3410,43,43,0,3,3,0.073,0.056,/guide/flowerdelivery,0.115,0.117,0.326,
guide,zh,/guide/kidswear,童装品牌,1366,1101,1388,46,46,0,3,3,0.083,0.073,/guide/organicfood,0.129,0.135,0.348,
guide,en,/guide/kintsugi,Kintsugi studios,899,747,4000,47,47,0,3,3,0.084,0.071,/guide/taxidermy,0.098,0.122,0.298,
guide,zh,/guide/kintsugi,金缮修复工作室,1415,1132,1361,42,42,0,3,3,0.104,0.102,/guide/taxidermy,0.134,0.15,0.405,
guide,en,/guide/kite,Kite workshops,937,778,4104,41,41,0,3,3,0.069,0.057,/guide/puppet,0.091,0.1,0.341,
guide,zh,/guide/kite,风筝工坊,1446,1158,1373,43,43,0,3,3,0.107,0.089,/guide/puppet,0.127,0.134,0.395,
guide,en,/guide/knowledgepay,Paid knowledge & communities,887,774,4434,51,51,0,3,3,0.061,0.047,/guide/legal,0.092,0.101,0.216,
guide,zh,/guide/knowledgepay,知识付费,1514,1305,1631,50,50,0,3,3,0.071,0.057,/guide/taekwondo,0.111,0.115,0.32,
guide,en,/guide/kombucha,Kombucha brands,872,722,3701,40,40,0,3,3,0.072,0.059,/guide/minigolf,0.1,0.11,0.35,
guide,zh,/guide/kombucha,康普茶品牌,1368,1090,1334,42,42,0,3,3,0.088,0.073,/guide/climbinggym,0.132,0.139,0.405,
guide,en,/guide/lacquerware,Lacquerware studios,926,767,4286,50,50,0,3,3,0.097,0.085,/guide/gilding,0.092,0.118,0.28,
guide,zh,/guide/lacquerware,漆艺工坊,1474,1190,1418,41,41,0,3,3,0.135,0.13,/guide/gilding,0.126,0.144,0.415,
guide,en,/guide/lacrosse,Lacrosse clubs,785,640,3542,40,40,0,3,3,0.075,0.06,/guide/tabletennis,0.111,0.112,0.35,
guide,zh,/guide/lacrosse,长曲棍球,1381,1123,1470,44,44,0,3,3,0.091,0.081,/guide/tabletennis,0.122,0.128,0.364,
guide,en,/guide/landscaping,Landscaping,802,662,3554,48,48,0,3,3,0.068,0.051,/guide/medicalsupplies,0.106,0.111,0.229,
guide,zh,/guide/landscaping,园林景观,1333,1071,1540,48,48,0,3,3,0.074,0.058,/guide/boxing,0.115,0.117,0.333,
guide,en,/guide/language,Language learning,838,716,3945,42,42,0,3,3,0.066,0.051,/guide/villarental,0.1,0.1,0.333,
guide,zh,/guide/language,语言学习,1439,1233,1594,44,44,0,3,3,0.076,0.064,/guide/edu,0.109,0.113,0.364,
guide,en,/guide/lantern,Lantern workshops,868,716,3890,41,41,0,3,3,0.062,0.055,/guide/leathercraft,0.099,0.102,0.341,
guide,zh,/guide/lantern,灯笼工坊,1448,1164,1376,46,46,0,3,3,0.09,0.079,/guide/papercut,0.129,0.138,0.37,
guide,en,/guide/lapidary,Lapidary studios,915,758,3910,48,48,0,3,3,0.083,0.067,/guide/marquetry,0.096,0.122,0.292,
guide,zh,/guide/lapidary,宝石切磨工作室,1443,1155,1380,42,42,0,3,3,0.115,0.105,/guide/inkstone,0.132,0.148,0.405,
guide,en,/guide/lasertag,Laser tag arenas,862,711,3775,43,43,0,3,3,0.094,0.08,/guide/axethrowing,0.099,0.111,0.256,
guide,zh,/guide/lasertag,镭射对战馆,1365,1090,1355,45,45,0,3,3,0.119,0.104,/guide/axethrowing,0.132,0.145,0.378,
guide,en,/guide/laundry,Laundry & garment care,907,768,4182,43,43,0,3,3,0.063,0.048,/guide/postpartum,0.094,0.102,0.256,
guide,zh,/guide/laundry,洗衣洗护,1519,1261,1611,47,47,0,3,3,0.071,0.057,/guide/matchmaking,0.111,0.116,0.34,
guide,en,/guide/lawfirm,Law firms,775,643,3590,47,47,0,3,3,0.064,0.052,/guide/villarental,0.11,0.11,0.298,
guide,zh,/guide/lawfirm,律师事务所,1322,1067,1301,41,41,0,3,3,0.081,0.063,/guide/snacks,0.137,0.143,0.415,
guide,en,/guide/leathercraft,Leather studios,782,642,3554,42,42,0,3,3,0.063,0.052,/guide/nonprofit,0.111,0.113,0.333,
guide,zh,/guide/leathercraft,皮具工作室,1313,1043,1351,45,45,0,3,3,0.082,0.075,/guide/woodworking,0.131,0.141,0.378,
guide,en,/guide/legal,Legal,664,541,3118,44,44,0,3,3,0.074,0.056,/guide/fitness,0.128,0.138,0.25,
guide,zh,/guide/legal,法律服务,1228,980,1227,45,45,0,3,3,0.08,0.066,/guide/boxing,0.142,0.142,0.356,
guide,en,/guide/letterpress,Letterpress studios,896,741,3918,47,47,0,3,3,0.105,0.088,/guide/bookbinding,0.097,0.122,0.298,
guide,zh,/guide/letterpress,活版印刷工作室,1431,1153,1408,43,43,0,3,3,0.118,0.112,/guide/bookbinding,0.131,0.147,0.395,
guide,en,/guide/lightingbrand,Lighting brands,775,638,3558,45,45,0,3,3,0.071,0.053,/guide/motorcycleparts,0.111,0.119,0.311,
guide,zh,/guide/lightingbrand,灯具照明品牌,1304,1050,1459,45,45,0,3,3,0.075,0.061,/guide/watches,0.122,0.124,0.356,
guide,en,/guide/limoservice,Limo services,765,635,3508,46,46,0,3,3,0.066,0.051,/guide/flowerdelivery,0.109,0.11,0.304,
guide,zh,/guide/limoservice,豪车接送,1284,1063,1360,46,46,0,3,3,0.076,0.057,/guide/seafishing,0.129,0.129,0.348,
guide,en,/guide/livestream,Livestream commerce,897,749,4116,45,45,0,3,3,0.059,0.047,/guide/podcast,0.095,0.098,0.311,
guide,zh,/guide/livestream,直播电商,1573,1310,1527,45,45,0,3,3,0.078,0.065,/guide/podcast,0.112,0.117,0.356,
guide,en,/guide/locksmith,Locksmiths,923,773,4287,51,51,0,3,3,0.056,0.045,/guide/legal,0.088,0.092,0.216,
guide,zh,/guide/locksmith,开锁换锁,1609,1348,1665,51,51,0,3,3,0.078,0.067,/guide/carwash,0.108,0.117,0.314,
guide,en,/guide/logistics,Logistics & freight,869,730,4157,46,46,0,3,3,0.06,0.048,/guide/realestate,0.096,0.097,0.239,
guide,zh,/guide/logistics,物流货运,1439,1208,1621,48,48,0,3,3,0.079,0.07,/guide/forwarder,0.11,0.113,0.333,
guide,en,/guide/lutherie,Lutherie studios,931,774,3962,44,44,0,3,3,0.088,0.072,/guide/marquetry,0.095,0.121,0.318,
guide,zh,/guide/lutherie,制琴工作室,1435,1147,1373,42,42,0,3,3,0.108,0.105,/guide/marquetry,0.13,0.146,0.405,
guide,en,/guide/luxuryresale,Luxury resale,787,631,3471,42,42,0,3,3,0.071,0.055,/guide/souvenir,0.116,0.119,0.333,
guide,zh,/guide/luxuryresale,中古奢侈品,1301,1042,1341,44,44,0,3,3,0.098,0.076,/guide/organicfood,0.144,0.15,0.364,
guide,en,/guide/makeupartist,Makeup artists,890,738,3844,41,41,0,3,3,0.061,0.049,/guide/legal,0.097,0.103,0.341,
guide,zh,/guide/makeupartist,化妆造型工作室,1448,1179,1464,43,43,0,3,3,0.079,0.068,/guide/homestaging,0.124,0.136,0.372,
guide,en,/guide/marketing,Digital marketing,857,708,3795,46,46,0,3,3,0.062,0.049,/guide/cruise,0.1,0.1,0.304,
guide,zh,/guide/marketing,数字营销,1474,1204,1620,47,47,0,3,3,0.068,0.054,/guide/luxuryresale,0.107,0.11,0.34,
guide,en,/guide/marquetry,Marquetry studios,950,792,4205,48,48,0,3,3,0.088,0.073,/guide/lutherie,0.091,0.114,0.292,
guide,zh,/guide/marquetry,细木镶嵌工作室,1488,1202,1452,43,43,0,3,3,0.111,0.103,/guide/papermaking,0.124,0.139,0.395,
guide,en,/guide/martialarts,Martial arts gyms,928,795,4406,44,44,0,3,3,0.062,0.05,/guide/danceschool,0.091,0.095,0.25,
guide,zh,/guide/martialarts,武术格斗馆,1560,1303,1612,48,48,0,3,3,0.08,0.069,/guide/danceschool,0.112,0.121,0.354,
guide,en,/guide/massage,Massage & bodywork,925,793,4398,45,45,0,3,3,0.064,0.05,/guide/pottery,0.09,0.107,0.244,
guide,zh,/guide/massage,按摩推拿,1543,1285,1553,46,46,0,3,3,0.079,0.064,/guide/billiards,0.115,0.122,0.348,
guide,en,/guide/matchmaking,Matchmaking & dating,933,795,4394,49,49,0,3,3,0.06,0.047,/guide/laundry,0.092,0.098,0.224,
guide,zh,/guide/matchmaking,婚恋相亲,1560,1301,1637,49,49,0,3,3,0.072,0.058,/guide/datingapp,0.11,0.114,0.327,
guide,en,/guide/mcn,Short-video MCN,903,762,4141,43,43,0,3,3,0.057,0.047,/guide/legal,0.092,0.093,0.326,
guide,zh,/guide/mcn,短视频 MCN,1534,1270,1573,46,46,0,3,3,0.066,0.06,/guide/basketball,0.101,0.11,0.283,
guide,en,/guide/meadery,Meaderies,888,732,3710,45,45,0,3,3,0.068,0.056,/guide/taxidermy,0.098,0.107,0.244,
guide,zh,/guide/meadery,蜂蜜酒厂,1355,1076,1295,43,43,0,3,3,0.092,0.073,/guide/cheesemaking,0.138,0.151,0.395,
guide,en,/guide/mealprep,Meal prep & healthy eats,902,759,4189,46,46,0,3,3,0.062,0.05,/guide/legal,0.096,0.108,0.239,
guide,zh,/guide/mealprep,轻食健康餐,1479,1238,1606,47,47,0,3,3,0.077,0.062,/guide/drivingschool,0.114,0.128,0.362,
guide,en,/guide/medicalsupplies,Medical supplies,755,616,3508,44,44,0,3,3,0.068,0.054,/guide/landscaping,0.115,0.117,0.318,
guide,zh,/guide/medicalsupplies,医疗用品,1363,1092,1402,44,44,0,3,3,0.077,0.066,/guide/health,0.127,0.13,0.364,
guide,en,/guide/meditation,Meditation studios,739,596,3477,41,41,0,3,3,0.068,0.053,/guide/calligraphy,0.119,0.133,0.341,
guide,zh,/guide/meditation,冥想馆,1305,1041,1299,44,44,0,3,3,0.082,0.065,/guide/taekwondo,0.137,0.143,0.386,
guide,en,/guide/millinery,Millinery studios,889,740,3866,45,45,0,3,3,0.089,0.069,/guide/stainedglass,0.097,0.118,0.311,
guide,zh,/guide/millinery,制帽工作室,1380,1105,1397,44,44,0,3,3,0.109,0.103,/guide/neonsign,0.128,0.146,0.386,
guide,en,/guide/minigolf,Mini golf courses,887,737,3742,46,46,0,3,3,0.072,0.055,/guide/kombucha,0.098,0.107,0.239,
guide,zh,/guide/minigolf,迷你高尔夫球场,1399,1128,1382,43,43,0,3,3,0.098,0.083,/guide/climbinggym,0.126,0.136,0.395,
guide,en,/guide/modelkit,Model kit stores,815,659,3616,41,41,0,3,3,0.065,0.052,/guide/recordstore,0.106,0.106,0.268,
guide,zh,/guide/modelkit,模型手办店,1353,1082,1358,45,45,0,3,3,0.082,0.073,/guide/recordstore,0.133,0.14,0.378,
guide,en,/guide/mosaic,Mosaic studios,922,770,4051,42,42,0,3,3,0.092,0.078,/guide/stainedglass,0.095,0.115,0.333,
guide,zh,/guide/mosaic,马赛克工作室,1418,1144,1386,42,42,0,3,3,0.112,0.11,/guide/stainedglass,0.131,0.146,0.405,
guide,en,/guide/motorcycleparts,Motorcycle parts,767,626,3559,46,46,0,3,3,0.071,0.053,/guide/lightingbrand,0.112,0.117,0.304,
guide,zh,/guide/motorcycleparts,摩托车配件,1336,1076,1455,45,45,0,3,3,0.072,0.059,/guide/lightingbrand,0.12,0.121,0.356,
guide,en,/guide/moving,Moving services,877,751,3813,46,46,0,3,3,0.059,0.049,/guide/realestate,0.093,0.093,0.304,
guide,zh,/guide/moving,搬家服务,1483,1260,1554,47,47,0,3,3,0.068,0.063,/guide/beekeeping,0.111,0.114,0.34,
guide,en,/guide/muaythai,Muay Thai gyms,805,660,3512,43,43,0,3,3,0.07,0.055,/guide/boxing,0.111,0.111,0.256,
guide,zh,/guide/muaythai,泰拳馆,1322,1052,1335,45,45,0,3,3,0.082,0.068,/guide/rowing,0.13,0.134,0.378,
guide,en,/guide/mushroomfarm,Mushroom farms,886,735,3871,42,42,0,3,3,0.069,0.058,/guide/terrarium,0.097,0.106,0.333,
guide,zh,/guide/mushroomfarm,菌菇农场,1367,1093,1323,44,44,0,3,3,0.096,0.076,/guide/terrarium,0.136,0.149,0.386,
guide,en,/guide/music,Music & labels,762,623,3342,46,46,0,3,3,0.064,0.053,/guide/realestate,0.113,0.113,0.239,
guide,zh,/guide/music,音乐人,1314,1051,1449,46,46,0,3,3,0.066,0.051,/guide/podcast,0.11,0.112,0.348,
guide,en,/guide/musicschool,Music schools,909,785,4324,47,47,0,3,3,0.059,0.048,/guide/legal,0.093,0.099,0.298,
guide,zh,/guide/musicschool,音乐培训琴行,1530,1322,1642,49,49,0,3,3,0.077,0.067,/guide/chess,0.111,0.121,0.327,
guide,en,/guide/nailsalon,Nail & lash studios,935,792,4378,42,42,0,3,3,0.065,0.053,/guide/tattoo,0.089,0.096,0.262,
guide,zh,/guide/nailsalon,美甲美睫,1565,1305,1630,47,47,0,3,3,0.081,0.071,/guide/tattoo,0.106,0.113,0.34,
guide,en,/guide/neonsign,Neon sign studios,882,734,3813,43,43,0,3,3,0.083,0.064,/guide/millinery,0.1,0.121,0.256,
guide,zh,/guide/neonsign,霓虹灯工作室,1385,1111,1383,45,45,0,3,3,0.109,0.103,/guide/millinery,0.131,0.149,0.378,
guide,en,/guide/newsletter,Newsletters,690,555,3040,48,48,0,3,3,0.068,0.056,/guide/legal,0.126,0.126,0.229,
guide,zh,/guide/newsletter,Newsletter,1195,940,1332,47,47,0,3,3,0.086,0.068,/guide/podcast,0.14,0.143,0.362,
guide,en,/guide/newsmedia,Independent news media,923,778,4198,56,56,0,3,3,0.06,0.047,/guide/legal,0.095,0.1,0.196,
guide,zh,/guide/newsmedia,独立新闻媒体,1556,1283,1614,48,48,0,3,3,0.076,0.062,/guide/seafood,0.113,0.125,0.333,
guide,en,/guide/nocode,No-code tools,805,692,3657,46,46,0,3,3,0.06,0.05,/guide/realestate,0.101,0.101,0.304,
guide,zh,/guide/nocode,无代码工具,1381,1190,1590,46,46,0,3,3,0.072,0.058,/guide/fanclub,0.113,0.117,0.37,
guide,en,/guide/nonprofit,Nonprofit,721,588,3356,48,48,0,3,3,0.067,0.054,/guide/realestate,0.12,0.122,0.229,
guide,zh,/guide/nonprofit,公益组织,1294,1032,1379,48,48,0,3,3,0.068,0.053,/guide/organicfood,0.116,0.117,0.333,
guide,en,/guide/noodle,Noodle shops,963,809,4330,50,50,0,3,3,0.057,0.046,/guide/legal,0.088,0.095,0.28,
guide,zh,/guide/noodle,粉面小吃,1585,1342,1600,47,47,0,3,3,0.076,0.066,/guide/fruitshop,0.112,0.123,0.34,
guide,en,/guide/nutcarving,Nut carving studios,1024,855,4512,53,53,0,3,3,0.103,0.096,/guide/insidepainting,0.086,0.108,0.208,
guide,zh,/guide/nutcarving,核雕工作室,1493,1200,1403,44,44,0,3,3,0.138,0.136,/guide/insidepainting,0.127,0.141,0.386,
guide,en,/guide/nutrition,Nutrition coaching,833,692,3911,45,45,0,3,3,0.061,0.049,/guide/legal,0.101,0.106,0.311,
guide,zh,/guide/nutrition,营养师咨询,1442,1185,1480,49,49,0,3,3,0.076,0.06,/guide/taekwondo,0.125,0.13,0.327,
guide,en,/guide/officesupplies,Office supplies,741,598,3371,49,49,0,3,3,0.067,0.055,/guide/villarental,0.116,0.116,0.286,
guide,zh,/guide/officesupplies,办公用品,1322,1056,1422,44,44,0,3,3,0.078,0.067,/guide/buildingmaterials,0.128,0.13,0.364,
guide,en,/guide/oilpaperumbrella,Oil-paper umbrella workshops,1028,858,4485,53,53,0,3,3,0.077,0.069,/guide/strawpainting,0.086,0.097,0.208,
guide,zh,/guide/oilpaperumbrella,油纸伞工坊,1486,1195,1401,42,42,0,3,3,0.12,0.107,/guide/claysculpture,0.13,0.144,0.405,
guide,en,/guide/opensource,Open source,889,774,4228,45,45,0,3,3,0.061,0.048,/guide/music,0.092,0.092,0.311,
guide,zh,/guide/opensource,开源项目,1448,1245,1754,47,47,0,3,3,0.084,0.073,/guide/devtools,0.101,0.105,0.362,
guide,en,/guide/optician,Opticians & eyewear,893,752,4357,46,46,0,3,3,0.061,0.05,/guide/pottery,0.092,0.099,0.239,
guide,zh,/guide/optician,眼镜视光,1543,1286,1592,49,49,0,3,3,0.074,0.062,/guide/drivingschool,0.109,0.118,0.327,
guide,en,/guide/organicfood,Organic food,775,624,3388,44,44,0,3,3,0.068,0.055,/guide/luxuryresale,0.117,0.119,0.318,
guide,zh,/guide/organicfood,有机食品电商,1291,1036,1308,45,45,0,3,3,0.098,0.076,/guide/luxuryresale,0.148,0.152,0.356,
guide,en,/guide/orthodontics,Orthodontics,721,584,3468,44,44,0,3,3,0.066,0.054,/guide/flowerdelivery,0.116,0.116,0.25,
guide,zh,/guide/orthodontics,正畸齿科,1298,1047,1350,44,44,0,3,3,0.08,0.062,/guide/snacks,0.132,0.134,0.364,
guide,en,/guide/outdoor,Outdoor & camping,856,719,3836,47,47,0,3,3,0.061,0.049,/guide/photography,0.1,0.102,0.234,
guide,zh,/guide/outdoor,户外露营,1409,1178,1480,47,47,0,3,3,0.074,0.062,/guide/campgear,0.12,0.122,0.34,
guide,en,/guide/outlet,Outlet & discount stores,806,669,3640,47,47,0,3,3,0.062,0.05,/guide/legal,0.105,0.106,0.234,
guide,zh,/guide/outlet,折扣特卖店,1300,1046,1479,46,46,0,3,3,0.081,0.07,/guide/dollarstore,0.122,0.126,0.348,
guide,en,/guide/paintball,Paintball fields,871,718,3868,42,42,0,3,3,0.081,0.069,/guide/axethrowing,0.099,0.104,0.333,
guide,zh,/guide/paintball,彩弹射击场,1342,1066,1335,45,45,0,3,3,0.113,0.095,/guide/axethrowing,0.136,0.148,0.378,
guide,en,/guide/painting,Painting contractors,761,624,3380,42,42,0,3,3,0.065,0.056,/guide/medicalsupplies,0.115,0.115,0.333,
guide,zh,/guide/painting,油漆粉刷,1303,1040,1492,46,46,0,3,3,0.073,0.068,/guide/aquascaping,0.12,0.122,0.348,
guide,en,/guide/papercut,Papercut studios,864,712,3796,40,40,0,3,3,0.072,0.063,/guide/teaware,0.101,0.118,0.35,
guide,zh,/guide/papercut,剪纸工作室,1401,1124,1320,42,42,0,3,3,0.095,0.09,/guide/embroidery,0.134,0.145,0.405,
guide,en,/guide/papermaking,Papermaking studios,959,804,4212,50,50,0,3,3,0.081,0.07,/guide/cloisonne,0.089,0.113,0.28,
guide,zh,/guide/papermaking,手工造纸工坊,1460,1179,1410,42,42,0,3,3,0.111,0.106,/guide/marquetry,0.128,0.144,0.405,
guide,en,/guide/parcel,Parcel stations & pickup points,1001,857,4893,58,58,0,3,3,0.057,0.046,/guide/realtor,0.083,0.091,0.19,
guide,zh,/guide/parcel,快递驿站,1663,1411,1702,50,50,0,3,3,0.084,0.072,/guide/realtor,0.106,0.115,0.32,
guide,en,/guide/parenting,Parenting & baby,744,595,3328,47,47,0,3,3,0.073,0.059,/guide/beauty,0.118,0.12,0.234,
guide,zh,/guide/parenting,母婴亲子,1291,1037,1318,45,45,0,3,3,0.074,0.067,/guide/babystore,0.122,0.124,0.356,
guide,en,/guide/partyplanner,Party planners,757,606,3416,45,45,0,3,3,0.071,0.054,/guide/kidswear,0.117,0.119,0.311,
guide,zh,/guide/partyplanner,派对策划,1331,1069,1357,45,45,0,3,3,0.088,0.063,/guide/seafishing,0.132,0.14,0.356,
guide,en,/guide/penmaking,Penmaking studios,939,789,4007,48,48,0,3,3,0.079,0.065,/guide/lutherie,0.091,0.114,0.292,
guide,zh,/guide/penmaking,手工制笔工作室,1444,1170,1384,43,43,0,3,3,0.106,0.105,/guide/lutherie,0.133,0.151,0.395,
guide,en,/guide/permanentmakeup,Permanent makeup,772,626,3521,45,45,0,3,3,0.065,0.053,/guide/luxuryresale,0.111,0.115,0.311,
guide,zh,/guide/permanentmakeup,半永久纹绣,1307,1056,1317,45,45,0,3,3,0.084,0.065,/guide/taekwondo,0.137,0.146,0.356,
guide,en,/guide/pestcontrol,Pest control,934,792,4550,58,58,0,3,3,0.059,0.045,/guide/plumber,0.088,0.094,0.241,
guide,zh,/guide/pestcontrol,害虫防治,1547,1299,1712,51,51,0,3,3,0.077,0.068,/guide/plumber,0.106,0.114,0.314,
guide,en,/guide/petboarding,Pet boarding,933,787,4151,52,52,0,3,3,0.059,0.049,/guide/legal,0.091,0.098,0.269,
guide,zh,/guide/petboarding,宠物寄养,1575,1316,1619,51,51,0,3,3,0.08,0.068,/guide/carwash,0.111,0.122,0.314,
guide,en,/guide/petcafe,Pet cafés,978,829,4288,59,59,0,3,3,0.056,0.047,/guide/coffee,0.087,0.09,0.237,
guide,zh,/guide/petcafe,宠物咖啡,1588,1340,1650,51,51,0,3,3,0.074,0.062,/guide/footspa,0.109,0.122,0.314,
guide,en,/guide/petgrooming,Pet grooming,846,693,3738,46,46,0,3,3,0.061,0.052,/guide/legal,0.1,0.104,0.304,
guide,zh,/guide/petgrooming,宠物美容,1380,1116,1346,43,43,0,3,3,0.081,0.065,/guide/babystore,0.131,0.132,0.372,
guide,en,/guide/petmemorial,Pet memorial,915,778,4251,47,47,0,3,3,0.055,0.049,/guide/realestate,0.089,0.089,0.298,
guide,zh,/guide/petmemorial,宠物殡葬,1580,1309,1606,45,45,0,3,3,0.068,0.055,/guide/taekwondo,0.109,0.11,0.356,
guide,en,/guide/petphoto,Pet photography,880,739,4042,47,47,0,3,3,0.06,0.049,/guide/meditation,0.096,0.109,0.298,
guide,zh,/guide/petphoto,宠物摄影,1527,1259,1620,48,48,0,3,3,0.072,0.06,/guide/fanclub,0.112,0.122,0.333,
guide,en,/guide/pets,Pet brands,763,624,3299,44,44,0,3,3,0.065,0.052,/guide/legal,0.113,0.118,0.318,
guide,zh,/guide/pets,宠物品牌,1300,1053,1379,48,48,0,3,3,0.078,0.07,/guide/petsupplies,0.127,0.128,0.354,
guide,en,/guide/petsupplies,Pet supplies e-commerce,862,711,3941,43,43,0,3,3,0.062,0.05,/guide/legal,0.1,0.101,0.256,
guide,zh,/guide/petsupplies,宠物用品电商,1479,1223,1512,44,44,0,3,3,0.078,0.07,/guide/pets,0.118,0.121,0.386,
guide,en,/guide/pettraining,Pet training,863,722,4104,43,43,0,3,3,0.062,0.05,/guide/legal,0.1,0.104,0.326,
guide,zh,/guide/pettraining,宠物训练,1514,1258,1703,49,49,0,3,3,0.076,0.063,/guide/swimschool,0.105,0.109,0.327,
guide,en,/guide/pharmacy,Pharmacies,932,784,4661,51,51,0,3,3,0.058,0.047,/guide/legal,0.089,0.096,0.216,
guide,zh,/guide/pharmacy,连锁药店,1576,1317,1616,46,46,0,3,3,0.076,0.063,/guide/bubbletea,0.111,0.119,0.348,
guide,en,/guide/photography,Photography,702,565,3092,45,45,0,3,3,0.068,0.056,/guide/agency,0.125,0.131,0.244,
guide,zh,/guide/photography,摄影工作室,1196,942,1309,47,47,0,3,3,0.078,0.069,/guide/realestate,0.132,0.133,0.362,
guide,en,/guide/physio,Physiotherapy & rehab,834,695,4015,44,44,0,3,3,0.063,0.05,/guide/health,0.102,0.106,0.25,
guide,zh,/guide/physio,康复理疗,1447,1188,1466,47,47,0,3,3,0.077,0.06,/guide/dayspa,0.122,0.125,0.34,
guide,en,/guide/pickleball,Pickleball,869,726,3955,45,45,0,3,3,0.062,0.05,/guide/football,0.095,0.095,0.244,
guide,zh,/guide/pickleball,匹克球,1497,1238,1479,47,47,0,3,3,0.078,0.064,/guide/football,0.12,0.121,0.34,
guide,en,/guide/pilates,Pilates studios,859,716,4082,45,45,0,3,3,0.062,0.049,/guide/meditation,0.1,0.108,0.311,
guide,zh,/guide/pilates,普拉提馆,1514,1254,1592,47,47,0,3,3,0.071,0.06,/guide/hockey,0.113,0.115,0.34,
guide,en,/guide/pizza,Pizza shops,833,687,3918,43,43,0,3,3,0.06,0.048,/guide/legal,0.099,0.101,0.326,
guide,zh,/guide/pizza,披萨店,1438,1197,1561,46,46,0,3,3,0.076,0.062,/guide/food,0.113,0.117,0.37,
guide,en,/guide/plumber,Plumbing & repair,994,845,4661,57,57,0,3,3,0.065,0.054,/guide/towing,0.083,0.091,0.193,
guide,zh,/guide/plumber,管道疏通维修,1669,1423,1782,51,51,0,3,3,0.091,0.078,/guide/roofing,0.103,0.111,0.314,
guide,en,/guide/podcast,Podcasts,686,557,2849,43,43,0,3,3,0.068,0.057,/guide/villarental,0.127,0.127,0.256,
guide,zh,/guide/podcast,播客节目,1188,943,1161,47,47,0,3,3,0.086,0.068,/guide/newsletter,0.149,0.154,0.362,
guide,en,/guide/portrait,Portrait studios,861,717,4048,51,51,0,3,3,0.062,0.049,/guide/meditation,0.097,0.107,0.275,
guide,zh,/guide/portrait,个人写真,1465,1193,1454,47,47,0,3,3,0.075,0.061,/guide/taekwondo,0.125,0.127,0.34,
guide,en,/guide/postpartum,Postpartum care,912,779,4280,44,44,0,3,3,0.063,0.048,/guide/laundry,0.091,0.1,0.318,
guide,zh,/guide/postpartum,月子中心,1564,1293,1599,45,45,0,3,3,0.072,0.055,/guide/taekwondo,0.112,0.118,0.378,
guide,en,/guide/postproduction,Post-production & VFX,949,804,4325,48,48,0,3,3,0.057,0.045,/guide/legal,0.089,0.093,0.229,
guide,zh,/guide/postproduction,影视后期,1610,1328,1749,48,48,0,3,3,0.069,0.056,/guide/equestrian,0.104,0.116,0.333,
guide,en,/guide/pottery,Pottery & ceramics,919,784,4204,44,44,0,3,3,0.07,0.051,/guide/danceschool,0.09,0.106,0.25,
guide,zh,/guide/pottery,陶艺手作,1564,1300,1591,47,47,0,3,3,0.078,0.072,/guide/danceschool,0.107,0.116,0.34,
guide,en,/guide/preschool,Early childhood education,852,738,4076,46,46,0,3,3,0.061,0.049,/guide/ecommerce,0.096,0.097,0.239,
guide,zh,/guide/preschool,儿童早教,1414,1219,1493,46,46,0,3,3,0.073,0.061,/guide/podcast,0.117,0.122,0.348,
guide,en,/guide/printshop,Print shops,976,828,4424,53,53,0,3,3,0.056,0.045,/guide/legal,0.086,0.093,0.264,
guide,zh,/guide/printshop,图文快印,1599,1349,1670,49,49,0,3,3,0.074,0.063,/guide/plumber,0.106,0.113,0.327,
guide,en,/guide/productphoto,Product photography,807,664,3795,48,48,0,3,3,0.063,0.052,/guide/legal,0.106,0.111,0.292,
guide,zh,/guide/productphoto,电商产品摄影,1442,1173,1531,47,47,0,3,3,0.074,0.069,/guide/taekwondo,0.119,0.124,0.34,
guide,en,/guide/propertymgmt,Property management,931,787,4562,54,54,0,3,3,0.059,0.047,/guide/legal,0.093,0.101,0.259,
guide,zh,/guide/propertymgmt,物业管理,1621,1355,1668,50,50,0,3,3,0.07,0.061,/guide/appliancerepair,0.11,0.118,0.32,
guide,en,/guide/puppet,Puppetry studios,938,784,4113,46,46,0,3,3,0.069,0.057,/guide/kite,0.092,0.112,0.304,
guide,zh,/guide/puppet,木偶皮影工作室,1465,1186,1425,44,44,0,3,3,0.107,0.089,/guide/kite,0.126,0.137,0.386,
guide,en,/guide/pyrography,Pyrography studios,969,798,4241,54,54,0,3,3,0.124,0.117,/guide/eggcarving,0.09,0.113,0.259,
guide,zh,/guide/pyrography,烙画工作室,1452,1158,1365,42,42,0,3,3,0.168,0.164,/guide/eggcarving,0.133,0.146,0.405,
guide,en,/guide/quilting,Quilting studios,868,715,3903,40,40,0,3,3,0.085,0.066,/guide/weaving,0.098,0.119,0.35,
guide,zh,/guide/quilting,拼布工作室,1429,1148,1372,44,44,0,3,3,0.109,0.102,/guide/weaving,0.129,0.139,0.386,
guide,en,/guide/realestate,Real estate,665,540,2989,43,43,0,3,3,0.068,0.057,/guide/photography,0.127,0.129,0.326,
guide,zh,/guide/realestate,房产家居,1196,946,1207,46,46,0,3,3,0.08,0.065,/guide/health,0.144,0.144,0.348,
guide,en,/guide/realtor,Real estate agencies,913,771,4292,50,50,0,3,3,0.06,0.057,/guide/hotel,0.095,0.102,0.22,
guide,zh,/guide/realtor,房产中介,1628,1357,1677,48,48,0,3,3,0.084,0.072,/guide/parcel,0.112,0.123,0.333,
guide,en,/guide/recordingstudio,Recording studios,805,662,3533,42,42,0,3,3,0.066,0.052,/guide/meditation,0.107,0.118,0.333,
guide,zh,/guide/recordingstudio,录音棚,1311,1037,1409,44,44,0,3,3,0.078,0.061,/guide/fanclub,0.127,0.131,0.386,
guide,en,/guide/recordstore,Record stores,817,665,3556,42,42,0,3,3,0.065,0.052,/guide/modelkit,0.106,0.107,0.333,
guide,zh,/guide/recordstore,黑胶唱片店,1351,1085,1369,45,45,0,3,3,0.082,0.073,/guide/modelkit,0.13,0.137,0.378,
guide,en,/guide/recruiting,Recruiting & HR,869,718,4009,47,47,0,3,3,0.06,0.049,/guide/realestate,0.097,0.098,0.234,
guide,zh,/guide/recruiting,招聘人力,1461,1190,1554,48,48,0,3,3,0.081,0.07,/guide/resume,0.112,0.116,0.333,
guide,en,/guide/recycling,Recycling & recovery,860,705,3933,48,48,0,3,3,0.063,0.049,/guide/watertreatment,0.101,0.109,0.229,
guide,zh,/guide/recycling,再生资源回收,1492,1225,1501,50,50,0,3,3,0.073,0.059,/guide/organicfood,0.121,0.124,0.32,
guide,en,/guide/repair,Repair & handyman services,954,815,4413,48,48,0,3,3,0.058,0.047,/guide/villarental,0.09,0.095,0.229,
guide,zh,/guide/repair,维修服务,1545,1298,1676,51,51,0,3,3,0.076,0.072,/guide/plumber,0.11,0.115,0.314,
guide,en,/guide/resale,Resale & recommerce,883,732,4056,46,46,0,3,3,0.06,0.049,/guide/realestate,0.097,0.098,0.239,
guide,zh,/guide/resale,二手循环,1483,1216,1571,48,48,0,3,3,0.083,0.078,/guide/thriftstore,0.113,0.117,0.333,
guide,en,/guide/restaurantsupply,Restaurant supply,776,635,3622,48,48,0,3,3,0.064,0.052,/guide/landscaping,0.109,0.109,0.292,
guide,zh,/guide/restaurantsupply,餐饮设备供应,1325,1065,1521,45,45,0,3,3,0.075,0.063,/guide/officesupplies,0.12,0.122,0.356,
guide,en,/guide/resume,Resume & job search,868,729,3798,47,47,0,3,3,0.06,0.049,/guide/realestate,0.098,0.098,0.234,
guide,zh,/guide/resume,简历求职,1483,1217,1623,46,46,0,3,3,0.081,0.07,/guide/recruiting,0.108,0.112,0.348,
guide,en,/guide/retrofit,Energy retrofits,841,694,4083,43,43,0,3,3,0.059,0.051,/guide/realestate,0.1,0.104,0.326,
guide,zh,/guide/retrofit,节能改造,1506,1231,1567,46,46,0,3,3,0.073,0.064,/guide/hvac,0.117,0.119,0.348,
guide,en,/guide/robotics,Robotics companies,804,688,3865,46,46,0,3,3,0.066,0.052,/guide/villarental,0.102,0.102,0.304,
guide,zh,/guide/robotics,机器人公司,1429,1236,1634,46,46,0,3,3,0.073,0.056,/guide/basketball,0.11,0.115,0.37,
guide,en,/guide/roofing,Roofing,978,834,4695,59,58,0.017,3,3,0.062,0.05,/guide/plumber,0.085,0.091,0.19,
guide,zh,/guide/roofing,屋顶施工,1627,1371,1754,50,50,0,3,3,0.091,0.078,/guide/plumber,0.102,0.111,0.32,
guide,en,/guide/rowing,Rowing clubs,786,643,3528,42,42,0,3,3,0.073,0.055,/guide/curling,0.11,0.113,0.333,
guide,zh,/guide/rowing,赛艇俱乐部,1338,1076,1377,46,46,0,3,3,0.082,0.077,/guide/curling,0.125,0.127,0.37,
guide,en,/guide/rugby,Rugby clubs,785,637,3162,40,40,0,3,3,0.068,0.054,/guide/cricket,0.111,0.113,0.35,
guide,zh,/guide/rugby,橄榄球俱乐部,1261,1006,1259,44,44,0,3,3,0.091,0.079,/guide/cricket,0.144,0.148,0.386,
guide,en,/guide/runclub,Run clubs,876,734,3919,46,46,0,3,3,0.067,0.051,/guide/tennis,0.097,0.099,0.304,
guide,zh,/guide/runclub,跑步俱乐部,1468,1211,1504,47,47,0,3,3,0.078,0.068,/guide/tennis,0.119,0.127,0.362,
guide,en,/guide/rvtravel,RV travel,904,781,4216,45,45,0,3,3,0.058,0.046,/guide/legal,0.089,0.095,0.311,
guide,zh,/guide/rvtravel,房车旅行,1470,1247,1630,48,48,0,3,3,0.07,0.058,/guide/taekwondo,0.112,0.115,0.333,
guide,en,/guide/saas,SaaS tools,768,660,3445,52,52,0,3,3,0.065,0.055,/guide/travel,0.11,0.112,0.269,
guide,zh,/guide/saas,SaaS 工具,1241,1044,1513,54,54,0,3,3,0.071,0.062,/guide/indiehacker,0.107,0.113,0.241,
guide,en,/guide/saddlery,Saddlery workshops,949,791,4229,49,49,0,3,3,0.074,0.063,/guide/fletching,0.091,0.104,0.286,
guide,zh,/guide/saddlery,马具工坊,1525,1239,1458,41,41,0,3,3,0.104,0.095,/guide/batik,0.124,0.139,0.415,
guide,en,/guide/sauna,Sauna studios,822,687,3740,47,47,0,3,3,0.063,0.05,/guide/photography,0.101,0.104,0.298,
guide,zh,/guide/sauna,汗蒸桑拿馆,1423,1171,1496,47,47,0,3,3,0.071,0.058,/guide/realestate,0.116,0.121,0.362,
guide,en,/guide/seafishing,Sea fishing charters,766,637,3387,48,48,0,3,3,0.072,0.055,/guide/villarental,0.113,0.113,0.229,
guide,zh,/guide/seafishing,海钓包船,1294,1078,1305,42,42,0,3,3,0.088,0.065,/guide/partyplanner,0.142,0.148,0.381,
guide,en,/guide/seafood,Seafood restaurants,874,718,3861,48,48,0,3,3,0.069,0.052,/guide/sushi,0.101,0.107,0.292,
guide,zh,/guide/seafood,海鲜餐厅,1407,1155,1443,46,46,0,3,3,0.086,0.08,/guide/deli,0.128,0.142,0.348,
guide,en,/guide/sealcarving,Seal carving studios,907,752,3950,41,41,0,3,3,0.077,0.06,/guide/quilting,0.097,0.112,0.268,
guide,zh,/guide/sealcarving,篆刻工作室,1402,1121,1320,42,42,0,3,3,0.105,0.098,/guide/embroidery,0.134,0.145,0.405,
guide,en,/guide/security,Cybersecurity,698,585,3431,48,48,0,3,3,0.065,0.054,/guide/realestate,0.116,0.116,0.229,
guide,zh,/guide/security,网络安全,1226,1017,1450,46,46,0,3,3,0.065,0.052,/guide/basketball,0.108,0.112,0.348,
guide,en,/guide/securityguard,Security services,897,754,4368,43,43,0,3,3,0.063,0.052,/guide/ipagency,0.097,0.101,0.326,
guide,zh,/guide/securityguard,安保服务,1490,1219,1539,44,44,0,3,3,0.081,0.068,/guide/ipagency,0.117,0.129,0.364,
guide,en,/guide/selfstorage,Self-storage,982,832,4658,59,59,0,3,3,0.057,0.044,/guide/legal,0.083,0.091,0.186,
guide,zh,/guide/selfstorage,自助仓储,1632,1375,1760,50,50,0,3,3,0.069,0.058,/guide/towing,0.104,0.113,0.32,
guide,en,/guide/shadowpuppet,Shadow puppet studios,1009,844,4432,54,54,0,3,3,0.092,0.079,/guide/bambooweaving,0.089,0.112,0.204,
guide,zh,/guide/shadowpuppet,皮影工作室,1480,1195,1409,42,42,0,3,3,0.12,0.109,/guide/brocade,0.13,0.146,0.405,
guide,en,/guide/shortvideo,Short-video production,968,816,4273,53,53,0,3,3,0.059,0.047,/guide/meditation,0.087,0.1,0.264,
guide,zh,/guide/shortvideo,短视频制作,1596,1312,1599,47,47,0,3,3,0.072,0.06,/guide/aquascaping,0.112,0.122,0.34,
guide,en,/guide/signage,Signage & signs,1022,870,4741,63,63,0,3,3,0.055,0.044,/guide/legal,0.082,0.088,0.175,
guide,zh,/guide/signage,广告标识,1638,1375,1791,51,51,0,3,3,0.069,0.058,/guide/towing,0.099,0.105,0.314,
guide,en,/guide/silversmith,Silversmith studios,880,728,3927,46,46,0,3,3,0.086,0.07,/guide/blacksmith,0.093,0.113,0.304,
guide,zh,/guide/silversmith,银匠工作室,1402,1120,1320,42,42,0,3,3,0.108,0.098,/guide/blacksmith,0.131,0.149,0.405,
guide,en,/guide/singlesevents,Singles events,772,619,3399,43,43,0,3,3,0.069,0.052,/guide/luxuryresale,0.113,0.117,0.326,
guide,zh,/guide/singlesevents,单身社交活动,1340,1087,1352,45,45,0,3,3,0.086,0.068,/guide/giveaway,0.139,0.145,0.356,
guide,en,/guide/skateshop,Skate shops,943,805,4277,51,51,0,3,3,0.058,0.045,/guide/legal,0.089,0.096,0.275,
guide,zh,/guide/skateshop,滑板店,1573,1317,1766,50,50,0,3,3,0.07,0.06,/guide/fruitshop,0.105,0.118,0.32,
guide,en,/guide/skating,Skating clubs,771,628,3492,42,42,0,3,3,0.068,0.054,/guide/volleyball,0.113,0.116,0.333,
guide,zh,/guide/skating,轮滑滑冰,1305,1041,1285,46,46,0,3,3,0.085,0.068,/guide/gymnastics,0.134,0.137,0.348,
guide,en,/guide/ski,Ski & snow,862,723,3861,43,43,0,3,3,0.064,0.05,/guide/villarental,0.1,0.106,0.256,
guide,zh,/guide/ski,滑雪户外,1519,1259,1539,47,47,0,3,3,0.071,0.06,/guide/fanclub,0.111,0.114,0.34,
guide,en,/guide/skincare,Skincare brands,834,682,3876,46,46,0,3,3,0.062,0.05,/guide/pets,0.101,0.108,0.304,
guide,zh,/guide/skincare,护肤品牌,1445,1177,1442,45,45,0,3,3,0.075,0.064,/guide/podcast,0.124,0.137,0.378,
guide,en,/guide/snacks,Snack brands,772,623,3331,43,43,0,3,3,0.076,0.057,/guide/flowerdelivery,0.112,0.116,0.326,
guide,zh,/guide/snacks,零食品牌,1291,1048,1247,44,44,0,3,3,0.083,0.068,/guide/dayspa,0.14,0.143,0.364,
guide,en,/guide/sneakers,Sneaker shops,781,641,3494,46,46,0,3,3,0.068,0.055,/guide/jobboard,0.11,0.115,0.304,
guide,zh,/guide/sneakers,球鞋潮鞋店,1296,1041,1506,45,45,0,3,3,0.078,0.065,/guide/watches,0.121,0.124,0.356,
guide,en,/guide/soapmaking,Soap brands,798,638,3472,42,42,0,3,3,0.063,0.056,/guide/candle,0.108,0.109,0.333,
guide,zh,/guide/soapmaking,手工皂,1353,1080,1314,45,45,0,3,3,0.087,0.072,/guide/juicebar,0.137,0.143,0.356,
guide,en,/guide/soccer,Soccer academies,898,751,4041,44,44,0,3,3,0.065,0.052,/guide/hockey,0.097,0.097,0.318,
guide,zh,/guide/soccer,足球青训,1480,1221,1533,49,49,0,3,3,0.081,0.067,/guide/football,0.119,0.121,0.327,
guide,en,/guide/solar,Solar & clean energy,901,790,4511,46,46,0,3,3,0.056,0.046,/guide/realestate,0.089,0.091,0.239,
guide,zh,/guide/solar,光伏新能源,1580,1379,1727,45,45,0,3,3,0.065,0.053,/guide/taekwondo,0.102,0.103,0.356,
guide,en,/guide/sourcing,Product sourcing,878,730,4081,42,42,0,3,3,0.068,0.054,/guide/villarental,0.096,0.097,0.333,
guide,zh,/guide/sourcing,电商选品,1512,1250,1636,45,45,0,3,3,0.069,0.056,/guide/cricket,0.105,0.11,0.356,
guide,en,/guide/souvenir,Souvenir brands,809,654,3444,44,44,0,3,3,0.071,0.055,/guide/luxuryresale,0.113,0.117,0.318,
guide,zh,/guide/souvenir,伴手礼品牌,1363,1096,1304,44,44,0,3,3,0.089,0.073,/guide/organicfood,0.142,0.145,0.364,
guide,en,/guide/sportsodds,Sports odds & analysis,807,662,3507,41,41,0,3,3,0.068,0.058,/guide/esportsnews,0.11,0.11,0.268,
guide,zh,/guide/sportsodds,体育竞猜资讯,1315,1042,1292,45,45,0,3,3,0.105,0.094,/guide/esportsnews,0.147,0.153,0.356,
guide,en,/guide/squash,Squash clubs,781,635,3444,41,41,0,3,3,0.091,0.072,/guide/tabletennis,0.113,0.113,0.341,
guide,zh,/guide/squash,壁球馆,1285,1032,1309,46,46,0,3,3,0.105,0.088,/guide/judo,0.137,0.146,0.37,
guide,en,/guide/stainedglass,Stained glass studios,935,787,3954,45,45,0,3,3,0.092,0.078,/guide/mosaic,0.094,0.112,0.244,
guide,zh,/guide/stainedglass,彩绘玻璃工作室,1402,1128,1353,43,43,0,3,3,0.112,0.11,/guide/mosaic,0.132,0.147,0.395,
guide,en,/guide/stargazing,Stargazing clubs,852,695,3777,44,44,0,3,3,0.089,0.072,/guide/birding,0.101,0.108,0.318,
guide,zh,/guide/stargazing,观星俱乐部,1417,1133,1419,45,45,0,3,3,0.11,0.106,/guide/birding,0.127,0.14,0.378,
guide,en,/guide/stationery,Stationery & paper goods,931,776,4309,51,51,0,3,3,0.059,0.047,/guide/legal,0.093,0.103,0.216,
guide,zh,/guide/stationery,文创文具,1599,1339,1609,47,47,0,3,3,0.07,0.058,/guide/deskcraft,0.109,0.12,0.34,
guide,en,/guide/strawpainting,Straw painting studios,987,820,4333,53,53,0,3,3,0.11,0.101,/guide/eggcarving,0.09,0.114,0.208,
guide,zh,/guide/strawpainting,麦秆画工作室,1506,1218,1420,42,42,0,3,3,0.145,0.143,/guide/eggcarving,0.127,0.14,0.405,
guide,en,/guide/studyabroad,Study abroad,840,720,3973,41,41,0,3,3,0.059,0.048,/guide/realestate,0.096,0.098,0.341,
guide,zh,/guide/studyabroad,留学教育,1417,1209,1548,42,42,0,3,3,0.072,0.058,/guide/basketball,0.112,0.114,0.381,
guide,en,/guide/studytour,Study camps & tours,895,774,4367,54,54,0,3,3,0.058,0.046,/guide/legal,0.091,0.099,0.204,
guide,zh,/guide/studytour,研学营地,1562,1351,1701,52,52,0,3,3,0.078,0.06,/guide/basketball,0.109,0.122,0.308,
guide,en,/guide/succulent,Succulent shops,893,739,4008,41,41,0,3,3,0.077,0.063,/guide/teaware,0.094,0.103,0.341,
guide,zh,/guide/succulent,多肉植物店,1419,1139,1388,44,44,0,3,3,0.098,0.077,/guide/teaware,0.127,0.136,0.386,
guide,en,/guide/sugarpainting,Sugar painting studios,1008,839,4317,53,53,0,3,3,0.073,0.057,/guide/bambooweaving,0.088,0.108,0.208,
guide,zh,/guide/sugarpainting,糖画工作室,1471,1178,1382,41,41,0,3,3,0.106,0.103,/guide/pyrography,0.129,0.139,0.415,
guide,en,/guide/surf,Surf clubs,899,757,4079,49,49,0,3,3,0.059,0.047,/guide/legal,0.093,0.098,0.286,
guide,zh,/guide/surf,冲浪俱乐部,1564,1300,1699,50,50,0,3,3,0.07,0.064,/guide/hotspring,0.106,0.114,0.32,
guide,en,/guide/sushi,Sushi & Japanese dining,898,745,4103,46,46,0,3,3,0.069,0.052,/guide/seafood,0.1,0.108,0.239,
guide,zh,/guide/sushi,日料餐厅,1440,1191,1448,45,45,0,3,3,0.085,0.08,/guide/deli,0.122,0.132,0.356,
guide,en,/guide/swimschool,Swim schools,899,785,4385,44,44,0,3,3,0.064,0.054,/guide/drivingschool,0.093,0.098,0.318,
guide,zh,/guide/swimschool,游泳培训,1512,1311,1711,49,49,0,3,3,0.076,0.065,/guide/pettraining,0.107,0.111,0.327,
guide,en,/guide/swordsmith,Swordsmith forges,979,816,4383,53,53,0,3,3,0.113,0.104,/guide/jadecarving,0.089,0.103,0.264,
guide,zh,/guide/swordsmith,刀剑锻造工坊,1504,1221,1434,41,41,0,3,3,0.152,0.137,/guide/jadecarving,0.125,0.141,0.415,
guide,en,/guide/tabletennis,Table tennis clubs,791,649,3428,42,42,0,3,3,0.091,0.072,/guide/squash,0.112,0.112,0.262,
guide,zh,/guide/tabletennis,乒乓球俱乐部,1302,1043,1289,46,46,0,3,3,0.099,0.087,/guide/baseball,0.138,0.145,0.37,
guide,en,/guide/tabletopclub,Tabletop clubs,809,660,3337,45,45,0,3,3,0.064,0.054,/guide/homedecor,0.107,0.107,0.311,
guide,zh,/guide/tabletopclub,桌游俱乐部,1287,1030,1296,44,44,0,3,3,0.089,0.079,/guide/futsal,0.143,0.148,0.364,
guide,en,/guide/taekwondo,Taekwondo schools,734,596,3396,45,45,0,3,3,0.067,0.057,/guide/boxing,0.12,0.121,0.311,
guide,zh,/guide/taekwondo,跆拳道馆,1210,952,1208,45,45,0,3,3,0.095,0.088,/guide/judo,0.152,0.161,0.378,
guide,en,/guide/tailor,Custom tailoring,875,722,3968,46,46,0,3,3,0.062,0.049,/guide/funeral,0.098,0.105,0.304,
guide,zh,/guide/tailor,服装定制,1490,1222,1544,45,45,0,3,3,0.077,0.064,/guide/icecream,0.117,0.126,0.356,
guide,en,/guide/taproom,Taprooms,778,629,3333,42,42,0,3,3,0.067,0.052,/guide/partyplanner,0.111,0.111,0.262,
guide,zh,/guide/taproom,精酿酒馆,1323,1080,1345,42,42,0,3,3,0.085,0.063,/guide/seafishing,0.132,0.138,0.381,
guide,en,/guide/tattoo,Tattoo studios,970,826,4494,43,43,0,3,3,0.065,0.053,/guide/nailsalon,0.087,0.101,0.326,
guide,zh,/guide/tattoo,纹身工作室,1625,1368,1769,48,48,0,3,3,0.081,0.072,/guide/nailsalon,0.1,0.112,0.354,
guide,en,/guide/taxidermy,Taxidermy studios,885,734,3854,43,43,0,3,3,0.084,0.072,/guide/lutherie,0.102,0.127,0.326,
guide,zh,/guide/taxidermy,标本工作室,1411,1133,1357,43,43,0,3,3,0.107,0.105,/guide/lutherie,0.133,0.149,0.395,
guide,en,/guide/tcm,TCM & wellness,898,763,4332,46,46,0,3,3,0.058,0.047,/guide/physio,0.092,0.096,0.239,
guide,zh,/guide/tcm,中医养生,1536,1272,1520,45,45,0,3,3,0.073,0.058,/guide/organicfood,0.117,0.119,0.356,
guide,en,/guide/tea,Tea brands,942,784,4228,48,48,0,3,3,0.067,0.054,/guide/fruitshop,0.094,0.102,0.292,
guide,zh,/guide/tea,茶叶品牌,1521,1264,1502,45,45,0,3,3,0.082,0.075,/guide/icecream,0.118,0.131,0.378,
guide,en,/guide/teahouse,Tea houses & tea brands,983,835,4396,55,55,0,3,3,0.055,0.049,/guide/photography,0.089,0.093,0.2,
guide,zh,/guide/teahouse,茶馆茶室,1578,1335,1626,46,46,0,3,3,0.07,0.059,/guide/footspa,0.11,0.12,0.348,
guide,en,/guide/teaware,Teaware studios,936,782,4026,45,45,0,3,3,0.077,0.063,/guide/succulent,0.092,0.11,0.311,
guide,zh,/guide/teaware,茶器工作室,1441,1160,1369,41,41,0,3,3,0.098,0.092,/guide/succulent,0.131,0.144,0.415,
guide,en,/guide/tennis,Tennis clubs,867,719,3846,43,43,0,3,3,0.067,0.051,/guide/runclub,0.102,0.102,0.326,
guide,zh,/guide/tennis,网球俱乐部,1486,1230,1535,47,47,0,3,3,0.079,0.071,/guide/basketball,0.118,0.125,0.362,
guide,en,/guide/terrarium,Terrarium studios,871,719,3804,43,43,0,3,3,0.087,0.069,/guide/bookbinding,0.099,0.125,0.326,
guide,zh,/guide/terrarium,生态瓶工作室,1379,1103,1335,42,42,0,3,3,0.107,0.102,/guide/bookbinding,0.136,0.153,0.405,
guide,en,/guide/therapy,Therapy & mental health,828,686,3879,49,49,0,3,3,0.061,0.05,/guide/realestate,0.102,0.103,0.224,
guide,zh,/guide/therapy,心理咨询,1480,1211,1513,51,51,0,3,3,0.073,0.059,/guide/taekwondo,0.116,0.12,0.314,
guide,en,/guide/thriftstore,Thrift stores,741,594,3292,41,41,0,3,3,0.069,0.055,/guide/legal,0.119,0.125,0.341,
guide,zh,/guide/thriftstore,二手循环店,1328,1060,1392,43,43,0,3,3,0.083,0.078,/guide/resale,0.129,0.13,0.372,
guide,en,/guide/ticketing,Ticketing platforms,743,606,3453,43,43,0,3,3,0.069,0.054,/guide/cruise,0.115,0.115,0.326,
guide,zh,/guide/ticketing,票务平台,1303,1040,1382,46,46,0,3,3,0.079,0.065,/guide/taekwondo,0.131,0.136,0.348,
guide,en,/guide/towing,Towing & roadside,990,860,4766,57,57,0,3,3,0.065,0.054,/guide/plumber,0.081,0.089,0.193,
guide,zh,/guide/towing,道路救援,1617,1393,1708,49,49,0,3,3,0.085,0.073,/guide/plumber,0.104,0.114,0.327,
guide,en,/guide/toys,Toy brands,887,739,3931,44,44,0,3,3,0.061,0.047,/guide/legal,0.095,0.101,0.318,
guide,zh,/guide/toys,玩具品牌,1504,1240,1596,48,48,0,3,3,0.069,0.057,/guide/taekwondo,0.108,0.109,0.354,
guide,en,/guide/trading,Import & export trading,981,829,4635,55,55,0,3,3,0.055,0.045,/guide/photography,0.085,0.088,0.2,
guide,zh,/guide/trading,外贸公司,1594,1325,1694,50,50,0,3,3,0.069,0.055,/guide/fruitshop,0.107,0.117,0.32,
guide,en,/guide/trampoline,Trampoline parks,878,732,3904,47,47,0,3,3,0.092,0.081,/guide/bowling,0.099,0.099,0.298,
guide,zh,/guide/trampoline,蹦床公园,1451,1180,1473,45,45,0,3,3,0.116,0.1,/guide/bowling,0.123,0.138,0.356,
guide,en,/guide/translation,Translation & localization,918,801,4657,46,46,0,3,3,0.058,0.046,/guide/podcast,0.091,0.094,0.239,
guide,zh,/guide/translation,翻译本地化,1527,1326,1727,48,48,0,3,3,0.069,0.058,/guide/language,0.1,0.105,0.333,
guide,en,/guide/travel,Travel,727,606,3176,49,49,0,3,3,0.069,0.055,/guide/fitness,0.115,0.118,0.224,
guide,zh,/guide/travel,旅行,1226,1004,1325,49,49,0,3,3,0.082,0.068,/guide/bnb,0.13,0.133,0.327,
guide,en,/guide/travelagency,Travel agencies,929,803,4605,53,53,0,3,3,0.057,0.048,/guide/plumber,0.088,0.095,0.264,
guide,zh,/guide/travelagency,旅行社,1606,1382,1701,48,48,0,3,3,0.073,0.06,/guide/weddingphoto,0.105,0.118,0.333,
guide,en,/guide/travelshoot,Travel photography,840,700,3967,45,45,0,3,3,0.065,0.052,/guide/villarental,0.096,0.099,0.311,
guide,zh,/guide/travelshoot,旅拍摄影,1484,1212,1533,43,43,0,3,3,0.071,0.061,/guide/podcast,0.113,0.119,0.372,
guide,en,/guide/tufting,Tufting studios,924,773,3764,46,46,0,3,3,0.07,0.055,/guide/neonsign,0.095,0.115,0.304,
guide,zh,/guide/tufting,簇绒工作室,1374,1095,1324,43,43,0,3,3,0.089,0.086,/guide/neonsign,0.134,0.151,0.395,
guide,en,/guide/tutoring,Tutoring & test prep,913,800,4526,53,53,0,3,3,0.059,0.046,/guide/deli,0.09,0.099,0.208,
guide,zh,/guide/tutoring,课外辅导,1581,1388,1688,47,47,0,3,3,0.07,0.059,/guide/taekwondo,0.11,0.119,0.34,
guide,en,/guide/upcycling,Upcycling & rework,945,798,4276,55,55,0,3,3,0.058,0.047,/guide/thriftstore,0.087,0.094,0.2,
guide,zh,/guide/upcycling,旧物改造,1623,1361,1721,51,51,0,3,3,0.07,0.06,/guide/thriftstore,0.107,0.116,0.314,
guide,en,/guide/usedcar,Used cars,841,692,3811,47,47,0,3,3,0.059,0.049,/guide/realestate,0.1,0.1,0.298,
guide,zh,/guide/usedcar,二手车,1466,1203,1495,48,48,0,3,3,0.074,0.058,/guide/giveaway,0.117,0.121,0.333,
guide,en,/guide/velvetflower,Velvet flower studios,975,809,4378,51,51,0,3,3,0.088,0.071,/guide/pyrography,0.091,0.113,0.216,
guide,zh,/guide/velvetflower,绒花工坊,1471,1180,1379,41,41,0,3,3,0.114,0.104,/guide/claysculpture,0.131,0.139,0.415,
guide,en,/guide/vending,Vending & unattended retail,969,828,4613,45,45,0,3,3,0.057,0.045,/guide/legal,0.087,0.094,0.244,
guide,zh,/guide/vending,无人零售,1585,1326,1635,48,48,0,3,3,0.072,0.056,/guide/homedecor,0.112,0.114,0.333,
guide,en,/guide/vet,Vet clinics,921,766,4151,50,49,0.02,3,3,0.057,0.047,/guide/legal,0.093,0.093,0.286,
guide,zh,/guide/vet,宠物医院,1592,1330,1670,47,47,0,3,3,0.069,0.055,/guide/taekwondo,0.106,0.114,0.34,
guide,en,/guide/villarental,Villa rentals,720,589,3261,41,41,0,3,3,0.072,0.057,/guide/seafishing,0.119,0.119,0.341,
guide,zh,/guide/villarental,民宿别墅短租,1232,1011,1357,43,43,0,3,3,0.077,0.064,/guide/podcast,0.131,0.134,0.372,
guide,en,/guide/volleyball,Volleyball clubs,790,644,3450,42,42,0,3,3,0.08,0.064,/guide/wrestling,0.112,0.114,0.333,
guide,zh,/guide/volleyball,排球俱乐部,1298,1036,1265,46,46,0,3,3,0.1,0.086,/guide/squash,0.139,0.149,0.37,
guide,en,/guide/vr,VR arcades,933,792,4013,48,48,0,3,3,0.059,0.047,/guide/legal,0.092,0.097,0.292,
guide,zh,/guide/vr,VR 体验馆,1516,1253,1633,49,49,0,3,3,0.076,0.069,/guide/cybercafe,0.101,0.108,0.265,
guide,en,/guide/watches,Watch brands & dealers,797,658,3844,48,48,0,3,3,0.066,0.051,/guide/lightingbrand,0.107,0.116,0.229,
guide,zh,/guide/watches,腕表钟表店,1304,1047,1466,45,45,0,3,3,0.082,0.066,/guide/auction,0.121,0.123,0.356,
guide,en,/guide/watchrepair,Watch repair shops,812,657,3704,42,42,0,3,3,0.068,0.053,/guide/framing,0.108,0.111,0.262,
guide,zh,/guide/watchrepair,钟表维修,1421,1152,1409,44,44,0,3,3,0.08,0.065,/guide/woodworking,0.124,0.126,0.364,
guide,en,/guide/watertreatment,Water treatment,840,692,3948,47,47,0,3,3,0.064,0.052,/guide/energystorage,0.105,0.112,0.298,
guide,zh,/guide/watertreatment,水处理环保,1466,1194,1519,47,47,0,3,3,0.074,0.061,/guide/energystorage,0.121,0.125,0.34,
guide,en,/guide/weaving,Weaving studios,916,760,4097,42,42,0,3,3,0.085,0.066,/guide/quilting,0.093,0.11,0.333,
guide,zh,/guide/weaving,织造工作室,1434,1146,1372,42,42,0,3,3,0.109,0.102,/guide/quilting,0.129,0.141,0.405,
guide,en,/guide/web3,Web3 & crypto,711,605,3417,45,45,0,3,3,0.065,0.053,/guide/legal,0.117,0.117,0.244,
guide,zh,/guide/web3,Web3 加密,1208,1012,1455,49,49,0,3,3,0.067,0.058,/guide/fanclub,0.112,0.115,0.265,
guide,en,/guide/wedding,Wedding planners,862,711,3666,45,45,0,3,3,0.06,0.049,/guide/newsletter,0.099,0.099,0.311,
guide,zh,/guide/wedding,婚庆策划,1422,1152,1485,45,45,0,3,3,0.072,0.06,/guide/podcast,0.117,0.117,0.356,
guide,en,/guide/weddingphoto,Wedding photography,964,831,4599,53,53,0,3,3,0.055,0.046,/guide/productphoto,0.085,0.09,0.264,
guide,zh,/guide/weddingphoto,婚纱摄影,1621,1362,1699,50,50,0,3,3,0.073,0.059,/guide/travelagency,0.108,0.116,0.32,
guide,en,/guide/wholesale,B2B wholesale platforms,961,807,4408,57,57,0,3,3,0.056,0.046,/guide/realestate,0.092,0.095,0.193,
guide,zh,/guide/wholesale,B2B 批发平台,1565,1300,1699,50,50,0,3,3,0.067,0.057,/guide/saas,0.102,0.111,0.26,
guide,en,/guide/wig,Wig brands,869,714,3777,50,50,0,3,3,0.07,0.062,/guide/autoparts,0.096,0.099,0.28,
guide,zh,/guide/wig,假发品牌,1412,1145,1492,45,45,0,3,3,0.088,0.08,/guide/autoparts,0.119,0.125,0.356,
guide,en,/guide/winery,Boutique wineries,915,760,3994,47,47,0,3,3,0.06,0.048,/guide/legal,0.096,0.102,0.298,
guide,zh,/guide/winery,精品酒庄,1485,1235,1513,45,45,0,3,3,0.082,0.065,/guide/fruitshop,0.124,0.137,0.356,
guide,en,/guide/woodblockprint,Woodblock print studios,999,830,4397,53,53,0,3,3,0.095,0.089,/guide/strawpainting,0.088,0.101,0.208,
guide,zh,/guide/woodblockprint,木版年画工作室,1491,1207,1415,40,40,0,3,3,0.126,0.125,/guide/doughsculpture,0.128,0.141,0.425,
guide,en,/guide/woodworking,Woodworking studios,835,686,3733,43,43,0,3,3,0.064,0.052,/guide/meditation,0.102,0.116,0.326,
guide,zh,/guide/woodworking,木工工作室,1420,1140,1369,44,44,0,3,3,0.094,0.088,/guide/glassblowing,0.13,0.14,0.386,
guide,en,/guide/wrestling,Wrestling clubs,805,657,3633,42,42,0,3,3,0.08,0.067,/guide/volleyball,0.11,0.112,0.333,
guide,zh,/guide/wrestling,摔跤馆,1361,1087,1391,45,45,0,3,3,0.102,0.087,/guide/gymnastics,0.124,0.126,0.378,
guide,en,/guide/yachtcharter,Yacht charters,805,675,3689,49,49,0,3,3,0.064,0.051,/guide/legal,0.106,0.11,0.286,
guide,zh,/guide/yachtcharter,游艇租赁俱乐部,1359,1137,1427,45,45,0,3,3,0.078,0.07,/guide/seafood,0.126,0.138,0.356,
guide,en,/guide/yoga,Yoga & Pilates,872,729,3915,50,50,0,3,3,0.062,0.051,/guide/barber,0.097,0.103,0.22,
guide,zh,/guide/yoga,瑜伽普拉提,1517,1258,1636,50,50,0,3,3,0.069,0.058,/guide/fitness,0.106,0.111,0.32,
guide,en,/guide/zine,Indie magazines & zines,924,787,4402,51,51,0,3,3,0.058,0.046,/guide/legal,0.088,0.094,0.216,
guide,zh,/guide/zine,独立杂志,1625,1354,1698,50,50,0,3,3,0.072,0.059,/guide/fruitshop,0.109,0.121,0.34,
vs,en,/vs/abogado-vs-lawyer,.abogado vs .lawyer,831,683,4004,50,50,0,3,3,0.167,0.162,/vs/lawyer-vs-legal,0.178,0.195,0.37,0.16
vs,zh,/vs/abogado-vs-lawyer,.abogado vs .lawyer,1287,1095,1683,49,49,0,3,3,0.201,0.201,/vs/lawyer-vs-legal,0.212,0.244,0.378,0.15
vs,en,/vs/academy-vs-coach,.academy vs .coach,674,505,2833,46,46,0,3,3,0.283,0.254,/vs/fitness-vs-coach,0.238,0.249,0.429,0.152
vs,zh,/vs/academy-vs-coach,.academy vs .coach,1041,819,1224,46,46,0,3,3,0.361,0.332,/vs/fitness-vs-coach,0.275,0.28,0.429,0.111
vs,en,/vs/academy-vs-school,.academy vs .school,642,476,2726,44,44,0,3,3,0.234,0.224,/vs/academy-vs-coach,0.262,0.276,0.45,0.136
vs,zh,/vs/academy-vs-school,.academy vs .school,996,779,1200,45,45,0,3,3,0.251,0.236,/vs/academy-vs-coach,0.293,0.317,0.439,0.114
vs,en,/vs/accountants-vs-tax,.accountants vs .tax,742,595,3324,48,48,0,3,3,0.205,0.182,/vs/tax-vs-finance,0.22,0.244,0.409,0.146
vs,zh,/vs/accountants-vs-tax,.accountants vs .tax,1171,978,1589,49,49,0,3,3,0.232,0.21,/vs/tax-vs-finance,0.23,0.268,0.4,0.108
vs,en,/vs/actor-vs-studio,.actor vs .studio,779,632,3346,50,50,0,3,3,0.179,0.174,/vs/salon-vs-studio,0.199,0.22,0.391,0.14
vs,zh,/vs/actor-vs-studio,.actor vs .studio,1211,1014,1508,50,50,0,3,3,0.233,0.22,/vs/salon-vs-studio,0.224,0.26,0.391,0.132
vs,en,/vs/agency-vs-co,.agency vs .co,637,471,2466,45,45,0,3,3,0.21,0.199,/vs/studio-vs-co,0.215,0.218,0.293,0.111
vs,zh,/vs/agency-vs-co,.agency vs .co,1017,797,1117,46,46,0,3,3,0.266,0.243,/vs/studio-vs-co,0.271,0.274,0.429,0.105
vs,en,/vs/ai-vs-app,.ai vs .app,587,423,2075,43,43,0,3,3,0.23,0.216,/vs/ai-vs-tech,0.259,0.262,0.41,0.116
vs,zh,/vs/ai-vs-app,.ai vs .app,869,654,873,42,42,0,3,3,0.266,0.248,/vs/ai-vs-tech,0.315,0.325,0.421,0.138
vs,en,/vs/ai-vs-dev,.ai vs .dev,724,561,2833,47,47,0,3,3,0.194,0.182,/vs/ai-vs-app,0.191,0.191,0.372,0.106
vs,zh,/vs/ai-vs-dev,.ai vs .dev,1135,919,1346,49,49,0,3,3,0.235,0.215,/vs/com-vs-ai,0.206,0.227,0.356,0.105
vs,en,/vs/ai-vs-tech,.ai vs .tech,601,437,2211,42,42,0,3,3,0.23,0.223,/vs/ai-vs-app,0.246,0.246,0.421,0.119
vs,zh,/vs/ai-vs-tech,.ai vs .tech,894,678,907,42,42,0,3,3,0.266,0.251,/vs/ai-vs-app,0.308,0.311,0.421,0.129
vs,en,/vs/amsterdam-vs-berlin,.amsterdam vs .berlin,776,629,3542,46,46,0,3,3,0.223,0.221,/vs/berlin-vs-city,0.197,0.211,0.405,0.152
vs,zh,/vs/amsterdam-vs-berlin,.amsterdam vs .berlin,1272,1077,1631,46,46,0,3,3,0.285,0.261,/vs/berlin-vs-city,0.22,0.235,0.405,0.154
vs,en,/vs/apartments-vs-house,.apartments vs .house,665,501,2895,45,45,0,3,3,0.23,0.221,/vs/apartments-vs-rentals,0.247,0.272,0.439,0.156
vs,zh,/vs/apartments-vs-house,.apartments vs .house,1020,808,1311,45,45,0,3,3,0.311,0.294,/vs/apartments-vs-rentals,0.283,0.308,0.439,0.139
vs,en,/vs/apartments-vs-rentals,.apartments vs .rentals,665,523,2913,44,44,0,3,3,0.23,0.221,/vs/apartments-vs-house,0.237,0.259,0.45,0.182
vs,zh,/vs/apartments-vs-rentals,.apartments vs .rentals,1019,825,1306,44,44,0,3,3,0.311,0.294,/vs/apartments-vs-house,0.278,0.304,0.45,0.125
vs,en,/vs/app-vs-dev,.app vs .dev,720,556,2809,46,46,0,3,3,0.195,0.187,/vs/com-vs-app,0.222,0.222,0.429,0.109
vs,zh,/vs/app-vs-dev,.app vs .dev,1136,921,1374,47,47,0,3,3,0.239,0.22,/vs/com-vs-app,0.216,0.225,0.419,0.108
vs,en,/vs/app-vs-io,.app vs .io,670,507,2590,44,44,0,3,3,0.226,0.236,/vs/io-vs-tech,0.24,0.24,0.45,0.114
vs,zh,/vs/app-vs-io,.app vs .io,1022,806,1143,46,46,0,3,3,0.286,0.257,/vs/io-vs-tech,0.254,0.257,0.429,0.118
vs,en,/vs/app-vs-site,.app vs .site,673,507,2658,44,44,0,3,3,0.204,0.205,/vs/chat-vs-app,0.247,0.249,0.45,0.114
vs,zh,/vs/app-vs-site,.app vs .site,1043,823,1121,45,45,0,3,3,0.245,0.233,/vs/chat-vs-app,0.27,0.275,0.439,0.147
vs,en,/vs/ar-vs-cl,.ar vs .cl,756,603,3278,51,51,0,3,3,0.234,0.28,/vs/cl-vs-mx,0.14,0.146,0.213,0.176
vs,zh,/vs/ar-vs-cl,.ar vs .cl,1157,956,1314,47,47,0,3,3,0.374,0.336,/vs/cl-vs-mx,0.222,0.248,0.395,0.182
vs,en,/vs/art-vs-design,.art vs .design,737,588,3071,48,48,0,3,3,0.163,0.162,/vs/ink-vs-art,0.215,0.219,0.409,0.104
vs,zh,/vs/art-vs-design,.art vs .design,1122,920,1316,49,49,0,3,3,0.197,0.19,/vs/studio-vs-design,0.232,0.24,0.4,0.098
vs,en,/vs/art-vs-studio,.art vs .studio,624,475,2530,44,44,0,3,3,0.239,0.225,/vs/works-vs-studio,0.261,0.269,0.45,0.114
vs,zh,/vs/art-vs-studio,.art vs .studio,971,770,1053,44,44,0,3,3,0.281,0.264,/vs/works-vs-studio,0.293,0.304,0.45,0.167
vs,en,/vs/asia-vs-global,.asia vs .global,813,658,3655,49,49,0,3,3,0.239,0.222,/vs/sg-vs-asia,0.196,0.221,0.4,0.163
vs,zh,/vs/asia-vs-global,.asia vs .global,1281,1078,1551,50,50,0,3,3,0.267,0.254,/vs/sg-vs-asia,0.224,0.274,0.391,0.175
vs,en,/vs/associates-vs-partners,.associates vs .partners,761,616,3542,47,47,0,3,3,0.182,0.17,/vs/partners-vs-group,0.197,0.208,0.395,0.085
vs,zh,/vs/associates-vs-partners,.associates vs .partners,1163,974,1715,47,47,0,3,3,0.234,0.218,/vs/partners-vs-group,0.226,0.262,0.395,0.105
vs,en,/vs/at-vs-de,.at vs .de,700,542,2871,48,48,0,3,3,0.204,0.278,/vs/ch-vs-de,0.142,0.148,0.25,0.188
vs,zh,/vs/at-vs-de,.at vs .de,1081,877,1230,49,49,0,3,3,0.387,0.334,/vs/ch-vs-de,0.227,0.272,0.378,0.222
vs,en,/vs/attorney-vs-lawyer,.attorney vs .lawyer,727,577,3233,46,45,0.022,3,3,0.171,0.172,/vs/lawyer-vs-legal,0.211,0.217,0.429,0.111
vs,zh,/vs/attorney-vs-lawyer,.attorney vs .lawyer,1170,973,1487,47,46,0.021,3,3,0.207,0.201,/vs/lawyer-vs-legal,0.23,0.256,0.419,0.083
vs,en,/vs/au-vs-com,.au vs .com,685,520,2829,48,48,0,3,3,0.248,0.262,/vs/uk-vs-com,0.224,0.226,0.364,0.188
vs,zh,/vs/au-vs-com,.au vs .com,1094,880,1166,48,48,0,3,3,0.366,0.327,/vs/uk-vs-com,0.251,0.271,0.409,0.206
vs,en,/vs/auction-vs-market,.auction vs .market,762,608,3495,48,48,0,3,3,0.182,0.167,/vs/market-vs-exchange,0.211,0.222,0.409,0.125
vs,zh,/vs/auction-vs-market,.auction vs .market,1213,1007,1544,48,48,0,3,3,0.21,0.191,/vs/market-vs-exchange,0.234,0.27,0.409,0.132
vs,en,/vs/audio-vs-fm,.audio vs .fm,730,610,3150,50,50,0,3,3,0.191,0.196,/vs/band-vs-fm,0.212,0.224,0.391,0.12
vs,zh,/vs/audio-vs-fm,.audio vs .fm,1116,949,1370,49,49,0,3,3,0.244,0.223,/vs/band-vs-fm,0.231,0.242,0.4,0.108
vs,en,/vs/autos-vs-repair,.autos vs .repair,786,624,3399,52,52,0,3,3,0.206,0.197,/vs/parts-vs-repair,0.201,0.223,0.375,0.115
vs,zh,/vs/autos-vs-repair,.autos vs .repair,1204,992,1475,49,49,0,3,3,0.313,0.29,/vs/tires-vs-autos,0.228,0.253,0.4,0.103
vs,en,/vs/baby-vs-store,.baby vs .store,688,520,2794,45,45,0,3,3,0.174,0.173,/vs/express-vs-store,0.242,0.269,0.439,0.133
vs,zh,/vs/baby-vs-store,.baby vs .store,1051,831,1154,45,45,0,3,3,0.238,0.217,/vs/kids-vs-baby,0.283,0.311,0.439,0.147
vs,en,/vs/band-vs-fm,.band vs .fm,623,501,2570,45,45,0,3,3,0.224,0.208,/vs/fm-vs-tv,0.251,0.267,0.439,0.111
vs,zh,/vs/band-vs-fm,.band vs .fm,949,779,1082,44,44,0,3,3,0.258,0.237,/vs/fm-vs-tv,0.281,0.293,0.45,0.161
vs,en,/vs/bar-vs-cafe,.bar vs .cafe,604,435,2248,43,43,0,3,3,0.206,0.213,/vs/restaurant-vs-cafe,0.285,0.288,0.462,0.116
vs,zh,/vs/bar-vs-cafe,.bar vs .cafe,1004,783,1097,45,45,0,3,3,0.251,0.23,/vs/wine-vs-bar,0.27,0.281,0.439,0.152
vs,en,/vs/bargains-vs-deals,.bargains vs .deals,766,616,3429,50,50,0,3,3,0.19,0.171,/vs/deals-vs-coupons,0.194,0.205,0.391,0.14
vs,zh,/vs/bargains-vs-deals,.bargains vs .deals,1170,971,1518,48,48,0,3,3,0.255,0.242,/vs/deals-vs-coupons,0.227,0.26,0.409,0.105
vs,en,/vs/basketball-vs-team,.basketball vs .team,725,566,3070,45,45,0,3,3,0.25,0.214,/vs/hockey-vs-team,0.219,0.262,0.439,0.178
vs,zh,/vs/basketball-vs-team,.basketball vs .team,1141,927,1473,47,47,0,3,3,0.256,0.232,/vs/hockey-vs-team,0.249,0.295,0.419,0.189
vs,en,/vs/be-vs-nl,.be vs .nl,749,603,3185,48,47,0.021,3,3,0.213,0.275,/vs/nl-vs-de,0.188,0.212,0.364,0.213
vs,zh,/vs/be-vs-nl,.be vs .nl,1153,961,1308,49,48,0.02,3,3,0.361,0.335,/vs/nl-vs-de,0.217,0.262,0.378,0.222
vs,en,/vs/beauty-vs-salon,.beauty vs .salon,736,576,2975,50,50,0,3,3,0.205,0.195,/vs/salon-vs-studio,0.214,0.24,0.391,0.18
vs,zh,/vs/beauty-vs-salon,.beauty vs .salon,1113,902,1308,49,49,0,3,3,0.248,0.226,/vs/salon-vs-studio,0.255,0.287,0.4,0.111
vs,en,/vs/beer-vs-pub,.beer vs .pub,746,599,3144,48,48,0,3,3,0.199,0.188,/vs/pub-vs-bar,0.215,0.236,0.409,0.208
vs,zh,/vs/beer-vs-pub,.beer vs .pub,1166,970,1427,49,49,0,3,3,0.27,0.251,/vs/pub-vs-bar,0.236,0.276,0.4,0.135
vs,en,/vs/berlin-vs-city,.berlin vs .city,751,584,3111,47,47,0,3,3,0.223,0.221,/vs/amsterdam-vs-berlin,0.225,0.239,0.419,0.149
vs,zh,/vs/berlin-vs-city,.berlin vs .city,1182,965,1428,48,48,0,3,3,0.285,0.261,/vs/amsterdam-vs-berlin,0.248,0.278,0.409,0.158
vs,en,/vs/bet-vs-poker,.bet vs .poker,795,639,3390,49,49,0,3,3,0.216,0.199,/vs/poker-vs-games,0.195,0.211,0.4,0.102
vs,zh,/vs/bet-vs-poker,.bet vs .poker,1234,1028,1474,49,49,0,3,3,0.277,0.253,/vs/poker-vs-games,0.218,0.247,0.4,0.111
vs,en,/vs/bike-vs-fitness,.bike vs .fitness,733,574,2964,49,49,0,3,3,0.179,0.17,/vs/fitness-vs-coach,0.221,0.244,0.4,0.204
vs,zh,/vs/bike-vs-fitness,.bike vs .fitness,1112,906,1334,48,48,0,3,3,0.219,0.209,/vs/fitness-vs-coach,0.256,0.287,0.409,0.118
vs,en,/vs/bio-vs-me,.bio vs .me,669,505,2601,46,46,0,3,3,0.244,0.23,/vs/life-vs-me,0.202,0.208,0.357,0.111
vs,zh,/vs/bio-vs-me,.bio vs .me,1100,884,1233,46,46,0,3,3,0.224,0.212,/vs/blog-vs-me,0.246,0.254,0.429,0.152
vs,en,/vs/biz-vs-com,.biz vs .com,698,528,2625,46,46,0,3,3,0.192,0.186,/vs/social-vs-com,0.225,0.249,0.381,0.109
vs,zh,/vs/biz-vs-com,.biz vs .com,1051,831,1131,47,47,0,3,3,0.234,0.217,/vs/social-vs-com,0.269,0.288,0.419,0.125
vs,en,/vs/black-vs-gold,.black vs .gold,624,479,2596,44,44,0,3,3,0.157,0.142,/vs/us-vs-com,0.246,0.263,0.425,0.114
vs,zh,/vs/black-vs-gold,.black vs .gold,1054,865,1195,46,46,0,3,3,0.238,0.219,/vs/gold-vs-vip,0.252,0.26,0.405,0.128
vs,en,/vs/blog-vs-com,.blog vs .com,605,438,2240,41,41,0,3,3,0.214,0.206,/vs/world-vs-com,0.278,0.294,0.432,0.146
vs,zh,/vs/blog-vs-com,.blog vs .com,912,694,1041,41,41,0,3,3,0.296,0.29,/vs/blog-vs-me,0.294,0.302,0.486,0.161
vs,en,/vs/blog-vs-me,.blog vs .me,696,530,2831,45,45,0,3,3,0.246,0.233,/vs/life-vs-me,0.192,0.196,0.366,0.133
vs,zh,/vs/blog-vs-me,.blog vs .me,1020,800,1178,45,45,0,3,3,0.296,0.29,/vs/blog-vs-com,0.265,0.277,0.439,0.147
vs,en,/vs/blue-vs-red,.blue vs .red,627,480,2527,44,44,0,3,3,0.177,0.166,/vs/red-vs-vip,0.267,0.275,0.45,0.114
vs,zh,/vs/blue-vs-red,.blue vs .red,961,767,1063,45,45,0,3,3,0.219,0.201,/vs/red-vs-vip,0.296,0.325,0.439,0.118
vs,en,/vs/boats-vs-travel,.boats vs .travel,793,624,3417,50,50,0,3,3,0.197,0.197,/vs/travel-vs-tours,0.198,0.218,0.391,0.14
vs,zh,/vs/boats-vs-travel,.boats vs .travel,1256,1034,1496,49,49,0,3,3,0.238,0.23,/vs/com-vs-travel,0.23,0.252,0.4,0.105
vs,en,/vs/bond-vs-finance,.bond vs .finance,777,644,3604,48,48,0,3,3,0.155,0.145,/vs/credit-vs-finance,0.18,0.214,0.386,0.146
vs,zh,/vs/bond-vs-finance,.bond vs .finance,1276,1099,1601,49,49,0,3,3,0.211,0.2,/vs/finance-vs-com,0.205,0.253,0.378,0.186
vs,en,/vs/boston-vs-city,.boston vs .city,817,654,3662,51,51,0,3,3,0.194,0.157,/vs/berlin-vs-city,0.2,0.224,0.383,0.118
vs,zh,/vs/boston-vs-city,.boston vs .city,1335,1124,1626,52,52,0,3,3,0.24,0.224,/vs/berlin-vs-city,0.211,0.263,0.375,0.136
vs,en,/vs/boutique-vs-shop,.boutique vs .shop,670,501,2735,47,47,0,3,3,0.187,0.178,/vs/shop-vs-store,0.251,0.255,0.419,0.149
vs,zh,/vs/boutique-vs-shop,.boutique vs .shop,994,773,1122,47,47,0,3,3,0.246,0.231,/vs/sale-vs-shop,0.296,0.304,0.419,0.171
vs,en,/vs/br-vs-mx,.br vs .mx,754,602,3234,47,47,0,3,3,0.29,0.274,/vs/br-vs-pt,0.184,0.197,0.372,0.149
vs,zh,/vs/br-vs-mx,.br vs .mx,1139,941,1292,45,45,0,3,3,0.372,0.343,/vs/br-vs-pt,0.226,0.261,0.415,0.182
vs,en,/vs/br-vs-pt,.br vs .pt,720,573,3095,48,48,0,3,3,0.29,0.274,/vs/br-vs-mx,0.194,0.208,0.364,0.208
vs,zh,/vs/br-vs-pt,.br vs .pt,1114,919,1263,46,46,0,3,3,0.372,0.343,/vs/br-vs-mx,0.223,0.253,0.405,0.188
vs,en,/vs/builders-vs-construction,.builders vs .construction,660,510,2967,47,47,0,3,3,0.171,0.171,/vs/contractors-vs-construction,0.245,0.284,0.419,0.149
vs,zh,/vs/builders-vs-construction,.builders vs .construction,1026,825,1363,46,46,0,3,3,0.196,0.196,/vs/properties-vs-estate,0.27,0.296,0.429,0.143
vs,en,/vs/business-vs-company,.business vs .company,753,603,3235,46,46,0,3,3,0.189,0.18,/vs/company-vs-group,0.213,0.227,0.429,0.174
vs,zh,/vs/business-vs-company,.business vs .company,1167,971,1558,48,48,0,3,3,0.242,0.227,/vs/company-vs-group,0.237,0.273,0.409,0.146
vs,en,/vs/buzz-vs-promo,.buzz vs .promo,819,668,3563,50,50,0,3,3,0.178,0.164,/vs/promo-vs-shop,0.19,0.235,0.391,0.18
vs,zh,/vs/buzz-vs-promo,.buzz vs .promo,1290,1090,1570,50,50,0,3,3,0.233,0.212,/vs/promo-vs-shop,0.219,0.263,0.391,0.195
vs,en,/vs/ca-vs-us,.ca vs .us,721,573,3073,43,43,0,3,3,0.245,0.27,/vs/us-vs-com,0.189,0.201,0.41,0.14
vs,zh,/vs/ca-vs-us,.ca vs .us,1144,952,1262,45,45,0,3,3,0.331,0.303,/vs/us-vs-com,0.22,0.246,0.415,0.161
vs,en,/vs/cafe-vs-shop,.cafe vs .shop,624,453,2411,44,44,0,3,3,0.203,0.213,/vs/bar-vs-cafe,0.268,0.271,0.45,0.114
vs,zh,/vs/cafe-vs-shop,.cafe vs .shop,940,719,982,44,44,0,3,3,0.236,0.216,/vs/restaurant-vs-cafe,0.307,0.313,0.45,0.118
vs,en,/vs/camera-vs-photography,.camera vs .photography,674,542,3140,48,48,0,3,3,0.195,0.174,/vs/photography-vs-photos,0.235,0.257,0.409,0.125
vs,zh,/vs/camera-vs-photography,.camera vs .photography,1080,902,1502,49,49,0,3,3,0.222,0.206,/vs/photography-vs-photos,0.249,0.284,0.4,0.116
vs,en,/vs/camp-vs-courses,.camp vs .courses,732,584,3315,48,48,0,3,3,0.167,0.164,/vs/study-vs-courses,0.192,0.213,0.386,0.083
vs,zh,/vs/camp-vs-courses,.camp vs .courses,1187,995,1515,48,48,0,3,3,0.219,0.208,/vs/courses-vs-academy,0.207,0.24,0.386,0.103
vs,en,/vs/capital-vs-fund,.capital vs .fund,669,542,2812,45,45,0,3,3,0.221,0.223,/vs/ventures-vs-capital,0.219,0.247,0.415,0.133
vs,zh,/vs/capital-vs-fund,.capital vs .fund,1012,841,1288,45,45,0,3,3,0.278,0.255,/vs/investments-vs-fund,0.254,0.29,0.415,0.125
vs,en,/vs/care-vs-doctor,.care vs .doctor,658,494,2744,45,45,0,3,3,0.22,0.205,/vs/clinic-vs-care,0.259,0.268,0.439,0.222
vs,zh,/vs/care-vs-doctor,.care vs .doctor,1040,827,1193,45,45,0,3,3,0.358,0.323,/vs/clinic-vs-care,0.273,0.287,0.439,0.152
vs,en,/vs/careers-vs-work,.careers vs .work,760,611,3393,49,49,0,3,3,0.183,0.167,/vs/work-vs-works,0.21,0.23,0.4,0.184
vs,zh,/vs/careers-vs-work,.careers vs .work,1214,1015,1501,48,48,0,3,3,0.214,0.199,/vs/work-vs-works,0.235,0.277,0.409,0.111
vs,en,/vs/casa-vs-house,.casa vs .house,822,666,3759,50,50,0,3,3,0.19,0.172,/vs/house-vs-style,0.193,0.217,0.391,0.16
vs,zh,/vs/casa-vs-house,.casa vs .house,1281,1079,1601,50,50,0,3,3,0.212,0.197,/vs/house-vs-estate,0.221,0.266,0.391,0.1
vs,en,/vs/cash-vs-money,.cash vs .money,590,466,2559,45,45,0,3,3,0.212,0.209,/vs/money-vs-finance,0.26,0.278,0.415,0.089
vs,zh,/vs/cash-vs-money,.cash vs .money,935,767,1128,45,45,0,3,3,0.249,0.227,/vs/money-vs-finance,0.285,0.301,0.415,0.147
vs,en,/vs/casino-vs-bet,.casino vs .bet,803,646,3441,48,48,0,3,3,0.195,0.169,/vs/bet-vs-poker,0.186,0.2,0.409,0.104
vs,zh,/vs/casino-vs-bet,.casino vs .bet,1253,1046,1517,48,48,0,3,3,0.232,0.213,/vs/bet-vs-poker,0.213,0.243,0.409,0.108
vs,en,/vs/catering-vs-restaurant,.catering vs .restaurant,741,577,3196,49,49,0,3,3,0.17,0.165,/vs/menu-vs-restaurant,0.222,0.236,0.4,0.163
vs,zh,/vs/catering-vs-restaurant,.catering vs .restaurant,1139,926,1464,48,48,0,3,3,0.209,0.205,/vs/restaurant-vs-cafe,0.271,0.288,0.409,0.135
vs,en,/vs/cc-vs-com,.cc vs .com,680,515,2494,43,43,0,3,3,0.206,0.21,/vs/cc-vs-tv,0.231,0.233,0.41,0.116
vs,zh,/vs/cc-vs-com,.cc vs .com,999,785,1054,43,43,0,3,3,0.235,0.225,/vs/cc-vs-tv,0.272,0.277,0.462,0.129
vs,en,/vs/cc-vs-tv,.cc vs .tv,551,399,2035,42,42,0,3,3,0.21,0.233,/vs/video-vs-tv,0.319,0.325,0.474,0.119
vs,zh,/vs/cc-vs-tv,.cc vs .tv,838,636,849,40,40,0,3,3,0.281,0.255,/vs/live-vs-tv,0.343,0.351,0.5,0.143
vs,en,/vs/center-vs-club,.center vs .club,613,446,2449,45,45,0,3,3,0.201,0.187,/vs/support-vs-center,0.281,0.283,0.439,0.156
vs,zh,/vs/center-vs-club,.center vs .club,938,717,1032,46,46,0,3,3,0.233,0.215,/vs/support-vs-center,0.309,0.315,0.429,0.125
vs,en,/vs/ch-vs-de,.ch vs .de,725,567,3022,48,48,0,3,3,0.223,0.278,/vs/nl-vs-de,0.146,0.15,0.273,0.208
vs,zh,/vs/ch-vs-de,.ch vs .de,1134,930,1289,48,48,0,3,3,0.387,0.334,/vs/at-vs-de,0.214,0.257,0.386,0.161
vs,en,/vs/chat-vs-app,.chat vs .app,640,475,2496,47,47,0,3,3,0.207,0.216,/vs/tools-vs-app,0.263,0.263,0.419,0.149
vs,zh,/vs/chat-vs-app,.chat vs .app,945,730,1078,45,45,0,3,3,0.256,0.248,/vs/ai-vs-app,0.289,0.299,0.439,0.147
vs,en,/vs/cheap-vs-discount,.cheap vs .discount,743,591,3247,48,48,0,3,3,0.19,0.175,/vs/discount-vs-sale,0.208,0.219,0.409,0.104
vs,zh,/vs/cheap-vs-discount,.cheap vs .discount,1125,921,1469,48,48,0,3,3,0.248,0.23,/vs/discount-vs-sale,0.234,0.263,0.409,0.098
vs,en,/vs/church-vs-community,.church vs .community,733,583,3359,49,49,0,3,3,0.175,0.172,/vs/community-vs-club,0.224,0.244,0.4,0.163
vs,zh,/vs/church-vs-community,.church vs .community,1142,946,1457,48,48,0,3,3,0.239,0.23,/vs/forum-vs-community,0.258,0.273,0.409,0.108
vs,en,/vs/city-vs-world,.city vs .world,597,426,2251,43,43,0,3,3,0.192,0.183,/vs/world-vs-com,0.295,0.312,0.462,0.14
vs,zh,/vs/city-vs-world,.city vs .world,923,702,1000,45,45,0,3,3,0.229,0.206,/vs/global-vs-world,0.309,0.341,0.439,0.111
vs,en,/vs/cl-vs-mx,.cl vs .mx,766,611,3316,50,50,0,3,3,0.278,0.28,/vs/br-vs-mx,0.19,0.203,0.37,0.18
vs,zh,/vs/cl-vs-mx,.cl vs .mx,1162,961,1290,46,46,0,3,3,0.374,0.336,/vs/ar-vs-cl,0.221,0.261,0.405,0.212
vs,en,/vs/cleaning-vs-services,.cleaning vs .services,746,588,3303,49,49,0,3,3,0.185,0.185,/vs/solutions-vs-services,0.227,0.237,0.4,0.143
vs,zh,/vs/cleaning-vs-services,.cleaning vs .services,1173,966,1507,48,48,0,3,3,0.211,0.2,/vs/repair-vs-services,0.253,0.27,0.409,0.128
vs,en,/vs/click-vs-link,.click vs .link,596,467,2476,42,42,0,3,3,0.183,0.174,/vs/link-vs-cc,0.263,0.273,0.474,0.119
vs,zh,/vs/click-vs-link,.click vs .link,916,740,1100,43,43,0,3,3,0.221,0.211,/vs/link-vs-cc,0.299,0.309,0.462,0.118
vs,en,/vs/clinic-vs-care,.clinic vs .care,677,508,2679,47,47,0,3,3,0.22,0.205,/vs/care-vs-doctor,0.245,0.256,0.419,0.128
vs,zh,/vs/clinic-vs-care,.clinic vs .care,1042,822,1204,47,47,0,3,3,0.358,0.323,/vs/care-vs-doctor,0.273,0.288,0.419,0.143
vs,en,/vs/clothing-vs-fashion,.clothing vs .fashion,691,553,3107,47,47,0,3,3,0.213,0.21,/vs/moda-vs-fashion,0.233,0.25,0.419,0.213
vs,zh,/vs/clothing-vs-fashion,.clothing vs .fashion,1079,892,1428,48,48,0,3,3,0.264,0.252,/vs/moda-vs-fashion,0.264,0.314,0.409,0.135
vs,en,/vs/cloud-vs-online,.cloud vs .online,730,566,2953,49,49,0,3,3,0.192,0.195,/vs/cloud-vs-tech,0.225,0.227,0.4,0.102
vs,zh,/vs/cloud-vs-online,.cloud vs .online,1112,900,1389,49,49,0,3,3,0.231,0.22,/vs/live-vs-online,0.236,0.244,0.4,0.093
vs,en,/vs/cloud-vs-tech,.cloud vs .tech,706,543,2854,44,44,0,3,3,0.192,0.189,/vs/cloud-vs-online,0.234,0.237,0.45,0.114
vs,zh,/vs/cloud-vs-tech,.cloud vs .tech,1077,865,1354,49,49,0,3,3,0.239,0.222,/vs/dev-vs-tech,0.241,0.244,0.4,0.098
vs,en,/vs/club-vs-gg,.club vs .gg,724,557,2848,46,46,0,3,3,0.224,0.212,/vs/games-vs-gg,0.221,0.23,0.429,0.109
vs,zh,/vs/club-vs-gg,.club vs .gg,1119,898,1305,48,48,0,3,3,0.222,0.204,/vs/gg-vs-tv,0.23,0.24,0.409,0.103
vs,en,/vs/cn-vs-top,.cn vs .top,608,442,2283,42,42,0,3,3,0.205,0.206,/vs/vip-vs-top,0.253,0.263,0.447,0.119
vs,zh,/vs/cn-vs-top,.cn vs .top,940,721,909,40,40,0,3,3,0.261,0.243,/vs/com-vs-cn,0.308,0.324,0.5,0.148
vs,en,/vs/co-vs-me,.co vs .me,735,588,2975,44,44,0,3,3,0.198,0.221,/vs/com-vs-me,0.142,0.148,0.25,0.114
vs,zh,/vs/co-vs-me,.co vs .me,1131,931,1366,47,47,0,3,3,0.308,0.278,/vs/pro-vs-co,0.219,0.23,0.419,0.111
vs,en,/vs/coach-vs-expert,.coach vs .expert,630,462,2669,43,43,0,3,3,0.217,0.201,/vs/academy-vs-coach,0.265,0.265,0.462,0.186
vs,zh,/vs/coach-vs-expert,.coach vs .expert,1002,779,1159,45,45,0,3,3,0.26,0.246,/vs/expert-vs-pro,0.292,0.302,0.439,0.125
vs,en,/vs/codes-vs-dev,.codes vs .dev,604,440,2499,43,43,0,3,3,0.216,0.202,/vs/ninja-vs-dev,0.271,0.271,0.462,0.116
vs,zh,/vs/codes-vs-dev,.codes vs .dev,1021,804,1215,44,44,0,3,3,0.235,0.218,/vs/ninja-vs-dev,0.271,0.282,0.45,0.139
vs,en,/vs/coffee-vs-cafe,.coffee vs .cafe,697,531,2720,47,47,0,3,3,0.196,0.203,/vs/bar-vs-cafe,0.241,0.265,0.419,0.149
vs,zh,/vs/coffee-vs-cafe,.coffee vs .cafe,1039,825,1208,48,48,0,3,3,0.282,0.261,/vs/farm-vs-cafe,0.28,0.316,0.409,0.147
vs,en,/vs/college-vs-academy,.college vs .academy,772,611,3571,50,50,0,3,3,0.174,0.158,/vs/academy-vs-school,0.202,0.227,0.391,0.14
vs,zh,/vs/college-vs-academy,.college vs .academy,1245,1035,1589,50,50,0,3,3,0.209,0.198,/vs/university-vs-education,0.229,0.266,0.391,0.111
vs,en,/vs/com-vs-ai,.com vs .ai,769,603,2898,48,48,0,3,3,0.184,0.182,/vs/ai-vs-dev,0.171,0.173,0.318,0.104
vs,zh,/vs/com-vs-ai,.com vs .ai,1134,916,1240,50,50,0,3,3,0.235,0.215,/vs/ai-vs-dev,0.222,0.243,0.348,0.103
vs,en,/vs/com-vs-app,.com vs .app,764,598,2990,46,46,0,3,3,0.197,0.187,/vs/com-vs-dev,0.202,0.208,0.381,0.109
vs,zh,/vs/com-vs-app,.com vs .app,1135,917,1327,47,47,0,3,3,0.244,0.22,/vs/com-vs-dev,0.222,0.233,0.419,0.108
vs,en,/vs/com-vs-cn,.com vs .cn,736,568,2991,47,47,0,3,3,0.204,0.197,/vs/cn-vs-top,0.201,0.207,0.349,0.106
vs,zh,/vs/com-vs-cn,.com vs .cn,1150,929,1207,48,48,0,3,3,0.261,0.234,/vs/cn-vs-top,0.246,0.256,0.409,0.111
vs,en,/vs/com-vs-co,.com vs .co,543,395,2014,41,41,0,3,3,0.211,0.219,/vs/io-vs-co,0.257,0.265,0.324,0.122
vs,zh,/vs/com-vs-co,.com vs .co,865,665,916,41,41,0,3,3,0.287,0.279,/vs/io-vs-co,0.318,0.326,0.486,0.138
vs,en,/vs/com-vs-dev,.com vs .dev,731,565,2940,47,47,0,3,3,0.197,0.174,/vs/com-vs-app,0.213,0.215,0.372,0.106
vs,zh,/vs/com-vs-dev,.com vs .dev,1098,880,1367,47,47,0,3,3,0.244,0.21,/vs/com-vs-app,0.221,0.231,0.419,0.108
vs,en,/vs/com-vs-io,.com vs .io,731,565,2829,47,47,0,3,3,0.197,0.225,/vs/io-vs-tech,0.209,0.211,0.372,0.106
vs,zh,/vs/com-vs-io,.com vs .io,1106,888,1247,45,45,0,3,3,0.283,0.256,/vs/io-vs-tech,0.235,0.244,0.439,0.118
vs,en,/vs/com-vs-me,.com vs .me,711,563,2872,43,43,0,3,3,0.226,0.221,/vs/life-vs-me,0.174,0.179,0.333,0.116
vs,zh,/vs/com-vs-me,.com vs .me,1107,909,1276,46,46,0,3,3,0.235,0.233,/vs/co-vs-me,0.226,0.235,0.429,0.114
vs,en,/vs/com-vs-net,.com vs .net,702,553,2798,46,46,0,3,3,0.182,0.179,/vs/com-vs-org,0.22,0.228,0.381,0.109
vs,zh,/vs/com-vs-net,.com vs .net,1056,857,1169,44,44,0,3,3,0.223,0.206,/vs/com-vs-co,0.26,0.269,0.45,0.118
vs,en,/vs/com-vs-org,.com vs .org,548,400,2215,43,43,0,3,3,0.31,0.295,/vs/info-vs-org,0.298,0.31,0.41,0.14
vs,zh,/vs/com-vs-org,.com vs .org,839,639,851,42,42,0,3,3,0.34,0.305,/vs/info-vs-org,0.345,0.35,0.474,0.16
vs,en,/vs/com-vs-top,.com vs .top,652,505,2756,43,43,0,3,3,0.199,0.205,/vs/cn-vs-top,0.221,0.23,0.41,0.116
vs,zh,/vs/com-vs-top,.com vs .top,1053,857,1076,43,43,0,3,3,0.261,0.243,/vs/xyz-vs-top,0.269,0.28,0.462,0.138
vs,en,/vs/com-vs-travel,.com vs .travel,643,476,2580,42,42,0,3,3,0.22,0.209,/vs/travel-vs-tours,0.256,0.259,0.421,0.143
vs,zh,/vs/com-vs-travel,.com vs .travel,1022,805,1087,41,41,0,3,3,0.265,0.252,/vs/flights-vs-travel,0.282,0.292,0.486,0.156
vs,en,/vs/com-vs-xyz,.com vs .xyz,686,537,2701,46,46,0,3,3,0.182,0.175,/vs/com-vs-org,0.219,0.227,0.381,0.109
vs,zh,/vs/com-vs-xyz,.com vs .xyz,1076,877,1216,48,48,0,3,3,0.215,0.201,/vs/xyz-vs-top,0.237,0.244,0.409,0.105
vs,en,/vs/community-vs-club,.community vs .club,681,514,2862,48,48,0,3,3,0.175,0.172,/vs/church-vs-community,0.237,0.259,0.409,0.104
vs,zh,/vs/community-vs-club,.community vs .club,1069,848,1308,47,47,0,3,3,0.204,0.194,/vs/church-vs-community,0.264,0.295,0.419,0.111
vs,en,/vs/company-vs-group,.company vs .group,675,516,2822,43,43,0,3,3,0.201,0.186,/vs/group-vs-agency,0.24,0.247,0.462,0.116
vs,zh,/vs/company-vs-group,.company vs .group,1052,847,1282,44,44,0,3,3,0.242,0.227,/vs/business-vs-company,0.264,0.279,0.45,0.135
vs,en,/vs/computer-vs-tech,.computer vs .tech,690,527,2931,48,48,0,3,3,0.183,0.175,/vs/io-vs-tech,0.234,0.254,0.409,0.167
vs,zh,/vs/computer-vs-tech,.computer vs .tech,1082,870,1302,48,48,0,3,3,0.207,0.193,/vs/technology-vs-tech,0.268,0.288,0.409,0.162
vs,en,/vs/condos-vs-apartments,.condos vs .apartments,766,640,3677,49,49,0,3,3,0.178,0.163,/vs/apartments-vs-house,0.197,0.217,0.4,0.143
vs,zh,/vs/condos-vs-apartments,.condos vs .apartments,1224,1052,1668,50,50,0,3,3,0.244,0.229,/vs/apartments-vs-rentals,0.225,0.27,0.391,0.15
vs,en,/vs/consulting-vs-expert,.consulting vs .expert,667,506,2857,46,46,0,3,3,0.187,0.18,/vs/guru-vs-expert,0.247,0.27,0.429,0.13
vs,zh,/vs/consulting-vs-expert,.consulting vs .expert,1029,820,1297,47,47,0,3,3,0.242,0.234,/vs/guru-vs-expert,0.268,0.3,0.419,0.114
vs,en,/vs/contractors-vs-construction,.contractors vs .construction,754,603,3615,50,50,0,3,3,0.171,0.171,/vs/builders-vs-construction,0.208,0.226,0.391,0.12
vs,zh,/vs/contractors-vs-construction,.contractors vs .construction,1199,992,1777,48,48,0,3,3,0.193,0.196,/vs/builders-vs-construction,0.231,0.267,0.409,0.103
vs,en,/vs/cooking-vs-recipes,.cooking vs .recipes,730,583,3313,47,47,0,3,3,0.175,0.168,/vs/recipes-vs-menu,0.22,0.228,0.419,0.191
vs,zh,/vs/cooking-vs-recipes,.cooking vs .recipes,1123,930,1526,48,48,0,3,3,0.23,0.208,/vs/recipes-vs-menu,0.233,0.283,0.409,0.103
vs,en,/vs/cool-vs-fun,.cool vs .fun,619,451,2446,43,43,0,3,3,0.221,0.209,/vs/fun-vs-games,0.271,0.276,0.462,0.14
vs,zh,/vs/cool-vs-fun,.cool vs .fun,953,732,998,46,46,0,3,3,0.254,0.233,/vs/rocks-vs-fun,0.296,0.323,0.429,0.138
vs,en,/vs/courses-vs-academy,.courses vs .academy,736,569,3290,51,51,0,3,3,0.21,0.198,/vs/study-vs-courses,0.225,0.24,0.383,0.18
vs,zh,/vs/courses-vs-academy,.courses vs .academy,1186,970,1485,48,48,0,3,3,0.272,0.253,/vs/study-vs-courses,0.259,0.272,0.409,0.132
vs,en,/vs/credit-vs-finance,.credit vs .finance,632,499,2723,45,45,0,3,3,0.206,0.19,/vs/fund-vs-finance,0.253,0.273,0.415,0.178
vs,zh,/vs/credit-vs-finance,.credit vs .finance,1005,828,1287,45,45,0,3,3,0.255,0.236,/vs/fund-vs-finance,0.273,0.307,0.415,0.139
vs,en,/vs/cricket-vs-club,.cricket vs .club,770,603,3319,47,47,0,3,3,0.246,0.218,/vs/golf-vs-club,0.208,0.229,0.419,0.17
vs,zh,/vs/cricket-vs-club,.cricket vs .club,1208,987,1418,48,48,0,3,3,0.292,0.261,/vs/golf-vs-club,0.238,0.265,0.409,0.162
vs,en,/vs/cruises-vs-travel,.cruises vs .travel,766,599,3482,48,48,0,3,3,0.2,0.192,/vs/travel-vs-tours,0.204,0.221,0.409,0.167
vs,zh,/vs/cruises-vs-travel,.cruises vs .travel,1199,979,1509,48,48,0,3,3,0.236,0.222,/vs/travel-vs-tours,0.236,0.271,0.409,0.132
vs,en,/vs/cyou-vs-fun,.cyou vs .fun,833,667,3390,48,48,0,3,3,0.2,0.189,/vs/quest-vs-fun,0.18,0.202,0.409,0.167
vs,zh,/vs/cyou-vs-fun,.cyou vs .fun,1284,1066,1463,49,49,0,3,3,0.244,0.225,/vs/quest-vs-fun,0.236,0.266,0.4,0.194
vs,en,/vs/cz-vs-pl,.cz vs .pl,730,571,3072,48,48,0,3,3,0.322,0.349,/vs/ro-vs-pl,0.204,0.218,0.386,0.208
vs,zh,/vs/cz-vs-pl,.cz vs .pl,1108,901,1231,45,45,0,3,3,0.405,0.354,/vs/ro-vs-pl,0.232,0.274,0.415,0.194
vs,en,/vs/dad-vs-blog,.dad vs .blog,701,545,2781,46,46,0,3,3,0.263,0.24,/vs/reviews-vs-blog,0.228,0.249,0.429,0.174
vs,zh,/vs/dad-vs-blog,.dad vs .blog,1037,835,1236,46,46,0,3,3,0.335,0.308,/vs/reviews-vs-blog,0.257,0.286,0.429,0.176
vs,en,/vs/dance-vs-studio,.dance vs .studio,714,548,2943,45,45,0,3,3,0.203,0.179,/vs/golf-vs-club,0.226,0.258,0.439,0.133
vs,zh,/vs/dance-vs-studio,.dance vs .studio,1112,894,1270,45,45,0,3,3,0.234,0.218,/vs/salon-vs-studio,0.262,0.29,0.439,0.162
vs,en,/vs/dating-vs-love,.dating vs .love,788,632,3422,48,48,0,3,3,0.241,0.217,/vs/singles-vs-dating,0.197,0.223,0.409,0.208
vs,zh,/vs/dating-vs-love,.dating vs .love,1194,991,1487,49,49,0,3,3,0.287,0.256,/vs/singles-vs-dating,0.238,0.275,0.4,0.154
vs,en,/vs/day-vs-life,.day vs .life,821,658,3408,50,50,0,3,3,0.266,0.255,/vs/day-vs-today,0.192,0.217,0.391,0.14
vs,zh,/vs/day-vs-life,.day vs .life,1259,1046,1534,51,51,0,3,3,0.337,0.314,/vs/day-vs-today,0.218,0.263,0.383,0.135
vs,en,/vs/day-vs-today,.day vs .today,750,623,3235,48,48,0,3,3,0.266,0.255,/vs/day-vs-life,0.191,0.228,0.386,0.167
vs,zh,/vs/day-vs-today,.day vs .today,1153,982,1531,49,49,0,3,3,0.337,0.314,/vs/day-vs-life,0.219,0.276,0.378,0.139
vs,en,/vs/de-vs-com,.de vs .com,663,498,2643,47,47,0,3,3,0.297,0.341,/vs/uk-vs-com,0.188,0.195,0.302,0.213
vs,zh,/vs/de-vs-com,.de vs .com,1051,837,1156,47,47,0,3,3,0.479,0.414,/vs/uk-vs-com,0.256,0.284,0.419,0.194
vs,en,/vs/de-vs-eu,.de vs .eu,738,578,3082,48,48,0,3,3,0.18,0.189,/vs/de-vs-com,0.165,0.18,0.341,0.25
vs,zh,/vs/de-vs-eu,.de vs .eu,1128,924,1264,49,49,0,3,3,0.269,0.25,/vs/es-vs-eu,0.229,0.272,0.378,0.156
vs,en,/vs/deals-vs-coupons,.deals vs .coupons,780,632,3473,49,49,0,3,3,0.19,0.171,/vs/bargains-vs-deals,0.195,0.205,0.4,0.204
vs,zh,/vs/deals-vs-coupons,.deals vs .coupons,1200,1006,1585,48,48,0,3,3,0.255,0.242,/vs/bargains-vs-deals,0.238,0.276,0.409,0.108
vs,en,/vs/degree-vs-education,.degree vs .education,727,576,3404,49,49,0,3,3,0.172,0.16,/vs/education-vs-academy,0.223,0.235,0.4,0.163
vs,zh,/vs/degree-vs-education,.degree vs .education,1147,951,1495,48,48,0,3,3,0.212,0.197,/vs/education-vs-academy,0.262,0.282,0.409,0.135
vs,en,/vs/delivery-vs-express,.delivery vs .express,742,589,3353,48,48,0,3,3,0.237,0.234,/vs/express-vs-store,0.219,0.241,0.409,0.125
vs,zh,/vs/delivery-vs-express,.delivery vs .express,1128,926,1477,47,47,0,3,3,0.274,0.248,/vs/express-vs-store,0.27,0.297,0.419,0.105
vs,en,/vs/dental-vs-doctor,.dental vs .doctor,649,501,2890,45,45,0,3,3,0.193,0.184,/vs/care-vs-doctor,0.231,0.238,0.415,0.178
vs,zh,/vs/dental-vs-doctor,.dental vs .doctor,1023,831,1202,45,45,0,3,3,0.318,0.3,/vs/care-vs-doctor,0.261,0.272,0.415,0.111
vs,en,/vs/dentist-vs-dental,.dentist vs .dental,721,575,3250,48,48,0,3,3,0.155,0.153,/vs/dental-vs-doctor,0.215,0.219,0.409,0.188
vs,zh,/vs/dentist-vs-dental,.dentist vs .dental,1145,952,1445,49,49,0,3,3,0.202,0.195,/vs/dental-vs-doctor,0.245,0.273,0.409,0.105
vs,en,/vs/dev-vs-tech,.dev vs .tech,596,432,2317,44,44,0,3,3,0.211,0.199,/vs/io-vs-tech,0.29,0.298,0.45,0.114
vs,zh,/vs/dev-vs-tech,.dev vs .tech,923,706,1015,46,46,0,3,3,0.255,0.232,/vs/sh-vs-dev,0.299,0.308,0.429,0.111
vs,en,/vs/diamonds-vs-jewelry,.diamonds vs .jewelry,728,583,3345,48,48,0,3,3,0.184,0.173,/vs/jewelry-vs-boutique,0.197,0.213,0.386,0.104
vs,zh,/vs/diamonds-vs-jewelry,.diamonds vs .jewelry,1135,946,1532,48,48,0,3,3,0.224,0.212,/vs/jewelry-vs-boutique,0.224,0.263,0.386,0.103
vs,en,/vs/digital-vs-tech,.digital vs .tech,602,439,2480,44,44,0,3,3,0.215,0.198,/vs/io-vs-tech,0.299,0.307,0.45,0.136
vs,zh,/vs/digital-vs-tech,.digital vs .tech,923,711,1027,45,45,0,3,3,0.23,0.217,/vs/io-vs-tech,0.323,0.334,0.439,0.143
vs,en,/vs/discount-vs-sale,.discount vs .sale,766,615,3451,48,48,0,3,3,0.19,0.175,/vs/cheap-vs-discount,0.204,0.217,0.409,0.167
vs,zh,/vs/discount-vs-sale,.discount vs .sale,1186,989,1537,48,48,0,3,3,0.248,0.23,/vs/cheap-vs-discount,0.24,0.283,0.409,0.154
vs,en,/vs/dk-vs-se,.dk vs .se,744,591,3146,49,49,0,3,3,0.233,0.237,/vs/fi-vs-se,0.18,0.187,0.311,0.204
vs,zh,/vs/dk-vs-se,.dk vs .se,1165,964,1320,48,48,0,3,3,0.376,0.331,/vs/fi-vs-se,0.212,0.249,0.386,0.156
vs,en,/vs/dog-vs-pet,.dog vs .pet,677,518,2580,45,45,0,3,3,0.183,0.168,/vs/pet-vs-shop,0.252,0.277,0.439,0.111
vs,zh,/vs/dog-vs-pet,.dog vs .pet,1012,801,1100,45,45,0,3,3,0.235,0.208,/vs/pet-vs-shop,0.284,0.314,0.439,0.138
vs,en,/vs/domains-vs-tools,.domains vs .tools,762,620,3505,49,49,0,3,3,0.155,0.146,/vs/tools-vs-app,0.194,0.221,0.378,0.163
vs,zh,/vs/domains-vs-tools,.domains vs .tools,1201,1015,1531,49,49,0,3,3,0.191,0.169,/vs/graphics-vs-design,0.217,0.261,0.378,0.15
vs,en,/vs/earth-vs-world,.earth vs .world,683,521,2910,46,46,0,3,3,0.195,0.177,/vs/eco-vs-earth,0.239,0.257,0.429,0.109
vs,zh,/vs/earth-vs-world,.earth vs .world,1026,810,1206,45,45,0,3,3,0.237,0.224,/vs/eco-vs-earth,0.269,0.307,0.439,0.121
vs,en,/vs/eco-vs-earth,.eco vs .earth,699,547,3125,45,45,0,3,3,0.217,0.198,/vs/green-vs-eco,0.219,0.235,0.439,0.133
vs,zh,/vs/eco-vs-earth,.eco vs .earth,1094,891,1224,44,44,0,3,3,0.268,0.245,/vs/green-vs-eco,0.251,0.273,0.45,0.182
vs,en,/vs/education-vs-academy,.education vs .academy,711,541,3084,48,48,0,3,3,0.19,0.175,/vs/academy-vs-school,0.234,0.26,0.409,0.125
vs,zh,/vs/education-vs-academy,.education vs .academy,1098,878,1386,47,47,0,3,3,0.226,0.204,/vs/academy-vs-school,0.258,0.298,0.419,0.103
vs,en,/vs/ee-vs-fi,.ee vs .fi,711,558,3002,50,50,0,3,3,0.315,0.325,/vs/lt-vs-ee,0.175,0.189,0.283,0.18
vs,zh,/vs/ee-vs-fi,.ee vs .fi,1104,903,1306,49,49,0,3,3,0.438,0.402,/vs/lt-vs-ee,0.219,0.242,0.378,0.216
vs,en,/vs/eg-vs-sa,.eg vs .sa,709,559,2987,48,48,0,3,3,0.174,0.19,/vs/ma-vs-eg,0.183,0.197,0.364,0.125
vs,zh,/vs/eg-vs-sa,.eg vs .sa,1071,873,1167,46,46,0,3,3,0.256,0.23,/vs/ma-vs-eg,0.242,0.267,0.405,0.129
vs,en,/vs/email-vs-cloud,.email vs .cloud,586,432,2413,43,43,0,3,3,0.207,0.194,/vs/email-vs-net,0.27,0.286,0.436,0.093
vs,zh,/vs/email-vs-cloud,.email vs .cloud,932,734,1047,43,43,0,3,3,0.24,0.228,/vs/email-vs-net,0.279,0.289,0.436,0.105
vs,en,/vs/email-vs-net,.email vs .net,608,452,2475,44,44,0,3,3,0.207,0.194,/vs/email-vs-cloud,0.283,0.286,0.45,0.114
vs,zh,/vs/email-vs-net,.email vs .net,954,753,1093,45,45,0,3,3,0.24,0.228,/vs/email-vs-cloud,0.279,0.283,0.439,0.143
vs,en,/vs/energy-vs-solar,.energy vs .solar,690,538,2955,45,45,0,3,3,0.168,0.157,/vs/lighting-vs-solar,0.237,0.265,0.439,0.178
vs,zh,/vs/energy-vs-solar,.energy vs .solar,1049,846,1257,45,45,0,3,3,0.202,0.189,/vs/lighting-vs-solar,0.272,0.299,0.439,0.143
vs,en,/vs/engineer-vs-engineering,.engineer vs .engineering,731,581,3393,49,49,0,3,3,0.181,0.168,/vs/engineering-vs-tech,0.228,0.247,0.4,0.184
vs,zh,/vs/engineer-vs-engineering,.engineer vs .engineering,1150,953,1597,49,49,0,3,3,0.211,0.205,/vs/engineering-vs-tech,0.245,0.282,0.4,0.119
vs,en,/vs/engineering-vs-dev,.engineering vs .dev,707,540,3070,46,46,0,3,3,0.199,0.196,/vs/engineering-vs-tech,0.229,0.261,0.429,0.109
vs,zh,/vs/engineering-vs-dev,.engineering vs .dev,1055,834,1371,46,46,0,3,3,0.243,0.243,/vs/engineering-vs-tech,0.25,0.274,0.429,0.114
vs,en,/vs/engineering-vs-tech,.engineering vs .tech,695,527,2982,45,45,0,3,3,0.199,0.196,/vs/engineering-vs-dev,0.243,0.279,0.439,0.133
vs,zh,/vs/engineering-vs-tech,.engineering vs .tech,1047,827,1278,45,45,0,3,3,0.243,0.243,/vs/engineering-vs-dev,0.264,0.289,0.439,0.118
vs,en,/vs/equipment-vs-rentals,.equipment vs .rentals,787,625,3601,51,51,0,3,3,0.181,0.168,/vs/management-vs-consulting,0.201,0.224,0.383,0.118
vs,zh,/vs/equipment-vs-rentals,.equipment vs .rentals,1240,1022,1683,49,49,0,3,3,0.226,0.217,/vs/management-vs-consulting,0.227,0.267,0.4,0.105
vs,en,/vs/es-vs-eu,.es vs .eu,742,590,3222,45,44,0.022,3,3,0.219,0.331,/vs/pl-vs-eu,0.108,0.127,0.268,0.159
vs,zh,/vs/es-vs-eu,.es vs .eu,1158,960,1275,47,46,0.021,3,3,0.414,0.368,/vs/pl-vs-eu,0.221,0.252,0.395,0.152
vs,en,/vs/estate-vs-land,.estate vs .land,607,468,2632,46,46,0,3,3,0.227,0.216,/vs/mortgage-vs-estate,0.277,0.277,0.429,0.13
vs,zh,/vs/estate-vs-land,.estate vs .land,961,773,1142,47,47,0,3,3,0.334,0.298,/vs/mortgage-vs-estate,0.301,0.318,0.419,0.139
vs,en,/vs/events-vs-live,.events vs .live,680,513,2813,46,46,0,3,3,0.206,0.2,/vs/live-vs-tv,0.199,0.217,0.333,0.152
vs,zh,/vs/events-vs-live,.events vs .live,1062,843,1180,46,46,0,3,3,0.239,0.217,/vs/live-vs-tv,0.27,0.303,0.429,0.133
vs,en,/vs/expert-vs-pro,.expert vs .pro,655,489,2599,42,42,0,3,3,0.223,0.202,/vs/pro-vs-vip,0.256,0.259,0.474,0.119
vs,zh,/vs/expert-vs-pro,.expert vs .pro,985,765,1109,44,44,0,3,3,0.26,0.246,/vs/coach-vs-expert,0.297,0.31,0.45,0.114
vs,en,/vs/express-vs-store,.express vs .store,689,520,2829,47,47,0,3,3,0.237,0.234,/vs/delivery-vs-express,0.244,0.268,0.419,0.17
vs,zh,/vs/express-vs-store,.express vs .store,1012,790,1182,47,47,0,3,3,0.274,0.248,/vs/delivery-vs-express,0.306,0.319,0.419,0.114
vs,en,/vs/family-vs-com,.family vs .com,652,485,2605,45,45,0,3,3,0.212,0.204,/vs/social-vs-com,0.255,0.299,0.39,0.133
vs,zh,/vs/family-vs-com,.family vs .com,1008,789,1119,45,45,0,3,3,0.247,0.233,/vs/social-vs-com,0.294,0.317,0.439,0.129
vs,en,/vs/family-vs-life,.family vs .life,731,563,3078,46,46,0,3,3,0.202,0.204,/vs/family-vs-com,0.222,0.257,0.429,0.109
vs,zh,/vs/family-vs-life,.family vs .life,1128,908,1279,45,45,0,3,3,0.245,0.233,/vs/family-vs-com,0.256,0.278,0.439,0.125
vs,en,/vs/fan-vs-club,.fan vs .club,774,607,3206,48,48,0,3,3,0.189,0.181,/vs/fans-vs-fan,0.207,0.238,0.409,0.125
vs,zh,/vs/fan-vs-club,.fan vs .club,1199,977,1369,49,49,0,3,3,0.259,0.242,/vs/fans-vs-fan,0.243,0.296,0.4,0.171
vs,en,/vs/fans-vs-fan,.fans vs .fan,876,727,3703,50,50,0,3,3,0.189,0.181,/vs/fan-vs-club,0.173,0.201,0.391,0.14
vs,zh,/vs/fans-vs-fan,.fans vs .fan,1352,1154,1588,51,51,0,3,3,0.259,0.242,/vs/fan-vs-club,0.209,0.25,0.383,0.171
vs,en,/vs/farm-vs-cafe,.farm vs .cafe,698,529,2752,45,45,0,3,3,0.21,0.201,/vs/restaurant-vs-cafe,0.236,0.239,0.439,0.111
vs,zh,/vs/farm-vs-cafe,.farm vs .cafe,1041,820,1160,47,47,0,3,3,0.291,0.265,/vs/restaurant-vs-cafe,0.289,0.305,0.419,0.139
vs,en,/vs/fashion-vs-style,.fashion vs .style,673,532,2948,49,49,0,3,3,0.255,0.232,/vs/shoes-vs-fashion,0.238,0.267,0.4,0.163
vs,zh,/vs/fashion-vs-style,.fashion vs .style,1057,867,1316,48,48,0,3,3,0.273,0.254,/vs/shoes-vs-fashion,0.268,0.306,0.409,0.114
vs,en,/vs/fi-vs-se,.fi vs .se,777,621,3286,49,49,0,3,3,0.233,0.237,/vs/dk-vs-se,0.145,0.152,0.244,0.204
vs,zh,/vs/fi-vs-se,.fi vs .se,1200,996,1344,48,48,0,3,3,0.376,0.331,/vs/dk-vs-se,0.207,0.242,0.386,0.206
vs,en,/vs/finance-vs-com,.finance vs .com,615,450,2433,42,42,0,3,3,0.212,0.205,/vs/team-vs-com,0.274,0.277,0.421,0.167
vs,zh,/vs/finance-vs-com,.finance vs .com,937,723,1043,44,44,0,3,3,0.27,0.251,/vs/fund-vs-finance,0.305,0.309,0.45,0.125
vs,en,/vs/fish-vs-fishing,.fish vs .fishing,769,620,3504,49,49,0,3,3,0.27,0.244,/vs/fishing-vs-boats,0.206,0.231,0.4,0.122
vs,zh,/vs/fish-vs-fishing,.fish vs .fishing,1183,985,1515,49,49,0,3,3,0.343,0.317,/vs/fishing-vs-boats,0.241,0.303,0.4,0.143
vs,en,/vs/fishing-vs-boats,.fishing vs .boats,761,608,3382,49,49,0,3,3,0.27,0.244,/vs/fish-vs-fishing,0.204,0.215,0.4,0.143
vs,zh,/vs/fishing-vs-boats,.fishing vs .boats,1163,960,1510,49,49,0,3,3,0.343,0.317,/vs/fish-vs-fishing,0.229,0.255,0.4,0.111
vs,en,/vs/fit-vs-fitness,.fit vs .fitness,690,531,2797,45,45,0,3,3,0.197,0.186,/vs/fitness-vs-coach,0.232,0.26,0.439,0.111
vs,zh,/vs/fit-vs-fitness,.fit vs .fitness,1086,874,1267,45,45,0,3,3,0.265,0.258,/vs/fitness-vs-coach,0.265,0.291,0.439,0.147
vs,en,/vs/fitness-vs-coach,.fitness vs .coach,680,510,2767,47,47,0,3,3,0.283,0.254,/vs/academy-vs-coach,0.246,0.255,0.419,0.149
vs,zh,/vs/fitness-vs-coach,.fitness vs .coach,1026,805,1234,47,47,0,3,3,0.361,0.332,/vs/academy-vs-coach,0.277,0.28,0.419,0.135
vs,en,/vs/flights-vs-travel,.flights vs .travel,688,523,2962,45,45,0,3,3,0.24,0.221,/vs/travel-vs-tours,0.235,0.253,0.439,0.156
vs,zh,/vs/flights-vs-travel,.flights vs .travel,1098,883,1314,45,45,0,3,3,0.286,0.259,/vs/travel-vs-tours,0.259,0.279,0.439,0.108
vs,en,/vs/florist-vs-garden,.florist vs .garden,755,599,3300,49,49,0,3,3,0.194,0.175,/vs/flowers-vs-florist,0.216,0.232,0.4,0.163
vs,zh,/vs/florist-vs-garden,.florist vs .garden,1169,963,1470,48,48,0,3,3,0.237,0.231,/vs/flowers-vs-florist,0.259,0.276,0.409,0.135
vs,en,/vs/flowers-vs-florist,.flowers vs .florist,774,627,3620,48,48,0,3,3,0.194,0.175,/vs/florist-vs-garden,0.191,0.207,0.409,0.125
vs,zh,/vs/flowers-vs-florist,.flowers vs .florist,1201,1008,1650,49,49,0,3,3,0.237,0.231,/vs/florist-vs-garden,0.231,0.265,0.4,0.128
vs,en,/vs/fm-vs-tv,.fm vs .tv,622,486,2555,45,45,0,3,3,0.224,0.208,/vs/band-vs-fm,0.253,0.256,0.439,0.111
vs,zh,/vs/fm-vs-tv,.fm vs .tv,973,784,1059,44,44,0,3,3,0.258,0.237,/vs/band-vs-fm,0.268,0.273,0.45,0.143
vs,en,/vs/food-vs-restaurant,.food vs .restaurant,745,580,3177,47,47,0,3,3,0.194,0.175,/vs/restaurant-vs-cafe,0.23,0.264,0.419,0.17
vs,zh,/vs/food-vs-restaurant,.food vs .restaurant,1133,914,1447,48,48,0,3,3,0.215,0.205,/vs/menu-vs-restaurant,0.251,0.294,0.409,0.111
vs,en,/vs/football-vs-team,.football vs .team,707,544,2926,45,45,0,3,3,0.322,0.272,/vs/hockey-vs-team,0.228,0.262,0.439,0.111
vs,zh,/vs/football-vs-team,.football vs .team,1109,893,1302,45,45,0,3,3,0.39,0.341,/vs/hockey-vs-team,0.263,0.306,0.439,0.147
vs,en,/vs/forum-vs-community,.forum vs .community,723,603,3458,49,49,0,3,3,0.173,0.168,/vs/church-vs-community,0.214,0.228,0.4,0.143
vs,zh,/vs/forum-vs-community,.forum vs .community,1140,974,1476,48,48,0,3,3,0.239,0.23,/vs/church-vs-community,0.24,0.257,0.409,0.108
vs,en,/vs/foundation-vs-org,.foundation vs .org,835,678,3991,48,48,0,3,3,0.204,0.197,/vs/info-vs-org,0.183,0.21,0.409,0.167
vs,zh,/vs/foundation-vs-org,.foundation vs .org,1279,1069,1649,50,50,0,3,3,0.214,0.195,/vs/com-vs-org,0.225,0.254,0.391,0.179
vs,en,/vs/fr-vs-com,.fr vs .com,683,517,2772,46,46,0,3,3,0.35,0.329,/vs/uk-vs-com,0.217,0.233,0.357,0.217
vs,zh,/vs/fr-vs-com,.fr vs .com,1081,864,1149,46,46,0,3,3,0.457,0.399,/vs/de-vs-com,0.258,0.29,0.429,0.2
vs,en,/vs/fun-vs-club,.fun vs .club,767,600,3015,48,48,0,3,3,0.191,0.182,/vs/fun-vs-games,0.211,0.214,0.409,0.104
vs,zh,/vs/fun-vs-club,.fun vs .club,1110,887,1303,50,50,0,3,3,0.228,0.209,/vs/fun-vs-games,0.248,0.257,0.391,0.1
vs,en,/vs/fun-vs-games,.fun vs .games,628,460,2566,44,44,0,3,3,0.221,0.206,/vs/cool-vs-fun,0.267,0.277,0.45,0.136
vs,zh,/vs/fun-vs-games,.fun vs .games,988,766,1033,45,45,0,3,3,0.241,0.228,/vs/cool-vs-fun,0.298,0.311,0.439,0.118
vs,en,/vs/fund-vs-finance,.fund vs .finance,600,464,2492,43,43,0,3,3,0.212,0.195,/vs/capital-vs-fund,0.257,0.272,0.436,0.186
vs,zh,/vs/fund-vs-finance,.fund vs .finance,932,752,1119,43,43,0,3,3,0.27,0.251,/vs/finance-vs-com,0.279,0.294,0.436,0.206
vs,en,/vs/furniture-vs-boutique,.furniture vs .boutique,792,634,3755,47,47,0,3,3,0.198,0.175,/vs/makeup-vs-boutique,0.198,0.209,0.419,0.149
vs,zh,/vs/furniture-vs-boutique,.furniture vs .boutique,1264,1056,1664,48,48,0,3,3,0.226,0.212,/vs/makeup-vs-boutique,0.232,0.264,0.409,0.146
vs,en,/vs/futbol-vs-soccer,.futbol vs .soccer,816,664,3679,49,49,0,3,3,0.176,0.16,/vs/soccer-vs-football,0.179,0.206,0.4,0.102
vs,zh,/vs/futbol-vs-soccer,.futbol vs .soccer,1254,1051,1599,50,50,0,3,3,0.194,0.188,/vs/soccer-vs-football,0.207,0.244,0.391,0.095
vs,en,/vs/fyi-vs-info,.fyi vs .info,690,532,2801,48,48,0,3,3,0.212,0.196,/vs/info-vs-org,0.225,0.242,0.409,0.083
vs,zh,/vs/fyi-vs-info,.fyi vs .info,1064,857,1158,47,47,0,3,3,0.235,0.215,/vs/info-vs-org,0.259,0.275,0.419,0.118
vs,en,/vs/gallery-vs-art,.gallery vs .art,650,504,2706,46,46,0,3,3,0.209,0.227,/vs/photos-vs-gallery,0.249,0.252,0.429,0.152
vs,zh,/vs/gallery-vs-art,.gallery vs .art,1008,808,1167,46,46,0,3,3,0.29,0.265,/vs/photos-vs-gallery,0.281,0.285,0.429,0.143
vs,en,/vs/games-vs-gg,.games vs .gg,628,462,2446,42,42,0,3,3,0.226,0.213,/vs/gg-vs-tv,0.265,0.275,0.474,0.119
vs,zh,/vs/games-vs-gg,.games vs .gg,936,715,989,43,43,0,3,3,0.24,0.228,/vs/fun-vs-games,0.307,0.314,0.462,0.118
vs,en,/vs/garden-vs-farm,.garden vs .farm,675,517,2851,48,48,0,3,3,0.189,0.181,/vs/farm-vs-cafe,0.237,0.259,0.409,0.188
vs,zh,/vs/garden-vs-farm,.garden vs .farm,1068,858,1252,48,48,0,3,3,0.263,0.24,/vs/farm-vs-cafe,0.279,0.315,0.409,0.167
vs,en,/vs/ge-vs-tr,.ge vs .tr,707,554,2928,48,48,0,3,3,0.175,0.189,/vs/kz-vs-tr,0.157,0.171,0.318,0.188
vs,zh,/vs/ge-vs-tr,.ge vs .tr,1101,900,1208,46,46,0,3,3,0.279,0.259,/vs/kz-vs-tr,0.235,0.265,0.405,0.242
vs,en,/vs/gg-vs-tv,.gg vs .tv,730,563,2873,47,47,0,3,3,0.226,0.207,/vs/games-vs-gg,0.223,0.229,0.419,0.106
vs,zh,/vs/gg-vs-tv,.gg vs .tv,1128,909,1274,47,47,0,3,3,0.222,0.204,/vs/club-vs-gg,0.229,0.236,0.419,0.111
vs,en,/vs/gift-vs-gifts,.gift vs .gifts,737,588,3112,47,47,0,3,3,0.151,0.169,/vs/gifts-vs-shop,0.208,0.227,0.419,0.106
vs,zh,/vs/gift-vs-gifts,.gift vs .gifts,1107,909,1363,48,48,0,3,3,0.219,0.211,/vs/gifts-vs-shop,0.242,0.293,0.409,0.114
vs,en,/vs/gifts-vs-shop,.gifts vs .shop,699,531,2807,45,45,0,3,3,0.192,0.178,/vs/promo-vs-shop,0.236,0.273,0.439,0.178
vs,zh,/vs/gifts-vs-shop,.gifts vs .shop,1038,818,1159,45,45,0,3,3,0.273,0.241,/vs/promo-vs-shop,0.293,0.322,0.439,0.176
vs,en,/vs/glass-vs-art,.glass vs .art,802,643,3474,51,51,0,3,3,0.19,0.182,/vs/ink-vs-art,0.207,0.228,0.383,0.176
vs,zh,/vs/glass-vs-art,.glass vs .art,1293,1083,1500,50,50,0,3,3,0.239,0.227,/vs/gallery-vs-art,0.23,0.265,0.391,0.175
vs,en,/vs/global-vs-world,.global vs .world,616,454,2546,43,43,0,3,3,0.184,0.183,/vs/city-vs-world,0.278,0.283,0.462,0.14
vs,zh,/vs/global-vs-world,.global vs .world,963,749,1114,44,44,0,3,3,0.229,0.209,/vs/city-vs-world,0.29,0.32,0.45,0.139
vs,en,/vs/gmbh-vs-company,.gmbh vs .company,847,699,3757,50,50,0,3,3,0.169,0.156,/vs/company-vs-group,0.166,0.195,0.37,0.18
vs,zh,/vs/gmbh-vs-company,.gmbh vs .company,1315,1123,1697,50,50,0,3,3,0.242,0.226,/vs/company-vs-group,0.203,0.232,0.37,0.209
vs,en,/vs/gold-vs-vip,.gold vs .vip,623,455,2480,43,43,0,3,3,0.255,0.239,/vs/pro-vs-vip,0.27,0.27,0.462,0.116
vs,zh,/vs/gold-vs-vip,.gold vs .vip,1008,792,1075,46,46,0,3,3,0.266,0.251,/vs/red-vs-vip,0.28,0.292,0.429,0.147
vs,en,/vs/golf-vs-club,.golf vs .club,705,540,2801,45,45,0,3,3,0.374,0.289,/vs/tennis-vs-club,0.232,0.258,0.439,0.133
vs,zh,/vs/golf-vs-club,.golf vs .club,1068,851,1185,45,45,0,3,3,0.384,0.335,/vs/tennis-vs-club,0.279,0.305,0.439,0.125
vs,en,/vs/golf-vs-travel,.golf vs .travel,720,555,2977,46,46,0,3,3,0.394,0.316,/vs/surf-vs-travel,0.229,0.261,0.429,0.13
vs,zh,/vs/golf-vs-travel,.golf vs .travel,1136,921,1305,46,46,0,3,3,0.453,0.412,/vs/surf-vs-travel,0.258,0.283,0.429,0.121
vs,en,/vs/gr-vs-tr,.gr vs .tr,754,601,3160,48,48,0,3,3,0.303,0.282,/vs/tr-vs-ae,0.171,0.182,0.364,0.229
vs,zh,/vs/gr-vs-tr,.gr vs .tr,1129,928,1256,45,45,0,3,3,0.405,0.363,/vs/tr-vs-ae,0.222,0.257,0.415,0.226
vs,en,/vs/graphics-vs-design,.graphics vs .design,764,630,3593,51,51,0,3,3,0.16,0.147,/vs/glass-vs-art,0.212,0.234,0.383,0.157
vs,zh,/vs/graphics-vs-design,.graphics vs .design,1239,1053,1610,50,50,0,3,3,0.203,0.184,/vs/actor-vs-studio,0.229,0.268,0.391,0.186
vs,en,/vs/green-vs-eco,.green vs .eco,688,534,3094,46,46,0,3,3,0.217,0.198,/vs/eco-vs-earth,0.229,0.263,0.429,0.13
vs,zh,/vs/green-vs-eco,.green vs .eco,1104,896,1231,45,45,0,3,3,0.268,0.245,/vs/eco-vs-earth,0.249,0.279,0.439,0.171
vs,en,/vs/group-vs-agency,.group vs .agency,621,457,2474,43,43,0,3,3,0.201,0.193,/vs/company-vs-group,0.273,0.273,0.462,0.163
vs,zh,/vs/group-vs-agency,.group vs .agency,982,770,1102,45,45,0,3,3,0.232,0.215,/vs/services-vs-agency,0.29,0.302,0.439,0.118
vs,en,/vs/guide-vs-tips,.guide vs .tips,678,528,2872,45,45,0,3,3,0.168,0.169,/vs/tips-vs-blog,0.216,0.245,0.415,0.133
vs,zh,/vs/guide-vs-tips,.guide vs .tips,1078,879,1286,45,45,0,3,3,0.245,0.224,/vs/tips-vs-blog,0.256,0.296,0.439,0.156
vs,en,/vs/guru-vs-expert,.guru vs .expert,655,499,2696,47,47,0,3,3,0.187,0.18,/vs/consulting-vs-expert,0.247,0.258,0.419,0.128
vs,zh,/vs/guru-vs-expert,.guru vs .expert,1000,798,1156,46,46,0,3,3,0.242,0.234,/vs/consulting-vs-expert,0.279,0.31,0.429,0.121
vs,en,/vs/hair-vs-salon,.hair vs .salon,734,579,3118,49,49,0,3,3,0.178,0.177,/vs/salon-vs-studio,0.219,0.239,0.4,0.122
vs,zh,/vs/hair-vs-salon,.hair vs .salon,1142,939,1367,48,48,0,3,3,0.236,0.198,/vs/makeup-vs-boutique,0.256,0.282,0.409,0.103
vs,en,/vs/health-vs-care,.health vs .care,729,560,3082,45,45,0,3,3,0.222,0.209,/vs/health-vs-life,0.229,0.254,0.439,0.111
vs,zh,/vs/health-vs-care,.health vs .care,1152,931,1309,45,45,0,3,3,0.246,0.239,/vs/health-vs-life,0.245,0.267,0.439,0.125
vs,en,/vs/health-vs-life,.health vs .life,716,548,2937,46,46,0,3,3,0.222,0.209,/vs/health-vs-care,0.24,0.266,0.429,0.196
vs,zh,/vs/health-vs-life,.health vs .life,1132,911,1285,45,45,0,3,3,0.246,0.239,/vs/health-vs-care,0.265,0.289,0.439,0.171
vs,en,/vs/healthcare-vs-health,.healthcare vs .health,821,667,3890,53,53,0,3,3,0.179,0.167,/vs/health-vs-life,0.198,0.218,0.367,0.189
vs,zh,/vs/healthcare-vs-health,.healthcare vs .health,1332,1127,1724,51,51,0,3,3,0.225,0.218,/vs/health-vs-life,0.224,0.258,0.383,0.227
vs,en,/vs/help-vs-support,.help vs .support,734,587,3117,47,47,0,3,3,0.167,0.176,/vs/support-vs-center,0.211,0.238,0.419,0.149
vs,zh,/vs/help-vs-support,.help vs .support,1116,923,1353,47,47,0,3,3,0.23,0.213,/vs/support-vs-center,0.244,0.274,0.419,0.139
vs,en,/vs/hk-vs-sg,.hk vs .sg,784,625,3463,44,44,0,3,3,0.212,0.195,/vs/tw-vs-hk,0.185,0.198,0.425,0.227
vs,zh,/vs/hk-vs-sg,.hk vs .sg,1187,980,1286,47,47,0,3,3,0.291,0.266,/vs/sg-vs-asia,0.215,0.241,0.395,0.235
vs,en,/vs/hockey-vs-team,.hockey vs .team,712,553,2854,45,45,0,3,3,0.322,0.272,/vs/football-vs-team,0.229,0.263,0.439,0.2
vs,zh,/vs/hockey-vs-team,.hockey vs .team,1099,884,1243,45,45,0,3,3,0.39,0.341,/vs/football-vs-team,0.274,0.314,0.439,0.133
vs,en,/vs/holdings-vs-group,.holdings vs .group,700,547,3097,47,47,0,3,3,0.192,0.179,/vs/group-vs-agency,0.223,0.229,0.419,0.106
vs,zh,/vs/holdings-vs-group,.holdings vs .group,1131,932,1389,47,47,0,3,3,0.239,0.222,/vs/partners-vs-group,0.241,0.251,0.419,0.128
vs,en,/vs/homes-vs-house,.homes vs .house,738,580,3322,50,50,0,3,3,0.184,0.17,/vs/apartments-vs-house,0.211,0.226,0.391,0.14
vs,zh,/vs/homes-vs-house,.homes vs .house,1154,946,1430,48,48,0,3,3,0.207,0.196,/vs/apartments-vs-house,0.249,0.272,0.409,0.114
vs,en,/vs/horse-vs-pet,.horse vs .pet,754,595,3179,47,47,0,3,3,0.16,0.148,/vs/pet-vs-shop,0.209,0.223,0.419,0.106
vs,zh,/vs/horse-vs-pet,.horse vs .pet,1115,904,1294,48,48,0,3,3,0.204,0.188,/vs/pet-vs-shop,0.248,0.292,0.409,0.118
vs,en,/vs/hospital-vs-clinic,.hospital vs .clinic,808,654,3794,51,51,0,3,3,0.216,0.19,/vs/surgery-vs-clinic,0.196,0.215,0.383,0.137
vs,zh,/vs/hospital-vs-clinic,.hospital vs .clinic,1300,1096,1698,51,51,0,3,3,0.327,0.301,/vs/surgery-vs-clinic,0.215,0.258,0.383,0.103
vs,en,/vs/host-vs-cloud,.host vs .cloud,628,480,2603,42,42,0,3,3,0.183,0.183,/vs/email-vs-cloud,0.249,0.259,0.447,0.167
vs,zh,/vs/host-vs-cloud,.host vs .cloud,950,758,1152,42,42,0,3,3,0.226,0.212,/vs/email-vs-cloud,0.276,0.294,0.447,0.206
vs,en,/vs/house-vs-estate,.house vs .estate,741,574,3103,49,49,0,3,3,0.209,0.199,/vs/mortgage-vs-estate,0.215,0.238,0.4,0.163
vs,zh,/vs/house-vs-estate,.house vs .estate,1117,901,1374,49,49,0,3,3,0.272,0.248,/vs/estate-vs-land,0.259,0.293,0.4,0.135
vs,en,/vs/house-vs-style,.house vs .style,711,550,3076,48,48,0,3,3,0.198,0.193,/vs/fashion-vs-style,0.238,0.272,0.409,0.167
vs,zh,/vs/house-vs-style,.house vs .style,1068,859,1337,48,48,0,3,3,0.262,0.247,/vs/fashion-vs-style,0.268,0.309,0.409,0.111
vs,en,/vs/hu-vs-cz,.hu vs .cz,733,583,3227,49,49,0,3,3,0.294,0.269,/vs/sk-vs-cz,0.187,0.2,0.356,0.204
vs,zh,/vs/hu-vs-cz,.hu vs .cz,1158,960,1265,46,46,0,3,3,0.367,0.32,/vs/sk-vs-cz,0.218,0.247,0.405,0.212
vs,en,/vs/icu-vs-xyz,.icu vs .xyz,604,469,2424,43,43,0,3,3,0.169,0.163,/vs/io-vs-tech,0.262,0.274,0.462,0.186
vs,zh,/vs/icu-vs-xyz,.icu vs .xyz,927,747,1063,44,44,0,3,3,0.218,0.209,/vs/sbs-vs-xyz,0.284,0.295,0.45,0.125
vs,en,/vs/id-vs-me,.id vs .me,794,630,3399,47,47,0,3,3,0.202,0.21,/vs/blog-vs-me,0.137,0.142,0.326,0.191
vs,zh,/vs/id-vs-me,.id vs .me,1176,960,1309,46,46,0,3,3,0.23,0.221,/vs/blog-vs-me,0.234,0.261,0.429,0.161
vs,en,/vs/id-vs-sg,.id vs .sg,751,590,3319,49,49,0,3,3,0.372,0.351,/vs/ph-vs-sg,0.178,0.185,0.356,0.163
vs,zh,/vs/id-vs-sg,.id vs .sg,1170,963,1292,47,47,0,3,3,0.485,0.424,/vs/ph-vs-sg,0.216,0.254,0.395,0.206
vs,en,/vs/ie-vs-uk,.ie vs .uk,746,597,3122,49,49,0,3,3,0.188,0.186,/vs/uk-vs-com,0.194,0.21,0.378,0.184
vs,zh,/vs/ie-vs-uk,.ie vs .uk,1137,942,1266,47,47,0,3,3,0.255,0.228,/vs/uk-vs-com,0.22,0.257,0.395,0.206
vs,en,/vs/il-vs-com,.il vs .com,721,555,2962,49,49,0,3,3,0.256,0.29,/vs/ng-vs-com,0.205,0.217,0.333,0.184
vs,zh,/vs/il-vs-com,.il vs .com,1112,895,1238,49,49,0,3,3,0.426,0.364,/vs/ng-vs-com,0.241,0.273,0.4,0.222
vs,en,/vs/immo-vs-estate,.immo vs .estate,790,652,3687,49,49,0,3,3,0.182,0.17,/vs/properties-vs-estate,0.19,0.212,0.4,0.143
vs,zh,/vs/immo-vs-estate,.immo vs .estate,1262,1077,1590,50,50,0,3,3,0.219,0.216,/vs/immobilien-vs-immo,0.215,0.261,0.391,0.103
vs,en,/vs/immobilien-vs-immo,.immobilien vs .immo,848,703,3940,48,48,0,3,3,0.165,0.159,/vs/immo-vs-estate,0.165,0.181,0.386,0.146
vs,zh,/vs/immobilien-vs-immo,.immobilien vs .immo,1301,1112,1761,48,48,0,3,3,0.219,0.216,/vs/immo-vs-estate,0.198,0.233,0.386,0.132
vs,en,/vs/in-vs-com,.in vs .com,537,372,1984,43,43,0,3,3,0.201,0.245,/vs/us-vs-com,0.26,0.263,0.308,0.14
vs,zh,/vs/in-vs-com,.in vs .com,850,636,859,42,42,0,3,3,0.293,0.27,/vs/us-vs-com,0.346,0.353,0.474,0.154
vs,en,/vs/info-vs-com,.info vs .com,680,532,2751,43,43,0,3,3,0.202,0.204,/vs/info-vs-org,0.216,0.22,0.41,0.116
vs,zh,/vs/info-vs-com,.info vs .com,1023,823,1091,45,45,0,3,3,0.255,0.244,/vs/info-vs-org,0.283,0.292,0.439,0.129
vs,en,/vs/info-vs-net,.info vs .net,599,454,2428,42,42,0,3,3,0.242,0.242,/vs/info-vs-org,0.267,0.277,0.474,0.119
vs,zh,/vs/info-vs-net,.info vs .net,946,753,1000,43,43,0,3,3,0.263,0.263,/vs/info-vs-org,0.297,0.309,0.462,0.125
vs,en,/vs/info-vs-org,.info vs .org,560,415,2305,42,42,0,3,3,0.31,0.295,/vs/com-vs-org,0.295,0.298,0.474,0.19
vs,zh,/vs/info-vs-org,.info vs .org,841,643,858,42,42,0,3,3,0.34,0.305,/vs/com-vs-org,0.348,0.348,0.474,0.154
vs,en,/vs/ink-vs-art,.ink vs .art,625,477,2523,46,46,0,3,3,0.193,0.187,/vs/art-vs-studio,0.265,0.269,0.429,0.196
vs,zh,/vs/ink-vs-art,.ink vs .art,1040,840,1135,49,49,0,3,3,0.246,0.225,/vs/gallery-vs-art,0.279,0.29,0.4,0.152
vs,en,/vs/institute-vs-international,.institute vs .international,733,589,3583,46,46,0,3,3,0.15,0.117,/vs/city-vs-world,0.207,0.241,0.405,0.261
vs,zh,/vs/institute-vs-international,.institute vs .international,1140,950,1584,47,47,0,3,3,0.185,0.132,/vs/partners-vs-group,0.243,0.277,0.395,0.118
vs,en,/vs/investments-vs-fund,.investments vs .fund,676,552,2986,46,46,0,3,3,0.19,0.178,/vs/fund-vs-finance,0.207,0.232,0.405,0.109
vs,zh,/vs/investments-vs-fund,.investments vs .fund,1051,883,1397,46,46,0,3,3,0.278,0.254,/vs/capital-vs-fund,0.244,0.263,0.405,0.111
vs,en,/vs/io-vs-ai,.io vs .ai,801,638,3192,49,49,0,3,3,0.182,0.202,/vs/com-vs-ai,0.167,0.172,0.356,0.102
vs,zh,/vs/io-vs-ai,.io vs .ai,1209,996,1413,48,48,0,3,3,0.231,0.224,/vs/io-vs-tech,0.194,0.212,0.364,0.108
vs,en,/vs/io-vs-co,.io vs .co,564,399,2029,43,43,0,3,3,0.216,0.29,/vs/studio-vs-co,0.253,0.262,0.308,0.116
vs,zh,/vs/io-vs-co,.io vs .co,891,674,930,41,41,0,3,3,0.363,0.324,/vs/io-vs-tech,0.308,0.321,0.486,0.143
vs,en,/vs/io-vs-dev,.io vs .dev,573,410,2165,43,43,0,3,3,0.232,0.268,/vs/io-vs-tech,0.295,0.297,0.462,0.116
vs,zh,/vs/io-vs-dev,.io vs .dev,884,671,906,42,42,0,3,3,0.319,0.291,/vs/io-vs-tech,0.314,0.326,0.474,0.138
vs,en,/vs/io-vs-sh,.io vs .sh,678,515,2653,43,43,0,3,3,0.226,0.243,/vs/sh-vs-dev,0.203,0.206,0.385,0.14
vs,zh,/vs/io-vs-sh,.io vs .sh,1044,829,1173,43,43,0,3,3,0.292,0.277,/vs/io-vs-tech,0.252,0.26,0.462,0.129
vs,en,/vs/io-vs-tech,.io vs .tech,558,395,2089,42,42,0,3,3,0.237,0.29,/vs/so-vs-io,0.313,0.319,0.474,0.119
vs,zh,/vs/io-vs-tech,.io vs .tech,859,645,879,41,41,0,3,3,0.363,0.324,/vs/io-vs-co,0.329,0.346,0.486,0.143
vs,en,/vs/is-vs-fi,.is vs .fi,705,555,2938,50,50,0,3,3,0.157,0.267,/vs/ee-vs-fi,0.133,0.139,0.217,0.16
vs,zh,/vs/is-vs-fi,.is vs .fi,1087,889,1225,47,47,0,3,3,0.307,0.283,/vs/ee-vs-fi,0.232,0.258,0.395,0.176
vs,en,/vs/it-vs-de,.it vs .de,709,551,2960,47,47,0,3,3,0.216,0.235,/vs/nl-vs-de,0.152,0.166,0.326,0.213
vs,zh,/vs/it-vs-de,.it vs .de,1122,918,1312,48,48,0,3,3,0.311,0.288,/vs/nl-vs-de,0.224,0.266,0.386,0.235
vs,en,/vs/jewelry-vs-boutique,.jewelry vs .boutique,762,601,3310,49,49,0,3,3,0.184,0.173,/vs/diamonds-vs-jewelry,0.216,0.23,0.4,0.143
vs,zh,/vs/jewelry-vs-boutique,.jewelry vs .boutique,1170,959,1480,48,48,0,3,3,0.224,0.212,/vs/diamonds-vs-jewelry,0.261,0.282,0.409,0.128
vs,en,/vs/jp-vs-cn,.jp vs .cn,771,610,3233,46,46,0,3,3,0.199,0.19,/vs/cn-vs-top,0.195,0.199,0.405,0.217
vs,zh,/vs/jp-vs-cn,.jp vs .cn,1215,999,1299,48,48,0,3,3,0.238,0.218,/vs/cn-vs-top,0.231,0.26,0.409,0.219
vs,en,/vs/kaufen-vs-shop,.kaufen vs .shop,859,693,3765,51,51,0,3,3,0.319,0.291,/vs/tienda-vs-shop,0.181,0.195,0.383,0.176
vs,zh,/vs/kaufen-vs-shop,.kaufen vs .shop,1301,1085,1563,50,50,0,3,3,0.411,0.361,/vs/tienda-vs-shop,0.228,0.255,0.391,0.154
vs,en,/vs/ke-vs-ng,.ke vs .ng,672,522,2846,47,47,0,3,3,0.34,0.32,/vs/za-vs-ng,0.235,0.251,0.372,0.128
vs,zh,/vs/ke-vs-ng,.ke vs .ng,1035,837,1177,45,45,0,3,3,0.407,0.365,/vs/za-vs-ng,0.267,0.297,0.415,0.182
vs,en,/vs/kids-vs-baby,.kids vs .baby,841,684,3759,50,50,0,3,3,0.323,0.298,/vs/kids-vs-family,0.178,0.205,0.391,0.2
vs,zh,/vs/kids-vs-baby,.kids vs .baby,1327,1120,1546,51,51,0,3,3,0.385,0.363,/vs/kids-vs-family,0.215,0.243,0.383,0.158
vs,en,/vs/kids-vs-family,.kids vs .family,812,653,3637,49,49,0,3,3,0.323,0.298,/vs/kids-vs-baby,0.197,0.242,0.4,0.204
vs,zh,/vs/kids-vs-family,.kids vs .family,1294,1084,1582,50,50,0,3,3,0.385,0.363,/vs/kids-vs-baby,0.224,0.269,0.391,0.132
vs,en,/vs/kitchen-vs-restaurant,.kitchen vs .restaurant,694,525,2878,48,48,0,3,3,0.217,0.207,/vs/restaurant-vs-bar,0.235,0.257,0.409,0.229
vs,zh,/vs/kitchen-vs-restaurant,.kitchen vs .restaurant,1039,821,1290,48,48,0,3,3,0.281,0.26,/vs/restaurant-vs-cafe,0.295,0.329,0.409,0.139
vs,en,/vs/kr-vs-jp,.kr vs .jp,708,561,2995,48,47,0.021,3,3,0.155,0.16,/vs/jp-vs-cn,0.204,0.214,0.386,0.234
vs,zh,/vs/kr-vs-jp,.kr vs .jp,1078,883,1246,48,47,0.021,3,3,0.222,0.206,/vs/jp-vs-cn,0.231,0.26,0.386,0.167
vs,en,/vs/kz-vs-tr,.kz vs .tr,715,562,2946,48,48,0,3,3,0.22,0.216,/vs/gr-vs-tr,0.183,0.197,0.364,0.208
vs,zh,/vs/kz-vs-tr,.kz vs .tr,1095,894,1197,46,46,0,3,3,0.283,0.27,/vs/gr-vs-tr,0.234,0.264,0.405,0.242
vs,en,/vs/land-vs-com,.land vs .com,591,425,2273,44,44,0,3,3,0.213,0.215,/vs/world-vs-com,0.279,0.284,0.4,0.159
vs,zh,/vs/land-vs-com,.land vs .com,916,699,996,43,43,0,3,3,0.267,0.237,/vs/page-vs-com,0.316,0.333,0.462,0.125
vs,en,/vs/law-vs-expert,.law vs .expert,770,603,3269,48,48,0,3,3,0.205,0.234,/vs/law-vs-pro,0.205,0.231,0.409,0.125
vs,zh,/vs/law-vs-expert,.law vs .expert,1167,948,1395,48,48,0,3,3,0.314,0.298,/vs/law-vs-pro,0.235,0.267,0.409,0.114
vs,en,/vs/law-vs-pro,.law vs .pro,702,538,2882,47,47,0,3,3,0.205,0.234,/vs/law-vs-expert,0.227,0.244,0.419,0.149
vs,zh,/vs/law-vs-pro,.law vs .pro,1096,876,1199,46,46,0,3,3,0.314,0.298,/vs/law-vs-expert,0.257,0.275,0.429,0.156
vs,en,/vs/lawyer-vs-legal,.lawyer vs .legal,737,586,3234,47,47,0,3,3,0.2,0.193,/vs/legal-vs-law,0.219,0.23,0.395,0.149
vs,zh,/vs/lawyer-vs-legal,.lawyer vs .legal,1144,949,1446,46,46,0,3,3,0.285,0.276,/vs/legal-vs-law,0.25,0.266,0.405,0.128
vs,en,/vs/legal-vs-law,.legal vs .law,769,613,3278,47,47,0,3,3,0.2,0.206,/vs/lawyer-vs-legal,0.213,0.227,0.419,0.149
vs,zh,/vs/legal-vs-law,.legal vs .law,1179,973,1419,47,47,0,3,3,0.285,0.276,/vs/lawyer-vs-legal,0.238,0.259,0.419,0.118
vs,en,/vs/life-vs-live,.life vs .live,624,456,2481,43,43,0,3,3,0.244,0.227,/vs/live-vs-tv,0.234,0.237,0.359,0.14
vs,zh,/vs/life-vs-live,.life vs .live,985,766,1078,44,44,0,3,3,0.266,0.257,/vs/life-vs-me,0.295,0.316,0.45,0.139
vs,en,/vs/life-vs-me,.life vs .me,659,492,2598,44,44,0,3,3,0.271,0.265,/vs/me-vs-io,0.213,0.215,0.375,0.114
vs,zh,/vs/life-vs-me,.life vs .me,977,759,1108,44,44,0,3,3,0.282,0.257,/vs/me-vs-io,0.276,0.285,0.45,0.125
vs,en,/vs/lighting-vs-garden,.lighting vs .garden,781,623,3558,48,48,0,3,3,0.248,0.228,/vs/lighting-vs-solar,0.216,0.232,0.409,0.146
vs,zh,/vs/lighting-vs-garden,.lighting vs .garden,1229,1017,1617,48,48,0,3,3,0.291,0.271,/vs/lighting-vs-solar,0.237,0.269,0.409,0.108
vs,en,/vs/lighting-vs-solar,.lighting vs .solar,771,621,3435,48,48,0,3,3,0.248,0.228,/vs/lighting-vs-garden,0.209,0.221,0.409,0.104
vs,zh,/vs/lighting-vs-solar,.lighting vs .solar,1214,1016,1592,48,48,0,3,3,0.291,0.271,/vs/lighting-vs-garden,0.231,0.263,0.409,0.108
vs,en,/vs/limited-vs-ltd,.limited vs .ltd,740,584,3159,49,49,0,3,3,0.181,0.172,/vs/ltd-vs-llc,0.21,0.225,0.4,0.102
vs,zh,/vs/limited-vs-ltd,.limited vs .ltd,1154,948,1400,49,49,0,3,3,0.225,0.207,/vs/ltd-vs-llc,0.238,0.272,0.4,0.103
vs,en,/vs/limo-vs-taxi,.limo vs .taxi,767,620,3368,48,48,0,3,3,0.2,0.182,/vs/taxi-vs-city,0.195,0.211,0.409,0.104
vs,zh,/vs/limo-vs-taxi,.limo vs .taxi,1174,981,1451,49,49,0,3,3,0.222,0.203,/vs/taxi-vs-city,0.232,0.272,0.4,0.114
vs,en,/vs/link-vs-cc,.link vs .cc,764,611,3152,44,44,0,3,3,0.193,0.179,/vs/cc-vs-tv,0.204,0.204,0.45,0.114
vs,zh,/vs/link-vs-cc,.link vs .cc,1114,914,1307,46,46,0,3,3,0.221,0.211,/vs/click-vs-link,0.238,0.247,0.429,0.111
vs,en,/vs/live-vs-online,.live vs .online,759,591,3060,46,46,0,3,3,0.196,0.197,/vs/live-vs-tv,0.181,0.181,0.333,0.109
vs,zh,/vs/live-vs-online,.live vs .online,1096,877,1296,47,47,0,3,3,0.242,0.228,/vs/live-vs-tv,0.251,0.275,0.419,0.1
vs,en,/vs/live-vs-tv,.live vs .tv,505,368,1972,43,43,0,3,3,0.244,0.233,/vs/life-vs-live,0.289,0.289,0.359,0.14
vs,zh,/vs/live-vs-tv,.live vs .tv,825,638,861,43,43,0,3,3,0.281,0.255,/vs/cc-vs-tv,0.347,0.352,0.462,0.138
vs,en,/vs/lk-vs-my,.lk vs .my,703,557,2899,48,48,0,3,3,0.165,0.15,/vs/lt-vs-lv,0.207,0.222,0.364,0.188
vs,zh,/vs/lk-vs-my,.lk vs .my,1068,876,1180,46,46,0,3,3,0.223,0.19,/vs/ge-vs-tr,0.245,0.28,0.405,0.206
vs,en,/vs/loans-vs-money,.loans vs .money,645,521,2862,45,45,0,3,3,0.208,0.202,/vs/cash-vs-money,0.218,0.241,0.415,0.089
vs,zh,/vs/loans-vs-money,.loans vs .money,1028,860,1285,45,45,0,3,3,0.246,0.225,/vs/money-vs-finance,0.243,0.262,0.415,0.114
vs,en,/vs/lol-vs-gg,.lol vs .gg,693,530,2609,44,44,0,3,3,0.225,0.213,/vs/games-vs-gg,0.231,0.24,0.45,0.182
vs,zh,/vs/lol-vs-gg,.lol vs .gg,987,773,1096,45,45,0,3,3,0.225,0.208,/vs/games-vs-gg,0.279,0.294,0.439,0.138
vs,en,/vs/london-vs-uk,.london vs .uk,781,690,3692,49,49,0,3,3,0.195,0.177,/vs/tokyo-vs-asia,0.181,0.211,0.378,0.143
vs,zh,/vs/london-vs-uk,.london vs .uk,1266,1131,1634,50,50,0,3,3,0.268,0.241,/vs/uk-vs-com,0.202,0.244,0.37,0.175
vs,en,/vs/love-vs-me,.love vs .me,768,600,3120,46,46,0,3,3,0.225,0.21,/vs/pink-vs-me,0.174,0.191,0.357,0.109
vs,zh,/vs/love-vs-me,.love vs .me,1100,881,1270,46,46,0,3,3,0.274,0.263,/vs/wedding-vs-love,0.254,0.264,0.429,0.121
vs,en,/vs/lt-vs-ee,.lt vs .ee,700,550,2993,49,48,0.02,3,3,0.315,0.325,/vs/ee-vs-fi,0.211,0.226,0.356,0.188
vs,zh,/vs/lt-vs-ee,.lt vs .ee,1116,918,1287,47,46,0.021,3,3,0.438,0.402,/vs/ee-vs-fi,0.22,0.244,0.395,0.229
vs,en,/vs/lt-vs-lv,.lt vs .lv,700,553,2955,47,47,0,3,3,0.233,0.236,/vs/lt-vs-ee,0.215,0.229,0.395,0.213
vs,zh,/vs/lt-vs-lv,.lt vs .lv,1129,934,1242,46,46,0,3,3,0.319,0.3,/vs/lt-vs-ee,0.219,0.246,0.405,0.212
vs,en,/vs/ltd-vs-co,.ltd vs .co,680,512,2718,48,48,0,3,3,0.188,0.199,/vs/studio-vs-co,0.19,0.206,0.273,0.125
vs,zh,/vs/ltd-vs-co,.ltd vs .co,1076,854,1146,47,47,0,3,3,0.258,0.244,/vs/ltd-vs-llc,0.266,0.276,0.419,0.156
vs,en,/vs/ltd-vs-llc,.ltd vs .llc,663,509,2758,47,47,0,3,3,0.181,0.199,/vs/limited-vs-ltd,0.247,0.265,0.419,0.17
vs,zh,/vs/ltd-vs-llc,.ltd vs .llc,1037,835,1109,47,47,0,3,3,0.258,0.244,/vs/ltd-vs-co,0.298,0.317,0.419,0.2
vs,en,/vs/luxury-vs-vip,.luxury vs .vip,808,638,3456,48,48,0,3,3,0.204,0.193,/vs/pro-vs-vip,0.195,0.202,0.409,0.188
vs,zh,/vs/luxury-vs-vip,.luxury vs .vip,1235,1014,1436,49,49,0,3,3,0.266,0.251,/vs/win-vs-vip,0.243,0.262,0.4,0.135
vs,en,/vs/ma-vs-eg,.ma vs .eg,717,570,3004,50,50,0,3,3,0.174,0.19,/vs/eg-vs-sa,0.155,0.168,0.304,0.22
vs,zh,/vs/ma-vs-eg,.ma vs .eg,1121,926,1197,47,47,0,3,3,0.256,0.23,/vs/eg-vs-sa,0.229,0.258,0.395,0.212
vs,en,/vs/makeup-vs-boutique,.makeup vs .boutique,741,581,3317,48,48,0,3,3,0.198,0.175,/vs/furniture-vs-boutique,0.218,0.238,0.409,0.167
vs,zh,/vs/makeup-vs-boutique,.makeup vs .boutique,1170,955,1459,48,48,0,3,3,0.236,0.217,/vs/hair-vs-salon,0.252,0.28,0.409,0.135
vs,en,/vs/management-vs-consulting,.management vs .consulting,722,575,3563,49,49,0,3,3,0.181,0.173,/vs/equipment-vs-rentals,0.23,0.251,0.4,0.102
vs,zh,/vs/management-vs-consulting,.management vs .consulting,1161,968,1656,48,48,0,3,3,0.226,0.2,/vs/equipment-vs-rentals,0.244,0.287,0.409,0.108
vs,en,/vs/market-vs-exchange,.market vs .exchange,679,527,2996,46,46,0,3,3,0.182,0.167,/vs/auction-vs-market,0.242,0.268,0.429,0.217
vs,zh,/vs/market-vs-exchange,.market vs .exchange,1058,857,1290,46,46,0,3,3,0.21,0.191,/vs/auction-vs-market,0.276,0.308,0.429,0.118
vs,en,/vs/marketing-vs-agency,.marketing vs .agency,661,508,2760,47,47,0,3,3,0.257,0.236,/vs/services-vs-agency,0.251,0.271,0.419,0.128
vs,zh,/vs/marketing-vs-agency,.marketing vs .agency,1019,820,1266,47,47,0,3,3,0.328,0.293,/vs/services-vs-agency,0.271,0.3,0.419,0.111
vs,en,/vs/mba-vs-school,.mba vs .school,756,605,3275,49,49,0,3,3,0.189,0.183,/vs/academy-vs-school,0.223,0.238,0.4,0.163
vs,zh,/vs/mba-vs-school,.mba vs .school,1137,936,1389,48,48,0,3,3,0.207,0.19,/vs/academy-vs-school,0.252,0.267,0.409,0.143
vs,en,/vs/me-vs-io,.me vs .io,630,464,2371,42,42,0,3,3,0.271,0.265,/vs/life-vs-me,0.218,0.223,0.395,0.119
vs,zh,/vs/me-vs-io,.me vs .io,898,679,963,43,43,0,3,3,0.31,0.277,/vs/io-vs-tech,0.304,0.313,0.462,0.148
vs,en,/vs/media-vs-studio,.media vs .studio,616,447,2478,45,45,0,3,3,0.225,0.212,/vs/works-vs-studio,0.276,0.276,0.439,0.111
vs,zh,/vs/media-vs-studio,.media vs .studio,960,741,1065,44,44,0,3,3,0.268,0.249,/vs/works-vs-studio,0.301,0.318,0.45,0.118
vs,en,/vs/media-vs-tv,.media vs .tv,632,494,2638,42,42,0,3,3,0.205,0.202,/vs/cc-vs-tv,0.252,0.254,0.474,0.119
vs,zh,/vs/media-vs-tv,.media vs .tv,982,794,1065,43,43,0,3,3,0.247,0.226,/vs/live-vs-tv,0.276,0.285,0.462,0.118
vs,en,/vs/meme-vs-fun,.meme vs .fun,791,625,3392,49,49,0,3,3,0.243,0.222,/vs/moe-vs-fun,0.207,0.23,0.4,0.163
vs,zh,/vs/meme-vs-fun,.meme vs .fun,1258,1040,1452,50,50,0,3,3,0.309,0.286,/vs/meme-vs-lol,0.233,0.267,0.391,0.139
vs,en,/vs/meme-vs-lol,.meme vs .lol,762,629,3221,48,48,0,3,3,0.21,0.207,/vs/meme-vs-fun,0.185,0.215,0.386,0.125
vs,zh,/vs/meme-vs-lol,.meme vs .lol,1168,991,1437,49,49,0,3,3,0.309,0.286,/vs/meme-vs-fun,0.221,0.256,0.378,0.143
vs,en,/vs/menu-vs-cafe,.menu vs .cafe,783,612,3128,48,48,0,3,3,0.355,0.352,/vs/menu-vs-restaurant,0.205,0.23,0.409,0.167
vs,zh,/vs/menu-vs-cafe,.menu vs .cafe,1163,942,1348,48,48,0,3,3,0.465,0.411,/vs/menu-vs-restaurant,0.241,0.274,0.409,0.111
vs,en,/vs/menu-vs-restaurant,.menu vs .restaurant,709,539,2896,47,47,0,3,3,0.355,0.352,/vs/menu-vs-cafe,0.234,0.265,0.419,0.17
vs,zh,/vs/menu-vs-restaurant,.menu vs .restaurant,1063,843,1303,47,47,0,3,3,0.465,0.411,/vs/menu-vs-cafe,0.266,0.307,0.419,0.118
vs,en,/vs/miami-vs-nyc,.miami vs .nyc,830,745,4008,50,50,0,3,3,0.215,0.233,/vs/nyc-vs-us,0.167,0.18,0.386,0.2
vs,zh,/vs/miami-vs-nyc,.miami vs .nyc,1349,1220,1710,49,49,0,3,3,0.292,0.278,/vs/nyc-vs-us,0.196,0.218,0.378,0.225
vs,en,/vs/mobi-vs-app,.mobi vs .app,885,723,3787,49,49,0,3,3,0.171,0.165,/vs/app-vs-site,0.174,0.193,0.4,0.163
vs,zh,/vs/mobi-vs-app,.mobi vs .app,1331,1119,1604,50,50,0,3,3,0.216,0.199,/vs/app-vs-site,0.213,0.249,0.391,0.171
vs,en,/vs/moda-vs-fashion,.moda vs .fashion,780,644,3560,48,48,0,3,3,0.213,0.21,/vs/clothing-vs-fashion,0.191,0.208,0.409,0.125
vs,zh,/vs/moda-vs-fashion,.moda vs .fashion,1230,1047,1550,49,49,0,3,3,0.264,0.252,/vs/clothing-vs-fashion,0.21,0.249,0.4,0.125
vs,en,/vs/moe-vs-fun,.moe vs .fun,676,510,2675,43,43,0,3,3,0.243,0.222,/vs/meme-vs-fun,0.24,0.247,0.462,0.209
vs,zh,/vs/moe-vs-fun,.moe vs .fun,1034,816,1101,45,45,0,3,3,0.295,0.276,/vs/meme-vs-fun,0.275,0.292,0.439,0.172
vs,en,/vs/mom-vs-me,.mom vs .me,718,554,2883,44,44,0,3,3,0.237,0.216,/vs/pink-vs-me,0.19,0.219,0.375,0.159
vs,zh,/vs/mom-vs-me,.mom vs .me,1065,849,1143,44,44,0,3,3,0.23,0.211,/vs/pink-vs-me,0.261,0.291,0.45,0.143
vs,en,/vs/money-vs-finance,.money vs .finance,584,448,2533,42,42,0,3,3,0.212,0.209,/vs/cash-vs-money,0.261,0.274,0.447,0.095
vs,zh,/vs/money-vs-finance,.money vs .finance,916,736,1098,43,43,0,3,3,0.249,0.227,/vs/cash-vs-money,0.277,0.287,0.436,0.114
vs,en,/vs/monster-vs-games,.monster vs .games,803,641,3558,48,48,0,3,3,0.165,0.169,/vs/quest-vs-games,0.196,0.222,0.409,0.167
vs,zh,/vs/monster-vs-games,.monster vs .games,1275,1062,1552,49,49,0,3,3,0.217,0.213,/vs/quest-vs-games,0.236,0.262,0.4,0.154
vs,en,/vs/mortgage-vs-estate,.mortgage vs .estate,671,536,3020,46,46,0,3,3,0.227,0.216,/vs/estate-vs-land,0.231,0.248,0.429,0.152
vs,zh,/vs/mortgage-vs-estate,.mortgage vs .estate,1076,894,1389,47,47,0,3,3,0.334,0.298,/vs/estate-vs-land,0.271,0.294,0.419,0.103
vs,en,/vs/movie-vs-tv,.movie vs .tv,712,576,3048,49,49,0,3,3,0.185,0.184,/vs/cc-vs-tv,0.215,0.224,0.4,0.122
vs,zh,/vs/movie-vs-tv,.movie vs .tv,1111,921,1279,49,49,0,3,3,0.223,0.205,/vs/live-vs-tv,0.242,0.252,0.4,0.132
vs,en,/vs/mx-vs-es,.mx vs .es,747,595,3166,48,48,0,3,3,0.161,0.207,/vs/es-vs-eu,0.111,0.132,0.25,0.167
vs,zh,/vs/mx-vs-es,.mx vs .es,1145,947,1275,47,47,0,3,3,0.308,0.273,/vs/br-vs-mx,0.228,0.27,0.395,0.2
vs,en,/vs/my-vs-sg,.my vs .sg,726,568,3172,50,50,0,3,3,0.203,0.183,/vs/ph-vs-sg,0.201,0.215,0.37,0.2
vs,zh,/vs/my-vs-sg,.my vs .sg,1164,960,1256,47,47,0,3,3,0.317,0.289,/vs/ph-vs-sg,0.22,0.252,0.395,0.25
vs,en,/vs/net-vs-org,.net vs .org,740,593,3244,49,48,0.02,3,3,0.233,0.22,/vs/info-vs-org,0.213,0.215,0.4,0.083
vs,zh,/vs/net-vs-org,.net vs .org,1103,902,1428,51,50,0.02,3,3,0.217,0.201,/vs/info-vs-org,0.212,0.233,0.383,0.075
vs,en,/vs/network-vs-tech,.network vs .tech,637,472,2643,45,45,0,3,3,0.202,0.223,/vs/io-vs-tech,0.272,0.274,0.439,0.111
vs,zh,/vs/network-vs-tech,.network vs .tech,986,768,1147,46,46,0,3,3,0.247,0.251,/vs/ai-vs-tech,0.281,0.292,0.429,0.132
vs,en,/vs/news-vs-media,.news vs .media,612,477,2621,44,44,0,3,3,0.221,0.212,/vs/media-vs-studio,0.267,0.269,0.45,0.114
vs,zh,/vs/news-vs-media,.news vs .media,965,775,1122,44,44,0,3,3,0.249,0.224,/vs/media-vs-studio,0.286,0.305,0.45,0.162
vs,en,/vs/ng-vs-com,.ng vs .com,724,558,2984,49,49,0,3,3,0.256,0.29,/vs/il-vs-com,0.207,0.22,0.311,0.143
vs,zh,/vs/ng-vs-com,.ng vs .com,1134,917,1245,47,47,0,3,3,0.426,0.364,/vs/il-vs-com,0.239,0.267,0.419,0.188
vs,en,/vs/ninja-vs-dev,.ninja vs .dev,623,458,2432,43,43,0,3,3,0.216,0.202,/vs/codes-vs-dev,0.272,0.284,0.462,0.116
vs,zh,/vs/ninja-vs-dev,.ninja vs .dev,930,714,1081,43,43,0,3,3,0.252,0.235,/vs/sh-vs-dev,0.294,0.307,0.462,0.125
vs,en,/vs/nl-vs-de,.nl vs .de,737,577,3063,48,48,0,3,3,0.223,0.275,/vs/ch-vs-de,0.171,0.185,0.341,0.208
vs,zh,/vs/nl-vs-de,.nl vs .de,1129,925,1259,48,48,0,3,3,0.361,0.335,/vs/be-vs-nl,0.234,0.268,0.386,0.212
vs,en,/vs/no-vs-dk,.no vs .dk,727,580,3139,48,48,0,3,3,0.183,0.205,/vs/dk-vs-se,0.182,0.196,0.341,0.229
vs,zh,/vs/no-vs-dk,.no vs .dk,1149,954,1269,46,46,0,3,3,0.328,0.294,/vs/dk-vs-se,0.214,0.252,0.405,0.194
vs,en,/vs/nyc-vs-us,.nyc vs .us,810,719,3669,50,50,0,3,3,0.215,0.233,/vs/miami-vs-nyc,0.167,0.19,0.37,0.2
vs,zh,/vs/nyc-vs-us,.nyc vs .us,1285,1150,1538,50,50,0,3,3,0.292,0.278,/vs/miami-vs-nyc,0.202,0.234,0.37,0.222
vs,en,/vs/nz-vs-au,.nz vs .au,698,553,3036,50,50,0,3,3,0.2,0.206,/vs/au-vs-com,0.209,0.224,0.37,0.16
vs,zh,/vs/nz-vs-au,.nz vs .au,1139,950,1263,48,48,0,3,3,0.296,0.27,/vs/au-vs-com,0.22,0.26,0.386,0.189
vs,en,/vs/one-vs-me,.one vs .me,674,528,2712,43,43,0,3,3,0.249,0.229,/vs/life-vs-me,0.193,0.193,0.385,0.116
vs,zh,/vs/one-vs-me,.one vs .me,969,771,1103,43,43,0,3,3,0.246,0.224,/vs/me-vs-io,0.273,0.285,0.462,0.133
vs,en,/vs/online-vs-site,.online vs .site,727,560,2912,48,48,0,3,3,0.184,0.169,/vs/space-vs-site,0.223,0.225,0.419,0.104
vs,zh,/vs/online-vs-site,.online vs .site,1102,881,1256,47,47,0,3,3,0.221,0.203,/vs/space-vs-site,0.249,0.259,0.429,0.1
vs,en,/vs/org-vs-co,.org vs .co,649,503,2764,44,44,0,3,3,0.218,0.237,/vs/com-vs-org,0.195,0.197,0.3,0.136
vs,zh,/vs/org-vs-co,.org vs .co,1036,834,1122,47,47,0,3,3,0.255,0.241,/vs/com-vs-co,0.253,0.261,0.419,0.129
vs,en,/vs/organic-vs-bio,.organic vs .bio,777,630,3393,50,50,0,3,3,0.144,0.122,/vs/pro-vs-vip,0.207,0.222,0.391,0.16
vs,zh,/vs/organic-vs-bio,.organic vs .bio,1294,1099,1617,51,51,0,3,3,0.217,0.212,/vs/bio-vs-me,0.216,0.25,0.383,0.122
vs,en,/vs/page-vs-com,.page vs .com,660,495,2570,42,42,0,3,3,0.194,0.215,/vs/land-vs-com,0.206,0.213,0.342,0.167
vs,zh,/vs/page-vs-com,.page vs .com,1028,814,1128,43,43,0,3,3,0.267,0.237,/vs/land-vs-com,0.277,0.3,0.462,0.133
vs,en,/vs/paris-vs-london,.paris vs .london,826,680,3767,46,46,0,3,3,0.191,0.177,/vs/london-vs-uk,0.177,0.193,0.357,0.13
vs,zh,/vs/paris-vs-london,.paris vs .london,1303,1111,1609,48,48,0,3,3,0.254,0.24,/vs/london-vs-uk,0.211,0.232,0.386,0.128
vs,en,/vs/partners-vs-group,.partners vs .group,727,571,3193,48,48,0,3,3,0.188,0.176,/vs/group-vs-agency,0.218,0.246,0.409,0.125
vs,zh,/vs/partners-vs-group,.partners vs .group,1128,926,1407,48,48,0,3,3,0.239,0.222,/vs/holdings-vs-group,0.247,0.283,0.409,0.135
vs,en,/vs/parts-vs-repair,.parts vs .repair,791,633,3529,49,49,0,3,3,0.206,0.197,/vs/autos-vs-repair,0.207,0.23,0.4,0.143
vs,zh,/vs/parts-vs-repair,.parts vs .repair,1240,1032,1574,48,48,0,3,3,0.275,0.254,/vs/autos-vs-repair,0.219,0.258,0.409,0.103
vs,en,/vs/party-vs-events,.party vs .events,756,603,3286,47,47,0,3,3,0.169,0.171,/vs/tickets-vs-events,0.205,0.224,0.419,0.106
vs,zh,/vs/party-vs-events,.party vs .events,1152,948,1417,48,48,0,3,3,0.224,0.208,/vs/events-vs-live,0.236,0.274,0.409,0.114
vs,en,/vs/pe-vs-cl,.pe vs .cl,685,535,2833,49,49,0,3,3,0.2,0.221,/vs/cl-vs-mx,0.22,0.237,0.378,0.184
vs,zh,/vs/pe-vs-cl,.pe vs .cl,1044,846,1128,47,47,0,3,3,0.287,0.264,/vs/ar-vs-cl,0.256,0.287,0.395,0.156
vs,en,/vs/pet-vs-shop,.pet vs .shop,647,479,2462,44,44,0,3,3,0.209,0.2,/vs/vet-vs-pet,0.263,0.272,0.45,0.114
vs,zh,/vs/pet-vs-shop,.pet vs .shop,967,747,1009,45,45,0,3,3,0.261,0.238,/vs/vet-vs-pet,0.302,0.311,0.439,0.118
vs,en,/vs/ph-vs-sg,.ph vs .sg,704,549,3150,49,49,0,3,3,0.372,0.351,/vs/id-vs-sg,0.206,0.224,0.378,0.163
vs,zh,/vs/ph-vs-sg,.ph vs .sg,1117,916,1226,47,47,0,3,3,0.485,0.424,/vs/id-vs-sg,0.221,0.249,0.395,0.25
vs,en,/vs/photo-vs-photography,.photo vs .photography,671,537,2954,46,46,0,3,3,0.173,0.18,/vs/photography-vs-photos,0.227,0.261,0.429,0.109
vs,zh,/vs/photo-vs-photography,.photo vs .photography,1061,879,1307,45,45,0,3,3,0.249,0.246,/vs/photography-vs-photos,0.26,0.288,0.439,0.118
vs,en,/vs/photography-vs-photos,.photography vs .photos,637,492,2843,46,46,0,3,3,0.199,0.188,/vs/photos-vs-gallery,0.256,0.278,0.429,0.13
vs,zh,/vs/photography-vs-photos,.photography vs .photos,1000,803,1257,47,47,0,3,3,0.249,0.246,/vs/photo-vs-photography,0.289,0.321,0.419,0.118
vs,en,/vs/photos-vs-gallery,.photos vs .gallery,648,504,2853,47,47,0,3,3,0.209,0.227,/vs/gallery-vs-art,0.244,0.255,0.419,0.213
vs,zh,/vs/photos-vs-gallery,.photos vs .gallery,1031,832,1236,47,47,0,3,3,0.29,0.265,/vs/gallery-vs-art,0.282,0.291,0.419,0.139
vs,en,/vs/pics-vs-photos,.pics vs .photos,789,652,3523,48,48,0,3,3,0.175,0.161,/vs/photography-vs-photos,0.194,0.232,0.409,0.208
vs,zh,/vs/pics-vs-photos,.pics vs .photos,1239,1052,1581,49,49,0,3,3,0.217,0.214,/vs/photos-vs-gallery,0.231,0.281,0.4,0.139
vs,en,/vs/pictures-vs-photos,.pictures vs .photos,719,562,3181,49,49,0,3,3,0.177,0.171,/vs/photos-vs-gallery,0.218,0.232,0.4,0.163
vs,zh,/vs/pictures-vs-photos,.pictures vs .photos,1115,905,1404,47,47,0,3,3,0.238,0.219,/vs/photos-vs-gallery,0.249,0.267,0.419,0.111
vs,en,/vs/pink-vs-me,.pink vs .me,674,507,2573,42,42,0,3,3,0.258,0.237,/vs/life-vs-me,0.207,0.216,0.395,0.119
vs,zh,/vs/pink-vs-me,.pink vs .me,956,736,1020,44,44,0,3,3,0.267,0.243,/vs/me-vs-io,0.293,0.308,0.45,0.156
vs,en,/vs/pizza-vs-com,.pizza vs .com,628,461,2430,42,42,0,3,3,0.199,0.193,/vs/social-vs-com,0.251,0.256,0.421,0.119
vs,zh,/vs/pizza-vs-com,.pizza vs .com,961,744,1017,43,43,0,3,3,0.235,0.217,/vs/in-vs-com,0.293,0.305,0.462,0.118
vs,en,/vs/pk-vs-in,.pk vs .in,697,551,2985,48,48,0,3,3,0.186,0.181,/vs/in-vs-com,0.177,0.191,0.318,0.167
vs,zh,/vs/pk-vs-in,.pk vs .in,1091,899,1208,46,46,0,3,3,0.213,0.196,/vs/in-vs-com,0.228,0.254,0.405,0.206
vs,en,/vs/pl-vs-eu,.pl vs .eu,759,601,3186,46,46,0,3,3,0.219,0.331,/vs/es-vs-eu,0.196,0.221,0.405,0.174
vs,zh,/vs/pl-vs-eu,.pl vs .eu,1126,922,1253,48,48,0,3,3,0.414,0.368,/vs/es-vs-eu,0.232,0.27,0.386,0.147
vs,en,/vs/place-vs-space,.place vs .space,805,655,3442,49,49,0,3,3,0.149,0.147,/vs/shopping-vs-shop,0.192,0.219,0.4,0.163
vs,zh,/vs/place-vs-space,.place vs .space,1246,1044,1529,50,50,0,3,3,0.196,0.178,/vs/shopping-vs-shop,0.224,0.265,0.391,0.15
vs,en,/vs/plumbing-vs-repair,.plumbing vs .repair,769,613,3332,49,49,0,3,3,0.173,0.169,/vs/repair-vs-services,0.215,0.239,0.4,0.163
vs,zh,/vs/plumbing-vs-repair,.plumbing vs .repair,1153,950,1456,48,48,0,3,3,0.213,0.198,/vs/repair-vs-services,0.251,0.267,0.409,0.108
vs,en,/vs/plus-vs-vip,.plus vs .vip,762,594,3076,48,48,0,3,3,0.211,0.201,/vs/pro-vs-vip,0.204,0.223,0.409,0.104
vs,zh,/vs/plus-vs-vip,.plus vs .vip,1104,888,1246,48,48,0,3,3,0.238,0.223,/vs/pro-vs-vip,0.263,0.303,0.409,0.114
vs,en,/vs/poker-vs-games,.poker vs .games,757,590,3207,48,48,0,3,3,0.216,0.199,/vs/bet-vs-poker,0.206,0.223,0.409,0.104
vs,zh,/vs/poker-vs-games,.poker vs .games,1192,971,1392,49,49,0,3,3,0.277,0.253,/vs/bet-vs-poker,0.231,0.262,0.4,0.105
vs,en,/vs/press-vs-news,.press vs .news,643,516,2863,50,50,0,3,3,0.183,0.167,/vs/news-vs-media,0.249,0.269,0.391,0.12
vs,zh,/vs/press-vs-news,.press vs .news,988,808,1165,47,47,0,3,3,0.212,0.194,/vs/news-vs-media,0.276,0.294,0.419,0.135
vs,en,/vs/pro-vs-co,.pro vs .co,734,587,3063,43,43,0,3,3,0.186,0.188,/vs/io-vs-co,0.173,0.173,0.308,0.116
vs,zh,/vs/pro-vs-co,.pro vs .co,1166,964,1382,45,45,0,3,3,0.308,0.278,/vs/co-vs-me,0.222,0.244,0.439,0.121
vs,en,/vs/pro-vs-vip,.pro vs .vip,565,399,2161,45,45,0,3,3,0.255,0.239,/vs/gold-vs-vip,0.322,0.325,0.439,0.111
vs,zh,/vs/pro-vs-vip,.pro vs .vip,852,632,852,43,43,0,3,3,0.258,0.237,/vs/vip-vs-top,0.352,0.359,0.462,0.138
vs,en,/vs/productions-vs-studio,.productions vs .studio,727,560,3129,50,50,0,3,3,0.185,0.181,/vs/media-vs-studio,0.222,0.234,0.391,0.16
vs,zh,/vs/productions-vs-studio,.productions vs .studio,1147,928,1453,49,49,0,3,3,0.213,0.198,/vs/studio-vs-co,0.25,0.266,0.4,0.128
vs,en,/vs/promo-vs-shop,.promo vs .shop,684,514,2702,48,48,0,3,3,0.192,0.178,/vs/gifts-vs-shop,0.242,0.262,0.409,0.188
vs,zh,/vs/promo-vs-shop,.promo vs .shop,1048,825,1160,47,47,0,3,3,0.273,0.241,/vs/gifts-vs-shop,0.284,0.301,0.419,0.158
vs,en,/vs/properties-vs-estate,.properties vs .estate,657,517,2961,45,45,0,3,3,0.204,0.198,/vs/estate-vs-land,0.235,0.261,0.439,0.133
vs,zh,/vs/properties-vs-estate,.properties vs .estate,1014,825,1316,44,44,0,3,3,0.263,0.249,/vs/properties-vs-rentals,0.268,0.298,0.45,0.121
vs,en,/vs/properties-vs-rentals,.properties vs .rentals,660,518,2921,45,45,0,3,3,0.221,0.207,/vs/apartments-vs-rentals,0.233,0.251,0.439,0.133
vs,zh,/vs/properties-vs-rentals,.properties vs .rentals,987,794,1288,44,44,0,3,3,0.263,0.249,/vs/properties-vs-estate,0.279,0.303,0.45,0.125
vs,en,/vs/pub-vs-bar,.pub vs .bar,711,550,2833,48,48,0,3,3,0.199,0.188,/vs/beer-vs-pub,0.224,0.241,0.409,0.125
vs,zh,/vs/pub-vs-bar,.pub vs .bar,1159,946,1434,50,50,0,3,3,0.27,0.251,/vs/beer-vs-pub,0.216,0.254,0.391,0.139
vs,en,/vs/qa-vs-ae,.qa vs .ae,691,541,2754,46,45,0.022,3,3,0.184,0.186,/vs/sa-vs-ae,0.218,0.238,0.405,0.156
vs,zh,/vs/qa-vs-ae,.qa vs .ae,1076,878,1143,44,43,0.023,3,3,0.223,0.215,/vs/sa-vs-ae,0.239,0.269,0.425,0.167
vs,en,/vs/quest-vs-fun,.quest vs .fun,802,636,3370,48,48,0,3,3,0.348,0.328,/vs/quest-vs-games,0.201,0.231,0.409,0.167
vs,zh,/vs/quest-vs-fun,.quest vs .fun,1217,999,1442,49,49,0,3,3,0.347,0.325,/vs/quest-vs-games,0.255,0.286,0.4,0.143
vs,en,/vs/quest-vs-games,.quest vs .games,805,640,3493,48,48,0,3,3,0.348,0.328,/vs/quest-vs-fun,0.201,0.229,0.409,0.167
vs,zh,/vs/quest-vs-games,.quest vs .games,1273,1057,1517,49,49,0,3,3,0.347,0.325,/vs/quest-vs-fun,0.233,0.259,0.4,0.135
vs,en,/vs/recipes-vs-menu,.recipes vs .menu,769,612,3344,50,50,0,3,3,0.195,0.2,/vs/menu-vs-restaurant,0.215,0.231,0.391,0.14
vs,zh,/vs/recipes-vs-menu,.recipes vs .menu,1173,970,1471,48,48,0,3,3,0.253,0.237,/vs/menu-vs-restaurant,0.258,0.278,0.409,0.105
vs,en,/vs/red-vs-vip,.red vs .vip,665,497,2722,44,44,0,3,3,0.24,0.237,/vs/gold-vs-vip,0.243,0.247,0.45,0.114
vs,zh,/vs/red-vs-vip,.red vs .vip,1006,790,1050,45,45,0,3,3,0.266,0.251,/vs/gold-vs-vip,0.273,0.298,0.439,0.143
vs,en,/vs/rehab-vs-care,.rehab vs .care,834,673,3775,49,49,0,3,3,0.202,0.191,/vs/care-vs-doctor,0.19,0.206,0.4,0.184
vs,zh,/vs/rehab-vs-care,.rehab vs .care,1329,1119,1621,50,50,0,3,3,0.288,0.264,/vs/clinic-vs-care,0.214,0.251,0.391,0.184
vs,en,/vs/rent-vs-rentals,.rent vs .rentals,734,598,3228,48,48,0,3,3,0.167,0.174,/vs/apartments-vs-rentals,0.215,0.235,0.409,0.104
vs,zh,/vs/rent-vs-rentals,.rent vs .rentals,1155,967,1447,48,48,0,3,3,0.227,0.218,/vs/apartments-vs-rentals,0.253,0.295,0.409,0.105
vs,en,/vs/repair-vs-services,.repair vs .services,702,533,2884,44,44,0,3,3,0.19,0.181,/vs/solutions-vs-services,0.24,0.273,0.45,0.159
vs,zh,/vs/repair-vs-services,.repair vs .services,1046,826,1286,44,44,0,3,3,0.221,0.212,/vs/solutions-vs-services,0.268,0.299,0.45,0.129
vs,en,/vs/report-vs-news,.report vs .news,783,656,3569,51,51,0,3,3,0.163,0.148,/vs/press-vs-news,0.204,0.24,0.383,0.176
vs,zh,/vs/report-vs-news,.report vs .news,1224,1044,1587,50,50,0,3,3,0.196,0.18,/vs/press-vs-news,0.229,0.273,0.391,0.19
vs,en,/vs/restaurant-vs-bar,.restaurant vs .bar,655,486,2579,46,46,0,3,3,0.222,0.213,/vs/wine-vs-bar,0.249,0.256,0.429,0.152
vs,zh,/vs/restaurant-vs-bar,.restaurant vs .bar,1061,841,1310,48,48,0,3,3,0.329,0.307,/vs/wine-vs-bar,0.257,0.284,0.409,0.171
vs,en,/vs/restaurant-vs-cafe,.restaurant vs .cafe,703,533,2824,46,46,0,3,3,0.221,0.213,/vs/restaurant-vs-bar,0.24,0.246,0.429,0.152
vs,zh,/vs/restaurant-vs-cafe,.restaurant vs .cafe,1026,805,1196,48,48,0,3,3,0.291,0.265,/vs/farm-vs-cafe,0.299,0.312,0.409,0.111
vs,en,/vs/review-vs-reviews,.review vs .reviews,714,597,3315,51,51,0,3,3,0.159,0.159,/vs/reviews-vs-blog,0.207,0.222,0.383,0.137
vs,zh,/vs/review-vs-reviews,.review vs .reviews,1149,986,1443,48,48,0,3,3,0.204,0.197,/vs/reviews-vs-blog,0.236,0.257,0.409,0.111
vs,en,/vs/reviews-vs-blog,.reviews vs .blog,675,546,2978,45,45,0,3,3,0.263,0.24,/vs/dad-vs-blog,0.228,0.255,0.439,0.178
vs,zh,/vs/reviews-vs-blog,.reviews vs .blog,1070,895,1330,45,45,0,3,3,0.335,0.308,/vs/dad-vs-blog,0.248,0.272,0.439,0.176
vs,en,/vs/ro-vs-pl,.ro vs .pl,721,568,3052,47,47,0,3,3,0.322,0.349,/vs/cz-vs-pl,0.189,0.203,0.372,0.213
vs,zh,/vs/ro-vs-pl,.ro vs .pl,1129,928,1232,44,44,0,3,3,0.405,0.354,/vs/cz-vs-pl,0.231,0.268,0.425,0.25
vs,en,/vs/rocks-vs-fun,.rocks vs .fun,648,482,2466,45,45,0,3,3,0.218,0.209,/vs/cool-vs-fun,0.258,0.27,0.439,0.156
vs,zh,/vs/rocks-vs-fun,.rocks vs .fun,961,743,1053,48,47,0.021,3,3,0.254,0.233,/vs/cool-vs-fun,0.302,0.315,0.419,0.147
vs,en,/vs/rs-vs-io,.rs vs .io,726,561,2962,48,48,0,3,3,0.191,0.212,/vs/io-vs-dev,0.196,0.202,0.364,0.125
vs,zh,/vs/rs-vs-io,.rs vs .io,1118,902,1251,47,47,0,3,3,0.26,0.236,/vs/io-vs-tech,0.226,0.245,0.419,0.139
vs,en,/vs/rugby-vs-football,.rugby vs .football,778,626,3368,47,47,0,3,3,0.207,0.19,/vs/soccer-vs-football,0.201,0.246,0.419,0.128
vs,zh,/vs/rugby-vs-football,.rugby vs .football,1271,1068,1596,49,49,0,3,3,0.256,0.243,/vs/soccer-vs-football,0.224,0.273,0.4,0.171
vs,en,/vs/run-vs-club,.run vs .club,594,426,2263,46,46,0,3,3,0.188,0.184,/vs/center-vs-club,0.288,0.291,0.429,0.109
vs,zh,/vs/run-vs-club,.run vs .club,994,772,1127,47,47,0,3,3,0.188,0.185,/vs/center-vs-club,0.275,0.292,0.419,0.132
vs,en,/vs/sa-vs-ae,.sa vs .ae,696,543,2854,48,48,0,3,3,0.184,0.186,/vs/qa-vs-ae,0.214,0.233,0.386,0.146
vs,zh,/vs/sa-vs-ae,.sa vs .ae,1059,858,1147,46,46,0,3,3,0.243,0.228,/vs/eg-vs-sa,0.245,0.273,0.405,0.147
vs,en,/vs/sale-vs-shop,.sale vs .shop,718,552,2845,48,48,0,3,3,0.174,0.162,/vs/toys-vs-shop,0.218,0.246,0.409,0.128
vs,zh,/vs/sale-vs-shop,.sale vs .shop,1070,854,1238,48,48,0,3,3,0.246,0.231,/vs/boutique-vs-shop,0.265,0.305,0.409,0.125
vs,en,/vs/salon-vs-studio,.salon vs .studio,688,521,2713,48,48,0,3,3,0.205,0.195,/vs/beauty-vs-salon,0.232,0.254,0.409,0.146
vs,zh,/vs/salon-vs-studio,.salon vs .studio,1040,821,1186,48,48,0,3,3,0.248,0.231,/vs/beauty-vs-salon,0.276,0.315,0.409,0.114
vs,en,/vs/sbs-vs-xyz,.sbs vs .xyz,793,658,3539,48,48,0,3,3,0.156,0.157,/vs/icu-vs-xyz,0.179,0.202,0.409,0.125
vs,zh,/vs/sbs-vs-xyz,.sbs vs .xyz,1230,1050,1465,49,49,0,3,3,0.218,0.209,/vs/icu-vs-xyz,0.222,0.248,0.4,0.2
vs,en,/vs/se-vs-com,.se vs .com,749,583,3055,50,50,0,3,3,0.222,0.199,/vs/dk-vs-se,0.19,0.193,0.283,0.18
vs,zh,/vs/se-vs-com,.se vs .com,1173,956,1291,50,50,0,3,3,0.314,0.274,/vs/fi-vs-se,0.229,0.266,0.391,0.171
vs,en,/vs/services-vs-agency,.services vs .agency,684,515,2870,48,48,0,3,3,0.257,0.236,/vs/marketing-vs-agency,0.237,0.259,0.409,0.146
vs,zh,/vs/services-vs-agency,.services vs .agency,1065,845,1263,46,46,0,3,3,0.328,0.293,/vs/marketing-vs-agency,0.268,0.303,0.429,0.121
vs,en,/vs/sg-vs-asia,.sg vs .asia,814,653,3640,46,46,0,3,3,0.239,0.222,/vs/asia-vs-global,0.182,0.198,0.405,0.217
vs,zh,/vs/sg-vs-asia,.sg vs .asia,1288,1081,1421,47,47,0,3,3,0.291,0.266,/vs/hk-vs-sg,0.208,0.243,0.395,0.237
vs,en,/vs/sh-vs-dev,.sh vs .dev,560,396,2098,40,40,0,3,3,0.226,0.231,/vs/io-vs-sh,0.268,0.274,0.417,0.15
vs,zh,/vs/sh-vs-dev,.sh vs .dev,854,636,881,41,41,0,3,3,0.275,0.255,/vs/io-vs-sh,0.328,0.337,0.486,0.154
vs,en,/vs/shoes-vs-fashion,.shoes vs .fashion,731,572,3202,47,47,0,3,3,0.363,0.333,/vs/shoes-vs-store,0.222,0.249,0.419,0.17
vs,zh,/vs/shoes-vs-fashion,.shoes vs .fashion,1090,881,1331,47,47,0,3,3,0.422,0.385,/vs/shoes-vs-store,0.271,0.308,0.419,0.114
vs,en,/vs/shoes-vs-store,.shoes vs .store,745,578,3059,47,47,0,3,3,0.363,0.333,/vs/shoes-vs-fashion,0.216,0.242,0.419,0.152
vs,zh,/vs/shoes-vs-store,.shoes vs .store,1066,845,1247,47,47,0,3,3,0.422,0.385,/vs/shoes-vs-fashion,0.269,0.306,0.419,0.114
vs,en,/vs/shop-vs-com,.shop vs .com,761,593,3054,47,47,0,3,3,0.173,0.162,/vs/tech-vs-com,0.205,0.211,0.372,0.106
vs,zh,/vs/shop-vs-com,.shop vs .com,1156,937,1359,47,47,0,3,3,0.208,0.196,/vs/shop-vs-store,0.233,0.241,0.419,0.105
vs,en,/vs/shop-vs-store,.shop vs .store,720,552,2837,48,48,0,3,3,0.187,0.178,/vs/boutique-vs-shop,0.23,0.235,0.409,0.104
vs,zh,/vs/shop-vs-store,.shop vs .store,1107,887,1374,50,50,0,3,3,0.208,0.196,/vs/shop-vs-com,0.235,0.248,0.391,0.093
vs,en,/vs/shopping-vs-shop,.shopping vs .shop,782,616,3485,50,50,0,3,3,0.169,0.16,/vs/gifts-vs-shop,0.2,0.22,0.391,0.14
vs,zh,/vs/shopping-vs-shop,.shopping vs .shop,1214,998,1481,50,50,0,3,3,0.267,0.244,/vs/kaufen-vs-shop,0.23,0.266,0.391,0.132
vs,en,/vs/singles-vs-dating,.singles vs .dating,782,633,3565,48,48,0,3,3,0.241,0.217,/vs/dating-vs-love,0.205,0.225,0.409,0.25
vs,zh,/vs/singles-vs-dating,.singles vs .dating,1217,1019,1553,49,49,0,3,3,0.287,0.256,/vs/dating-vs-love,0.243,0.277,0.4,0.195
vs,en,/vs/site-vs-com,.site vs .com,620,451,2282,41,41,0,3,3,0.2,0.197,/vs/com-vs-org,0.263,0.266,0.432,0.122
vs,zh,/vs/site-vs-com,.site vs .com,948,728,976,42,42,0,3,3,0.243,0.219,/vs/zone-vs-site,0.298,0.3,0.474,0.129
vs,en,/vs/sk-vs-cz,.sk vs .cz,702,552,2995,48,48,0,3,3,0.294,0.269,/vs/hu-vs-cz,0.214,0.229,0.386,0.229
vs,zh,/vs/sk-vs-cz,.sk vs .cz,1099,901,1195,45,45,0,3,3,0.367,0.32,/vs/hu-vs-cz,0.237,0.273,0.415,0.25
vs,en,/vs/skin-vs-beauty,.skin vs .beauty,702,571,3276,48,48,0,3,3,0.162,0.164,/vs/beauty-vs-salon,0.214,0.23,0.409,0.104
vs,zh,/vs/skin-vs-beauty,.skin vs .beauty,1142,962,1389,48,48,0,3,3,0.207,0.195,/vs/beauty-vs-salon,0.247,0.263,0.409,0.1
vs,en,/vs/so-vs-io,.so vs .io,589,427,2232,41,41,0,3,3,0.237,0.277,/vs/io-vs-tech,0.267,0.27,0.432,0.146
vs,zh,/vs/so-vs-io,.so vs .io,882,669,932,42,42,0,3,3,0.339,0.306,/vs/io-vs-tech,0.311,0.311,0.474,0.133
vs,en,/vs/soccer-vs-club,.soccer vs .club,711,544,2913,45,45,0,3,3,0.246,0.247,/vs/soccer-vs-football,0.23,0.264,0.439,0.111
vs,zh,/vs/soccer-vs-club,.soccer vs .club,1087,863,1239,45,45,0,3,3,0.292,0.29,/vs/soccer-vs-football,0.266,0.294,0.439,0.114
vs,en,/vs/soccer-vs-football,.soccer vs .football,715,555,3052,44,43,0.023,3,3,0.251,0.247,/vs/football-vs-team,0.226,0.266,0.45,0.093
vs,zh,/vs/soccer-vs-football,.soccer vs .football,1110,896,1314,45,44,0.022,3,3,0.306,0.29,/vs/football-vs-team,0.256,0.296,0.439,0.105
vs,en,/vs/social-vs-com,.social vs .com,594,429,2298,42,42,0,3,3,0.214,0.205,/vs/tech-vs-com,0.279,0.3,0.421,0.167
vs,zh,/vs/social-vs-com,.social vs .com,938,724,1033,41,41,0,3,3,0.26,0.236,/vs/land-vs-com,0.313,0.329,0.486,0.161
vs,en,/vs/software-vs-app,.software vs .app,676,514,2866,47,47,0,3,3,0.203,0.205,/vs/chat-vs-app,0.244,0.266,0.419,0.128
vs,zh,/vs/software-vs-app,.software vs .app,1044,832,1225,47,47,0,3,3,0.232,0.223,/vs/ai-vs-app,0.267,0.297,0.419,0.129
vs,en,/vs/solutions-vs-services,.solutions vs .services,670,512,2867,45,45,0,3,3,0.241,0.223,/vs/services-vs-agency,0.247,0.267,0.439,0.289
vs,zh,/vs/solutions-vs-services,.solutions vs .services,1032,825,1278,47,47,0,3,3,0.287,0.269,/vs/services-vs-agency,0.278,0.312,0.419,0.121
vs,en,/vs/spa-vs-salon,.spa vs .salon,738,585,3030,47,47,0,3,3,0.181,0.165,/vs/salon-vs-studio,0.21,0.223,0.419,0.17
vs,zh,/vs/spa-vs-salon,.spa vs .salon,1122,923,1361,48,48,0,3,3,0.217,0.203,/vs/salon-vs-studio,0.242,0.281,0.409,0.139
vs,en,/vs/space-vs-site,.space vs .site,747,581,2965,47,47,0,3,3,0.184,0.169,/vs/online-vs-site,0.217,0.221,0.419,0.106
vs,zh,/vs/space-vs-site,.space vs .site,1118,896,1279,47,47,0,3,3,0.221,0.203,/vs/online-vs-site,0.248,0.25,0.419,0.1
vs,en,/vs/store-vs-com,.store vs .com,605,438,2363,41,41,0,3,3,0.2,0.198,/vs/com-vs-org,0.264,0.267,0.432,0.122
vs,zh,/vs/store-vs-com,.store vs .com,937,718,980,43,43,0,3,3,0.243,0.225,/vs/in-vs-com,0.301,0.308,0.462,0.118
vs,en,/vs/store-vs-online,.store vs .online,724,557,2849,49,49,0,3,3,0.167,0.167,/vs/online-vs-site,0.228,0.23,0.4,0.102
vs,zh,/vs/store-vs-online,.store vs .online,1079,859,1265,47,47,0,3,3,0.208,0.19,/vs/online-vs-site,0.252,0.259,0.419,0.098
vs,en,/vs/stream-vs-live,.stream vs .live,693,561,3040,49,49,0,3,3,0.191,0.187,/vs/live-vs-tv,0.181,0.191,0.311,0.122
vs,zh,/vs/stream-vs-live,.stream vs .live,1070,886,1255,49,49,0,3,3,0.239,0.219,/vs/live-vs-tv,0.264,0.279,0.4,0.132
vs,en,/vs/studio-vs-co,.studio vs .co,571,405,2088,42,42,0,3,3,0.216,0.219,/vs/io-vs-co,0.253,0.256,0.316,0.119
vs,zh,/vs/studio-vs-co,.studio vs .co,893,674,941,43,43,0,3,3,0.286,0.269,/vs/com-vs-co,0.324,0.325,0.462,0.129
vs,en,/vs/studio-vs-design,.studio vs .design,701,552,3041,45,45,0,3,3,0.177,0.186,/vs/media-vs-studio,0.231,0.238,0.439,0.111
vs,zh,/vs/studio-vs-design,.studio vs .design,1071,870,1385,46,46,0,3,3,0.217,0.203,/vs/studio-vs-co,0.242,0.266,0.429,0.125
vs,en,/vs/study-vs-courses,.study vs .courses,737,589,3313,47,46,0.021,3,3,0.21,0.198,/vs/courses-vs-academy,0.208,0.227,0.395,0.174
vs,zh,/vs/study-vs-courses,.study vs .courses,1175,983,1492,46,45,0.022,3,3,0.272,0.253,/vs/courses-vs-academy,0.246,0.263,0.405,0.114
vs,en,/vs/supplies-vs-supply,.supplies vs .supply,775,622,3576,49,49,0,3,3,0.184,0.172,/vs/supply-vs-express,0.207,0.211,0.4,0.143
vs,zh,/vs/supplies-vs-supply,.supplies vs .supply,1211,1004,1651,48,48,0,3,3,0.232,0.23,/vs/supply-vs-express,0.222,0.242,0.409,0.103
vs,en,/vs/supply-vs-express,.supply vs .express,762,604,3621,50,50,0,3,3,0.188,0.177,/vs/express-vs-store,0.207,0.226,0.391,0.14
vs,zh,/vs/supply-vs-express,.supply vs .express,1183,972,1563,48,48,0,3,3,0.232,0.23,/vs/supplies-vs-supply,0.228,0.268,0.409,0.105
vs,en,/vs/support-vs-center,.support vs .center,748,594,3320,49,49,0,3,3,0.201,0.187,/vs/center-vs-club,0.217,0.245,0.4,0.143
vs,zh,/vs/support-vs-center,.support vs .center,1130,926,1443,49,49,0,3,3,0.233,0.215,/vs/center-vs-club,0.243,0.272,0.4,0.154
vs,en,/vs/surf-vs-fun,.surf vs .fun,729,563,2938,46,46,0,3,3,0.238,0.236,/vs/surf-vs-travel,0.232,0.265,0.429,0.152
vs,zh,/vs/surf-vs-fun,.surf vs .fun,1115,897,1213,46,46,0,3,3,0.272,0.257,/vs/surf-vs-travel,0.266,0.293,0.429,0.125
vs,en,/vs/surf-vs-travel,.surf vs .travel,763,598,3183,46,46,0,3,3,0.394,0.316,/vs/golf-vs-travel,0.215,0.247,0.429,0.152
vs,zh,/vs/surf-vs-travel,.surf vs .travel,1165,950,1346,46,46,0,3,3,0.453,0.412,/vs/golf-vs-travel,0.249,0.275,0.429,0.143
vs,en,/vs/surgery-vs-clinic,.surgery vs .clinic,821,667,3855,52,52,0,3,3,0.216,0.19,/vs/hospital-vs-clinic,0.193,0.216,0.375,0.192
vs,zh,/vs/surgery-vs-clinic,.surgery vs .clinic,1268,1064,1651,52,52,0,3,3,0.327,0.301,/vs/hospital-vs-clinic,0.233,0.282,0.375,0.14
vs,en,/vs/systems-vs-network,.systems vs .network,650,502,2888,48,48,0,3,3,0.192,0.182,/vs/network-vs-tech,0.254,0.277,0.409,0.188
vs,zh,/vs/systems-vs-network,.systems vs .network,1033,834,1301,48,48,0,3,3,0.246,0.225,/vs/network-vs-tech,0.279,0.315,0.409,0.162
vs,en,/vs/tattoo-vs-ink,.tattoo vs .ink,746,610,3201,49,49,0,3,3,0.153,0.154,/vs/ink-vs-art,0.21,0.224,0.4,0.143
vs,zh,/vs/tattoo-vs-ink,.tattoo vs .ink,1222,1033,1548,50,50,0,3,3,0.221,0.205,/vs/ink-vs-art,0.222,0.241,0.391,0.128
vs,en,/vs/tax-vs-finance,.tax vs .finance,707,545,2887,48,48,0,3,3,0.205,0.182,/vs/accountants-vs-tax,0.228,0.254,0.409,0.146
vs,zh,/vs/tax-vs-finance,.tax vs .finance,1065,857,1266,47,47,0,3,3,0.232,0.21,/vs/accountants-vs-tax,0.265,0.302,0.419,0.121
vs,en,/vs/taxi-vs-city,.taxi vs .city,693,525,2758,46,46,0,3,3,0.2,0.182,/vs/limo-vs-taxi,0.247,0.267,0.429,0.174
vs,zh,/vs/taxi-vs-city,.taxi vs .city,1043,825,1170,45,45,0,3,3,0.222,0.203,/vs/limo-vs-taxi,0.28,0.301,0.439,0.161
vs,en,/vs/team-vs-com,.team vs .com,589,421,2191,43,43,0,3,3,0.212,0.206,/vs/finance-vs-com,0.287,0.298,0.41,0.14
vs,zh,/vs/team-vs-com,.team vs .com,910,688,994,43,43,0,3,3,0.247,0.227,/vs/in-vs-com,0.314,0.341,0.462,0.167
vs,en,/vs/tech-vs-com,.tech vs .com,604,436,2298,42,42,0,3,3,0.214,0.207,/vs/social-vs-com,0.274,0.282,0.421,0.119
vs,zh,/vs/tech-vs-com,.tech vs .com,925,707,940,44,44,0,3,3,0.25,0.229,/vs/in-vs-com,0.312,0.322,0.45,0.121
vs,en,/vs/technology-vs-tech,.technology vs .tech,671,508,2745,45,45,0,3,3,0.19,0.179,/vs/io-vs-tech,0.25,0.271,0.439,0.133
vs,zh,/vs/technology-vs-tech,.technology vs .tech,1030,818,1234,46,46,0,3,3,0.21,0.198,/vs/io-vs-tech,0.283,0.322,0.429,0.108
vs,en,/vs/tennis-vs-club,.tennis vs .club,716,549,2923,45,45,0,3,3,0.374,0.289,/vs/golf-vs-club,0.225,0.257,0.439,0.133
vs,zh,/vs/tennis-vs-club,.tennis vs .club,1117,895,1264,45,45,0,3,3,0.384,0.335,/vs/golf-vs-club,0.267,0.291,0.439,0.118
vs,en,/vs/tennis-vs-coach,.tennis vs .coach,731,568,3044,45,45,0,3,3,0.246,0.253,/vs/tennis-vs-club,0.219,0.251,0.439,0.133
vs,zh,/vs/tennis-vs-coach,.tennis vs .coach,1111,895,1286,45,45,0,3,3,0.315,0.3,/vs/tennis-vs-club,0.266,0.294,0.439,0.152
vs,en,/vs/th-vs-vn,.th vs .vn,730,583,3302,50,50,0,3,3,0.144,0.233,/vs/vn-vs-id,0.132,0.141,0.261,0.18
vs,zh,/vs/th-vs-vn,.th vs .vn,1134,939,1252,47,47,0,3,3,0.315,0.28,/vs/vn-vs-id,0.229,0.256,0.395,0.182
vs,en,/vs/theater-vs-show,.theater vs .show,734,587,3173,49,49,0,3,3,0.206,0.192,/vs/watch-vs-show,0.219,0.239,0.4,0.163
vs,zh,/vs/theater-vs-show,.theater vs .show,1139,943,1468,50,50,0,3,3,0.237,0.225,/vs/watch-vs-show,0.24,0.283,0.391,0.15
vs,en,/vs/tickets-vs-events,.tickets vs .events,770,617,3423,48,48,0,3,3,0.169,0.17,/vs/party-vs-events,0.203,0.226,0.409,0.167
vs,zh,/vs/tickets-vs-events,.tickets vs .events,1189,985,1527,49,49,0,3,3,0.224,0.208,/vs/events-vs-live,0.236,0.269,0.4,0.105
vs,en,/vs/tienda-vs-shop,.tienda vs .shop,875,709,3905,49,49,0,3,3,0.319,0.291,/vs/kaufen-vs-shop,0.178,0.184,0.4,0.184
vs,zh,/vs/tienda-vs-shop,.tienda vs .shop,1310,1094,1572,49,49,0,3,3,0.411,0.361,/vs/kaufen-vs-shop,0.226,0.255,0.4,0.179
vs,en,/vs/tips-vs-blog,.tips vs .blog,680,518,2774,48,48,0,3,3,0.173,0.171,/vs/reviews-vs-blog,0.239,0.268,0.409,0.167
vs,zh,/vs/tips-vs-blog,.tips vs .blog,1036,825,1247,48,48,0,3,3,0.245,0.224,/vs/blog-vs-com,0.257,0.29,0.409,0.147
vs,en,/vs/tires-vs-autos,.tires vs .autos,831,683,3699,50,50,0,3,3,0.177,0.167,/vs/autos-vs-repair,0.186,0.21,0.391,0.22
vs,zh,/vs/tires-vs-autos,.tires vs .autos,1302,1107,1611,50,50,0,3,3,0.313,0.29,/vs/autos-vs-repair,0.231,0.279,0.391,0.111
vs,en,/vs/tokyo-vs-asia,.tokyo vs .asia,827,739,3980,49,49,0,3,3,0.203,0.192,/vs/asia-vs-global,0.165,0.186,0.378,0.163
vs,zh,/vs/tokyo-vs-asia,.tokyo vs .asia,1372,1240,1697,50,50,0,3,3,0.244,0.227,/vs/asia-vs-global,0.201,0.235,0.37,0.233
vs,en,/vs/tools-vs-app,.tools vs .app,657,495,2749,44,44,0,3,3,0.207,0.211,/vs/chat-vs-app,0.25,0.255,0.45,0.114
vs,zh,/vs/tools-vs-app,.tools vs .app,1058,846,1189,44,44,0,3,3,0.253,0.235,/vs/chat-vs-app,0.268,0.282,0.45,0.114
vs,en,/vs/tours-vs-vacations,.tours vs .vacations,682,527,2888,46,46,0,3,3,0.248,0.236,/vs/vacations-vs-holiday,0.239,0.246,0.429,0.217
vs,zh,/vs/tours-vs-vacations,.tours vs .vacations,1043,840,1326,44,44,0,3,3,0.3,0.269,/vs/vacations-vs-holiday,0.271,0.281,0.45,0.125
vs,en,/vs/town-vs-city,.town vs .city,826,663,3503,51,51,0,3,3,0.155,0.142,/vs/city-vs-world,0.192,0.23,0.383,0.157
vs,zh,/vs/town-vs-city,.town vs .city,1255,1044,1518,51,51,0,3,3,0.213,0.194,/vs/city-vs-world,0.222,0.267,0.383,0.105
vs,en,/vs/toys-vs-games,.toys vs .games,734,569,3083,49,49,0,3,3,0.297,0.288,/vs/toys-vs-shop,0.225,0.248,0.4,0.122
vs,zh,/vs/toys-vs-games,.toys vs .games,1129,913,1314,48,48,0,3,3,0.341,0.32,/vs/toys-vs-shop,0.258,0.292,0.409,0.114
vs,en,/vs/toys-vs-shop,.toys vs .shop,735,569,3032,48,48,0,3,3,0.297,0.288,/vs/toys-vs-games,0.215,0.241,0.409,0.188
vs,zh,/vs/toys-vs-shop,.toys vs .shop,1067,851,1202,47,47,0,3,3,0.341,0.32,/vs/toys-vs-games,0.273,0.309,0.419,0.121
vs,en,/vs/tr-vs-ae,.tr vs .ae,764,605,3169,48,48,0,3,3,0.303,0.282,/vs/gr-vs-tr,0.17,0.183,0.364,0.208
vs,zh,/vs/tr-vs-ae,.tr vs .ae,1148,941,1262,46,46,0,3,3,0.405,0.363,/vs/gr-vs-tr,0.22,0.248,0.405,0.257
vs,en,/vs/training-vs-coach,.training vs .coach,707,547,3068,48,48,0,3,3,0.194,0.185,/vs/coach-vs-expert,0.225,0.249,0.409,0.125
vs,zh,/vs/training-vs-coach,.training vs .coach,1093,880,1368,48,48,0,3,3,0.229,0.219,/vs/coach-vs-expert,0.252,0.282,0.409,0.105
vs,en,/vs/travel-vs-tours,.travel vs .tours,688,521,2761,46,46,0,3,3,0.24,0.221,/vs/flights-vs-travel,0.24,0.253,0.429,0.174
vs,zh,/vs/travel-vs-tours,.travel vs .tours,1079,859,1227,45,45,0,3,3,0.286,0.259,/vs/flights-vs-travel,0.263,0.295,0.439,0.111
vs,en,/vs/tv-vs-com,.tv vs .com,643,477,2447,44,44,0,3,3,0.203,0.199,/vs/cc-vs-tv,0.246,0.251,0.4,0.114
vs,zh,/vs/tv-vs-com,.tv vs .com,991,774,1006,45,45,0,3,3,0.257,0.237,/vs/fm-vs-tv,0.281,0.288,0.439,0.129
vs,en,/vs/tw-vs-hk,.tw vs .hk,735,589,3278,48,48,0,3,3,0.212,0.195,/vs/hk-vs-sg,0.196,0.208,0.386,0.208
vs,zh,/vs/tw-vs-hk,.tw vs .hk,1128,936,1222,48,48,0,3,3,0.267,0.246,/vs/hk-vs-sg,0.23,0.262,0.386,0.235
vs,en,/vs/ua-vs-pl,.ua vs .pl,736,583,3183,48,48,0,3,3,0.295,0.333,/vs/cz-vs-pl,0.201,0.215,0.386,0.188
vs,zh,/vs/ua-vs-pl,.ua vs .pl,1107,906,1257,45,45,0,3,3,0.381,0.352,/vs/ro-vs-pl,0.232,0.265,0.415,0.212
vs,en,/vs/uk-vs-com,.uk vs .com,651,486,2481,47,47,0,3,3,0.35,0.341,/vs/fr-vs-com,0.248,0.257,0.372,0.17
vs,zh,/vs/uk-vs-com,.uk vs .com,996,782,1061,47,47,0,3,3,0.479,0.414,/vs/de-vs-com,0.274,0.297,0.419,0.133
vs,en,/vs/university-vs-education,.university vs .education,799,648,3942,50,50,0,3,3,0.182,0.15,/vs/hospital-vs-clinic,0.204,0.227,0.391,0.1
vs,zh,/vs/university-vs-education,.university vs .education,1266,1070,1738,50,50,0,3,3,0.22,0.197,/vs/hospital-vs-clinic,0.229,0.274,0.391,0.171
vs,en,/vs/us-vs-com,.us vs .com,564,399,2079,41,41,0,3,3,0.245,0.27,/vs/ca-vs-us,0.301,0.31,0.405,0.146
vs,zh,/vs/us-vs-com,.us vs .com,876,662,896,42,42,0,3,3,0.331,0.303,/vs/ca-vs-us,0.326,0.337,0.474,0.16
vs,en,/vs/uy-vs-ar,.uy vs .ar,734,587,3139,47,47,0,3,3,0.178,0.172,/vs/ar-vs-cl,0.143,0.149,0.233,0.17
vs,zh,/vs/uy-vs-ar,.uy vs .ar,1123,928,1263,45,45,0,3,3,0.26,0.242,/vs/ar-vs-cl,0.224,0.251,0.415,0.219
vs,en,/vs/vacations-vs-holiday,.vacations vs .holiday,679,532,3052,46,46,0,3,3,0.248,0.236,/vs/tours-vs-vacations,0.237,0.243,0.429,0.261
vs,zh,/vs/vacations-vs-holiday,.vacations vs .holiday,1042,849,1334,45,45,0,3,3,0.3,0.269,/vs/tours-vs-vacations,0.279,0.289,0.439,0.147
vs,en,/vs/vegas-vs-casino,.vegas vs .casino,783,635,3472,47,47,0,3,3,0.169,0.161,/vs/casino-vs-bet,0.197,0.205,0.419,0.128
vs,zh,/vs/vegas-vs-casino,.vegas vs .casino,1255,1060,1510,48,48,0,3,3,0.196,0.186,/vs/casino-vs-bet,0.218,0.241,0.409,0.103
vs,en,/vs/ventures-vs-capital,.ventures vs .capital,662,541,2909,46,46,0,3,3,0.221,0.223,/vs/capital-vs-fund,0.218,0.251,0.405,0.196
vs,zh,/vs/ventures-vs-capital,.ventures vs .capital,1039,874,1394,46,46,0,3,3,0.278,0.255,/vs/capital-vs-fund,0.251,0.283,0.405,0.114
vs,en,/vs/vet-vs-pet,.vet vs .pet,722,565,3010,48,48,0,3,3,0.209,0.2,/vs/pet-vs-shop,0.237,0.25,0.409,0.167
vs,zh,/vs/vet-vs-pet,.vet vs .pet,1110,903,1238,48,48,0,3,3,0.261,0.238,/vs/pet-vs-shop,0.27,0.288,0.409,0.111
vs,en,/vs/video-vs-tv,.video vs .tv,597,460,2406,43,43,0,3,3,0.21,0.211,/vs/cc-vs-tv,0.275,0.29,0.462,0.116
vs,zh,/vs/video-vs-tv,.video vs .tv,952,764,1072,42,42,0,3,3,0.255,0.23,/vs/live-vs-tv,0.289,0.308,0.474,0.188
vs,en,/vs/villas-vs-rentals,.villas vs .rentals,738,578,3308,48,48,0,3,3,0.194,0.179,/vs/apartments-vs-rentals,0.219,0.247,0.409,0.208
vs,zh,/vs/villas-vs-rentals,.villas vs .rentals,1151,939,1446,49,49,0,3,3,0.218,0.212,/vs/rent-vs-rentals,0.245,0.281,0.4,0.135
vs,en,/vs/vin-vs-wine,.vin vs .wine,788,635,3409,49,49,0,3,3,0.174,0.161,/vs/wine-vs-bar,0.199,0.219,0.4,0.143
vs,zh,/vs/vin-vs-wine,.vin vs .wine,1248,1043,1465,50,50,0,3,3,0.203,0.188,/vs/wine-vs-bar,0.224,0.265,0.391,0.105
vs,en,/vs/vip-vs-club,.vip vs .club,759,590,3105,46,46,0,3,3,0.217,0.2,/vs/pro-vs-vip,0.214,0.214,0.429,0.109
vs,zh,/vs/vip-vs-club,.vip vs .club,1091,870,1258,46,46,0,3,3,0.232,0.203,/vs/pro-vs-vip,0.249,0.267,0.429,0.108
vs,en,/vs/vip-vs-top,.vip vs .top,678,510,2734,42,42,0,3,3,0.222,0.221,/vs/pro-vs-vip,0.233,0.233,0.474,0.119
vs,zh,/vs/vip-vs-top,.vip vs .top,1032,816,1041,44,44,0,3,3,0.258,0.238,/vs/pro-vs-vip,0.268,0.279,0.45,0.133
vs,en,/vs/vision-vs-care,.vision vs .care,817,656,3577,50,50,0,3,3,0.203,0.188,/vs/care-vs-doctor,0.196,0.221,0.391,0.14
vs,zh,/vs/vision-vs-care,.vision vs .care,1243,1033,1548,50,50,0,3,3,0.268,0.252,/vs/clinic-vs-care,0.219,0.272,0.391,0.105
vs,en,/vs/vn-vs-id,.vn vs .id,718,566,3164,48,48,0,3,3,0.271,0.244,/vs/id-vs-sg,0.185,0.193,0.364,0.208
vs,zh,/vs/vn-vs-id,.vn vs .id,1109,911,1228,45,45,0,3,3,0.349,0.305,/vs/id-vs-sg,0.235,0.271,0.415,0.194
vs,en,/vs/vodka-vs-wine,.vodka vs .wine,788,635,3455,48,48,0,3,3,0.176,0.163,/vs/wine-vs-bar,0.195,0.211,0.409,0.146
vs,zh,/vs/vodka-vs-wine,.vodka vs .wine,1240,1035,1493,49,49,0,3,3,0.194,0.18,/vs/wine-vs-bar,0.215,0.248,0.4,0.103
vs,en,/vs/voyage-vs-tours,.voyage vs .tours,756,602,3363,48,48,0,3,3,0.181,0.169,/vs/travel-vs-tours,0.203,0.224,0.409,0.104
vs,zh,/vs/voyage-vs-tours,.voyage vs .tours,1167,963,1439,49,49,0,3,3,0.221,0.21,/vs/travel-vs-tours,0.248,0.285,0.4,0.1
vs,en,/vs/wang-vs-cn,.wang vs .cn,805,705,3738,48,48,0,3,3,0.211,0.233,/vs/wang-vs-com,0.164,0.182,0.386,0.125
vs,zh,/vs/wang-vs-cn,.wang vs .cn,1299,1146,1497,49,49,0,3,3,0.315,0.309,/vs/wang-vs-com,0.21,0.236,0.4,0.125
vs,en,/vs/wang-vs-com,.wang vs .com,794,629,3417,47,47,0,3,3,0.211,0.233,/vs/wang-vs-cn,0.194,0.22,0.372,0.17
vs,zh,/vs/wang-vs-com,.wang vs .com,1260,1046,1407,49,49,0,3,3,0.315,0.309,/vs/wang-vs-cn,0.239,0.269,0.4,0.175
vs,en,/vs/watch-vs-show,.watch vs .show,712,590,3121,47,47,0,3,3,0.206,0.192,/vs/theater-vs-show,0.219,0.243,0.419,0.17
vs,zh,/vs/watch-vs-show,.watch vs .show,1104,926,1374,47,47,0,3,3,0.237,0.225,/vs/theater-vs-show,0.248,0.284,0.419,0.121
vs,en,/vs/website-vs-site,.website vs .site,698,534,2856,47,47,0,3,3,0.163,0.165,/vs/app-vs-site,0.228,0.24,0.419,0.149
vs,zh,/vs/website-vs-site,.website vs .site,1060,846,1204,47,47,0,3,3,0.211,0.201,/vs/app-vs-site,0.272,0.278,0.419,0.111
vs,en,/vs/wedding-vs-love,.wedding vs .love,739,584,3154,48,48,0,3,3,0.175,0.197,/vs/dating-vs-love,0.216,0.234,0.409,0.104
vs,zh,/vs/wedding-vs-love,.wedding vs .love,1112,908,1383,48,48,0,3,3,0.274,0.263,/vs/love-vs-me,0.258,0.278,0.409,0.118
vs,en,/vs/wiki-vs-info,.wiki vs .info,701,544,2962,45,45,0,3,3,0.199,0.197,/vs/info-vs-org,0.221,0.223,0.439,0.111
vs,zh,/vs/wiki-vs-info,.wiki vs .info,1103,895,1233,44,44,0,3,3,0.249,0.228,/vs/info-vs-com,0.255,0.266,0.45,0.111
vs,en,/vs/win-vs-bet,.win vs .bet,785,629,3432,48,48,0,3,3,0.21,0.205,/vs/win-vs-vip,0.194,0.214,0.409,0.125
vs,zh,/vs/win-vs-bet,.win vs .bet,1274,1067,1458,49,49,0,3,3,0.297,0.274,/vs/win-vs-vip,0.224,0.251,0.4,0.147
vs,en,/vs/win-vs-vip,.win vs .vip,826,656,3516,48,48,0,3,3,0.21,0.205,/vs/win-vs-bet,0.186,0.212,0.409,0.125
vs,zh,/vs/win-vs-vip,.win vs .vip,1245,1023,1399,49,49,0,3,3,0.297,0.274,/vs/win-vs-bet,0.244,0.277,0.4,0.167
vs,en,/vs/wine-vs-bar,.wine vs .bar,663,499,2642,47,47,0,3,3,0.222,0.207,/vs/restaurant-vs-bar,0.252,0.257,0.419,0.191
vs,zh,/vs/wine-vs-bar,.wine vs .bar,1093,875,1269,48,48,0,3,3,0.329,0.307,/vs/restaurant-vs-bar,0.249,0.275,0.409,0.182
vs,en,/vs/work-vs-works,.work vs .works,722,566,2941,47,47,0,3,3,0.183,0.172,/vs/works-vs-studio,0.217,0.235,0.419,0.128
vs,zh,/vs/work-vs-works,.work vs .works,1096,887,1325,47,47,0,3,3,0.219,0.217,/vs/works-vs-studio,0.245,0.279,0.419,0.118
vs,en,/vs/works-vs-studio,.works vs .studio,635,467,2519,44,44,0,3,3,0.239,0.225,/vs/art-vs-studio,0.271,0.271,0.45,0.159
vs,zh,/vs/works-vs-studio,.works vs .studio,944,726,1098,45,45,0,3,3,0.281,0.264,/vs/art-vs-studio,0.295,0.309,0.439,0.147
vs,en,/vs/world-vs-com,.world vs .com,591,423,2268,41,41,0,3,3,0.214,0.204,/vs/blog-vs-com,0.284,0.289,0.432,0.122
vs,zh,/vs/world-vs-com,.world vs .com,936,717,1017,43,43,0,3,3,0.248,0.227,/vs/land-vs-com,0.299,0.324,0.462,0.114
vs,en,/vs/wtf-vs-lol,.wtf vs .lol,558,428,2240,44,44,0,3,3,0.175,0.165,/vs/lol-vs-gg,0.272,0.288,0.425,0.091
vs,zh,/vs/wtf-vs-lol,.wtf vs .lol,867,693,939,44,44,0,3,3,0.224,0.205,/vs/lol-vs-gg,0.29,0.31,0.425,0.129
vs,en,/vs/xyz-vs-top,.xyz vs .top,706,562,2938,46,46,0,3,3,0.197,0.198,/vs/cn-vs-top,0.213,0.213,0.429,0.109
vs,zh,/vs/xyz-vs-top,.xyz vs .top,1092,903,1239,45,45,0,3,3,0.261,0.24,/vs/com-vs-top,0.232,0.239,0.439,0.114
vs,en,/vs/yoga-vs-fitness,.yoga vs .fitness,682,523,2740,49,49,0,3,3,0.178,0.174,/vs/fitness-vs-coach,0.244,0.244,0.4,0.204
vs,zh,/vs/yoga-vs-fitness,.yoga vs .fitness,1034,828,1203,48,48,0,3,3,0.239,0.219,/vs/fitness-vs-coach,0.275,0.288,0.409,0.184
vs,en,/vs/za-vs-ng,.za vs .ng,690,540,2908,48,48,0,3,3,0.34,0.32,/vs/ke-vs-ng,0.22,0.235,0.364,0.188
vs,zh,/vs/za-vs-ng,.za vs .ng,1060,862,1209,46,46,0,3,3,0.407,0.365,/vs/ke-vs-ng,0.239,0.273,0.405,0.188
vs,en,/vs/zone-vs-site,.zone vs .site,623,458,2455,42,42,0,3,3,0.184,0.177,/vs/site-vs-com,0.269,0.274,0.474,0.143
vs,zh,/vs/zone-vs-site,.zone vs .site,972,753,1074,44,44,0,3,3,0.243,0.219,/vs/site-vs-com,0.286,0.295,0.45,0.129
