group,lang,path,label,bodyWords,proseWords,proseChars,sentences,uniqueSentences,dupSentenceRatio,faqDetails,faqLd,nnMasked,nnRaw,nnPath,templateShare50,templateShare10,templateSentShare,vsReuseFromTld
tld,en,/tld/abogado,.abogado,534,461,2677,37,37,0,3,3,0.257,0.16,/tld/tienda,0.243,0.273,0.405,
tld,zh,/tld/abogado,.abogado,792,701,1098,34,34,0,3,3,0.328,0.201,/tld/tienda,0.316,0.367,0.471,
tld,en,/tld/academy,.academy,461,369,2062,37,37,0,3,3,0.199,0.131,/tld/school,0.293,0.314,0.432,
tld,zh,/tld/academy,.academy,757,642,982,37,37,0,3,3,0.253,0.185,/tld/school,0.339,0.386,0.459,
tld,en,/tld/accountants,.accountants,475,402,2235,37,37,0,3,3,0.219,0.125,/tld/diamonds,0.279,0.315,0.405,
tld,zh,/tld/accountants,.accountants,737,646,1075,35,35,0,3,3,0.292,0.181,/tld/diamonds,0.353,0.392,0.457,
tld,en,/tld/actor,.actor,502,432,2362,38,38,0,3,3,0.262,0.176,/tld/graphics,0.261,0.295,0.395,
tld,zh,/tld/actor,.actor,765,677,1066,34,34,0,3,3,0.326,0.215,/tld/graphics,0.323,0.371,0.471,
tld,en,/tld/ae,.ae,636,557,2980,37,37,0,3,3,0.135,0.091,/tld/cn,0.171,0.19,0.378,
tld,zh,/tld/ae,.ae,922,829,1149,37,37,0,3,3,0.167,0.12,/tld/ro,0.209,0.231,0.405,
tld,en,/tld/agency,.agency,440,356,1875,33,33,0,3,3,0.202,0.135,/tld/shop,0.305,0.324,0.485,
tld,zh,/tld/agency,.agency,730,626,886,35,35,0,3,3,0.237,0.17,/tld/studio,0.325,0.347,0.486,
tld,en,/tld/ai,.ai,425,342,1732,32,32,0,3,3,0.108,0.134,/tld/art,0.176,0.192,0.281,
tld,zh,/tld/ai,.ai,691,584,793,33,33,0,3,3,0.219,0.165,/tld/io,0.323,0.338,0.455,
tld,en,/tld/am,.am,808,738,3959,46,46,0,3,3,0.088,0.081,/tld/la,0.104,0.104,0.174,
tld,zh,/tld/am,.am,1233,1146,1784,48,48,0,3,3,0.164,0.113,/tld/la,0.165,0.167,0.313,
tld,en,/tld/amsterdam,.amsterdam,505,432,2392,36,36,0,3,3,0.406,0.227,/tld/paris,0.235,0.286,0.389,
tld,zh,/tld/amsterdam,.amsterdam,810,719,1086,34,34,0,3,3,0.435,0.287,/tld/paris,0.282,0.349,0.441,
tld,en,/tld/apartments,.apartments,489,415,2349,37,37,0,3,3,0.255,0.161,/tld/properties,0.274,0.318,0.432,
tld,zh,/tld/apartments,.apartments,737,643,1046,35,35,0,3,3,0.305,0.203,/tld/engineering,0.366,0.417,0.486,
tld,en,/tld/app,.app,434,348,1778,35,35,0,3,3,0.206,0.135,/tld/art,0.318,0.334,0.457,
tld,zh,/tld/app,.app,674,565,838,35,35,0,3,3,0.246,0.179,/tld/dev,0.341,0.358,0.486,
tld,en,/tld/ar,.ar,657,581,2971,39,39,0,3,3,0.111,0.084,/tld/cn,0.14,0.159,0.282,
tld,zh,/tld/ar,.ar,1004,916,1341,40,40,0,3,3,0.152,0.122,/tld/so,0.196,0.218,0.375,
tld,en,/tld/art,.art,418,331,1787,34,34,0,3,3,0.215,0.137,/tld/space,0.333,0.364,0.471,
tld,zh,/tld/art,.art,694,582,778,35,35,0,3,3,0.255,0.172,/tld/design,0.361,0.387,0.486,
tld,en,/tld/asia,.asia,531,469,2529,37,37,0,3,3,0.236,0.142,/tld/place,0.244,0.274,0.405,
tld,zh,/tld/asia,.asia,807,727,1049,34,34,0,3,3,0.302,0.184,/tld/place,0.32,0.365,0.471,
tld,en,/tld/associates,.associates,455,382,2211,36,36,0,3,3,0.194,0.122,/tld/engineer,0.296,0.313,0.417,
tld,zh,/tld/associates,.associates,703,612,1117,35,35,0,3,3,0.254,0.174,/tld/attorney,0.348,0.369,0.457,
tld,en,/tld/at,.at,715,642,3303,43,43,0,3,3,0.102,0.083,/tld/cn,0.133,0.142,0.256,
tld,zh,/tld/at,.at,1028,942,1408,40,40,0,3,3,0.159,0.119,/tld/hk,0.172,0.192,0.375,
tld,en,/tld/attorney,.attorney,482,407,2281,35,35,0,3,3,0.273,0.162,/tld/dentist,0.277,0.318,0.457,
tld,zh,/tld/attorney,.attorney,749,653,1050,34,34,0,3,3,0.365,0.229,/tld/dentist,0.348,0.408,0.5,
tld,en,/tld/au,.au,654,578,3051,35,35,0,3,3,0.144,0.089,/tld/nl,0.197,0.199,0.429,
tld,zh,/tld/au,.au,986,897,1389,35,35,0,3,3,0.203,0.149,/tld/ca,0.222,0.229,0.457,
tld,en,/tld/auction,.auction,469,392,2176,36,36,0,3,3,0.277,0.158,/tld/discount,0.29,0.331,0.444,
tld,zh,/tld/auction,.auction,724,625,969,34,34,0,3,3,0.363,0.229,/tld/discount,0.371,0.417,0.5,
tld,en,/tld/audio,.audio,507,435,2322,38,38,0,3,3,0.195,0.123,/tld/holdings,0.263,0.29,0.421,
tld,zh,/tld/audio,.audio,787,694,1028,34,34,0,3,3,0.246,0.172,/tld/fashion,0.317,0.36,0.5,
tld,en,/tld/autos,.autos,499,420,2295,37,37,0,3,3,0.287,0.213,/tld/homes,0.264,0.296,0.432,
tld,zh,/tld/autos,.autos,784,684,1005,35,35,0,3,3,0.394,0.307,/tld/homes,0.328,0.364,0.486,
tld,en,/tld/baby,.baby,496,417,2250,37,37,0,3,3,0.216,0.132,/tld/green,0.266,0.301,0.432,
tld,zh,/tld/baby,.baby,772,674,944,36,36,0,3,3,0.282,0.2,/tld/green,0.34,0.392,0.472,
tld,en,/tld/band,.band,457,385,1990,35,35,0,3,3,0.205,0.132,/tld/care,0.287,0.333,0.457,
tld,zh,/tld/band,.band,728,637,942,35,35,0,3,3,0.237,0.172,/tld/international,0.345,0.382,0.486,
tld,en,/tld/bar,.bar,500,412,2065,36,36,0,3,3,0.178,0.123,/tld/art,0.259,0.269,0.444,
tld,zh,/tld/bar,.bar,771,659,968,36,36,0,3,3,0.221,0.174,/tld/cool,0.309,0.331,0.472,
tld,en,/tld/bargains,.bargains,472,397,2245,37,37,0,3,3,0.195,0.123,/tld/camera,0.271,0.299,0.432,
tld,zh,/tld/bargains,.bargains,724,628,1039,37,37,0,3,3,0.262,0.178,/tld/clothing,0.357,0.405,0.459,
tld,en,/tld/basketball,.basketball,502,427,2354,37,37,0,3,3,0.37,0.223,/tld/cricket,0.265,0.306,0.432,
tld,zh,/tld/basketball,.basketball,772,677,1122,34,34,0,3,3,0.416,0.321,/tld/rugby,0.332,0.374,0.5,
tld,en,/tld/be,.be,744,671,3587,42,42,0,3,3,0.102,0.092,/tld/fr,0.12,0.138,0.238,
tld,zh,/tld/be,.be,1041,955,1347,38,38,0,3,3,0.161,0.125,/tld/it,0.185,0.205,0.395,
tld,en,/tld/beauty,.beauty,478,401,2148,37,37,0,3,3,0.2,0.128,/tld/energy,0.278,0.314,0.432,
tld,zh,/tld/beauty,.beauty,766,666,959,36,36,0,3,3,0.264,0.2,/tld/fashion,0.347,0.399,0.472,
tld,en,/tld/beer,.beer,496,422,2201,36,36,0,3,3,0.238,0.142,/tld/tattoo,0.277,0.331,0.444,
tld,zh,/tld/beer,.beer,769,674,987,36,36,0,3,3,0.301,0.203,/tld/tattoo,0.327,0.397,0.472,
tld,en,/tld/berlin,.berlin,544,468,2502,37,37,0,3,3,0.416,0.235,/tld/boston,0.219,0.268,0.378,
tld,zh,/tld/berlin,.berlin,830,738,1070,34,34,0,3,3,0.416,0.282,/tld/amsterdam,0.269,0.338,0.441,
tld,en,/tld/best,.best,443,382,2057,35,35,0,3,3,0.172,0.111,/tld/design,0.271,0.271,0.371,
tld,zh,/tld/best,.best,727,648,913,34,34,0,3,3,0.237,0.154,/tld/lol,0.321,0.342,0.441,
tld,en,/tld/bet,.bet,499,417,2203,37,37,0,3,3,0.192,0.12,/tld/poker,0.266,0.301,0.432,
tld,zh,/tld/bet,.bet,757,654,929,35,35,0,3,3,0.266,0.18,/tld/dating,0.355,0.401,0.486,
tld,en,/tld/bike,.bike,461,388,1945,35,35,0,3,3,0.209,0.138,/tld/shoes,0.279,0.316,0.429,
tld,zh,/tld/bike,.bike,703,612,921,34,34,0,3,3,0.297,0.207,/tld/shoes,0.368,0.419,0.471,
tld,en,/tld/bio,.bio,447,374,1951,35,35,0,3,3,0.186,0.121,/tld/art,0.294,0.297,0.429,
tld,zh,/tld/bio,.bio,703,612,955,33,33,0,3,3,0.219,0.159,/tld/chat,0.34,0.347,0.485,
tld,en,/tld/biz,.biz,522,441,2282,38,38,0,3,3,0.185,0.116,/tld/ltd,0.249,0.28,0.421,
tld,zh,/tld/biz,.biz,808,704,1021,36,36,0,3,3,0.264,0.172,/tld/ltd,0.314,0.35,0.472,
tld,en,/tld/black,.black,448,375,2054,36,36,0,3,3,0.194,0.121,/tld/blue,0.285,0.311,0.417,
tld,zh,/tld/black,.black,736,648,949,35,35,0,3,3,0.242,0.168,/tld/marketing,0.343,0.377,0.457,
tld,en,/tld/blog,.blog,439,355,1911,34,34,0,3,3,0.202,0.135,/tld/art,0.305,0.321,0.471,
tld,zh,/tld/blog,.blog,680,576,957,35,35,0,3,3,0.228,0.161,/tld/design,0.321,0.334,0.486,
tld,en,/tld/blue,.blue,474,399,2105,36,36,0,3,3,0.194,0.126,/tld/black,0.27,0.314,0.444,
tld,zh,/tld/blue,.blue,784,689,1000,36,36,0,3,3,0.242,0.167,/tld/international,0.317,0.364,0.472,
tld,en,/tld/boats,.boats,495,414,2232,38,38,0,3,3,0.275,0.212,/tld/homes,0.27,0.308,0.421,
tld,zh,/tld/boats,.boats,785,680,970,35,35,0,3,3,0.377,0.304,/tld/homes,0.335,0.373,0.486,
tld,en,/tld/bond,.bond,509,443,2477,37,37,0,3,3,0.289,0.162,/tld/buzz,0.257,0.296,0.405,
tld,zh,/tld/bond,.bond,803,719,1079,34,34,0,3,3,0.322,0.2,/tld/buzz,0.323,0.374,0.471,
tld,en,/tld/boston,.boston,499,443,2440,35,35,0,3,3,0.44,0.275,/tld/miami,0.258,0.292,0.429,
tld,zh,/tld/boston,.boston,784,711,1055,33,33,0,3,3,0.45,0.331,/tld/miami,0.322,0.379,0.485,
tld,en,/tld/boutique,.boutique,477,388,2146,38,38,0,3,3,0.211,0.151,/tld/garden,0.279,0.299,0.421,
tld,zh,/tld/boutique,.boutique,745,632,986,36,36,0,3,3,0.268,0.195,/tld/garden,0.345,0.386,0.472,
tld,en,/tld/br,.br,737,661,3498,41,41,0,3,3,0.116,0.082,/tld/dk,0.132,0.149,0.293,
tld,zh,/tld/br,.br,1075,986,1402,39,39,0,3,3,0.156,0.116,/tld/dk,0.176,0.197,0.385,
tld,en,/tld/builders,.builders,471,396,2260,38,38,0,3,3,0.234,0.14,/tld/engineering,0.273,0.318,0.421,
tld,zh,/tld/builders,.builders,769,674,1039,36,36,0,3,3,0.293,0.196,/tld/construction,0.347,0.393,0.472,
tld,en,/tld/business,.business,487,412,2183,38,38,0,3,3,0.19,0.132,/tld/agency,0.271,0.296,0.421,
tld,zh,/tld/business,.business,757,662,1040,36,36,0,3,3,0.247,0.177,/tld/ltd,0.338,0.372,0.472,
tld,en,/tld/buzz,.buzz,525,455,2421,38,38,0,3,3,0.289,0.162,/tld/bond,0.25,0.288,0.395,
tld,zh,/tld/buzz,.buzz,821,733,1069,34,34,0,3,3,0.322,0.2,/tld/bond,0.305,0.355,0.471,
tld,en,/tld/ca,.ca,688,615,3330,39,39,0,3,3,0.122,0.084,/tld/art,0.166,0.168,0.359,
tld,zh,/tld/ca,.ca,1057,971,1432,37,37,0,3,3,0.203,0.149,/tld/au,0.201,0.21,0.432,
tld,en,/tld/cafe,.cafe,509,412,2049,34,34,0,3,3,0.189,0.124,/tld/art,0.272,0.302,0.471,
tld,zh,/tld/cafe,.cafe,756,637,972,35,35,0,3,3,0.256,0.17,/tld/pizza,0.346,0.386,0.486,
tld,en,/tld/camera,.camera,456,386,2126,37,37,0,3,3,0.219,0.128,/tld/diamonds,0.289,0.324,0.405,
tld,zh,/tld/camera,.camera,735,647,1051,36,36,0,3,3,0.269,0.168,/tld/clothing,0.349,0.391,0.444,
tld,en,/tld/camp,.camp,469,396,2115,36,36,0,3,3,0.228,0.129,/tld/villas,0.274,0.299,0.417,
tld,zh,/tld/camp,.camp,754,663,1021,36,36,0,3,3,0.253,0.163,/tld/villas,0.327,0.357,0.444,
tld,en,/tld/capital,.capital,460,391,2064,36,36,0,3,3,0.251,0.15,/tld/partners,0.284,0.316,0.417,
tld,zh,/tld/capital,.capital,742,655,1021,35,35,0,3,3,0.303,0.217,/tld/partners,0.349,0.387,0.457,
tld,en,/tld/care,.care,456,364,2013,37,37,0,3,3,0.228,0.134,/tld/clinic,0.296,0.338,0.432,
tld,zh,/tld/care,.care,754,639,932,37,37,0,3,3,0.267,0.185,/tld/clinic,0.332,0.372,0.459,
tld,en,/tld/careers,.careers,487,412,2295,37,37,0,3,3,0.209,0.119,/tld/lighting,0.273,0.311,0.432,
tld,zh,/tld/careers,.careers,763,666,1032,34,34,0,3,3,0.29,0.208,/tld/contractors,0.349,0.396,0.5,
tld,en,/tld/casa,.casa,536,468,2544,37,37,0,3,3,0.206,0.126,/tld/vodka,0.242,0.281,0.432,
tld,zh,/tld/casa,.casa,816,728,1095,35,35,0,3,3,0.287,0.186,/tld/moda,0.308,0.369,0.486,
tld,en,/tld/cash,.cash,433,367,1980,34,34,0,3,3,0.196,0.127,/tld/ventures,0.293,0.32,0.441,
tld,zh,/tld/cash,.cash,689,605,901,35,35,0,3,3,0.237,0.174,/tld/apartments,0.357,0.375,0.457,
tld,en,/tld/casino,.casino,508,429,2368,37,37,0,3,3,0.218,0.135,/tld/tattoo,0.265,0.306,0.432,
tld,zh,/tld/casino,.casino,779,679,1030,35,35,0,3,3,0.321,0.205,/tld/clothing,0.346,0.417,0.486,
tld,en,/tld/catering,.catering,478,405,2246,35,35,0,3,3,0.21,0.129,/tld/review,0.273,0.287,0.429,
tld,zh,/tld/catering,.catering,724,633,1015,33,33,0,3,3,0.31,0.234,/tld/cleaning,0.356,0.392,0.485,
tld,en,/tld/cc,.cc,403,341,1712,32,32,0,3,3,0.195,0.129,/tld/art,0.319,0.319,0.469,
tld,zh,/tld/cc,.cc,646,567,759,33,33,0,3,3,0.243,0.166,/tld/vip,0.36,0.362,0.485,
tld,en,/tld/center,.center,432,350,2049,33,33,0,3,3,0.21,0.137,/tld/zone,0.304,0.32,0.485,
tld,zh,/tld/center,.center,706,600,921,35,35,0,3,3,0.238,0.165,/tld/group,0.338,0.351,0.486,
tld,en,/tld/ch,.ch,713,640,3355,41,41,0,3,3,0.118,0.088,/tld/cn,0.146,0.163,0.317,
tld,zh,/tld/ch,.ch,1008,922,1316,38,38,0,3,3,0.161,0.117,/tld/it,0.189,0.212,0.395,
tld,en,/tld/chat,.chat,431,361,1946,35,35,0,3,3,0.193,0.127,/tld/club,0.301,0.307,0.429,
tld,zh,/tld/chat,.chat,657,569,891,35,35,0,3,3,0.236,0.178,/tld/jewelry,0.365,0.38,0.457,
tld,en,/tld/cheap,.cheap,483,406,2195,37,37,0,3,3,0.195,0.126,/tld/diamonds,0.266,0.293,0.432,
tld,zh,/tld/cheap,.cheap,752,651,1016,37,37,0,3,3,0.25,0.174,/tld/cruises,0.329,0.374,0.459,
tld,en,/tld/church,.church,487,414,2282,35,35,0,3,3,0.206,0.116,/tld/degree,0.273,0.306,0.429,
tld,zh,/tld/church,.church,772,681,1013,34,34,0,3,3,0.257,0.163,/tld/florist,0.334,0.364,0.471,
tld,en,/tld/city,.city,478,384,2068,37,37,0,3,3,0.193,0.128,/tld/space,0.288,0.306,0.432,
tld,zh,/tld/city,.city,772,656,922,37,37,0,3,3,0.236,0.177,/tld/properties,0.329,0.362,0.459,
tld,en,/tld/cl,.cl,672,593,3121,39,39,0,3,3,0.129,0.093,/tld/cn,0.162,0.18,0.359,
tld,zh,/tld/cl,.cl,1004,912,1241,39,39,0,3,3,0.155,0.114,/tld/ro,0.191,0.21,0.385,
tld,en,/tld/cleaning,.cleaning,486,413,2354,35,35,0,3,3,0.203,0.114,/tld/catering,0.266,0.272,0.429,
tld,zh,/tld/cleaning,.cleaning,758,667,1081,32,32,0,3,3,0.31,0.234,/tld/catering,0.33,0.359,0.5,
tld,en,/tld/click,.click,424,360,1921,34,34,0,3,3,0.19,0.12,/tld/cloud,0.296,0.307,0.441,
tld,zh,/tld/click,.click,663,581,918,33,33,0,3,3,0.238,0.181,/tld/fashion,0.356,0.374,0.485,
tld,en,/tld/clinic,.clinic,474,389,2160,38,38,0,3,3,0.228,0.139,/tld/care,0.282,0.319,0.421,
tld,zh,/tld/clinic,.clinic,783,674,1025,37,37,0,3,3,0.267,0.186,/tld/care,0.331,0.377,0.459,
tld,en,/tld/clothing,.clothing,496,424,2374,36,36,0,3,3,0.267,0.152,/tld/singles,0.268,0.322,0.444,
tld,zh,/tld/clothing,.clothing,755,663,1116,35,35,0,3,3,0.365,0.231,/tld/singles,0.343,0.412,0.486,
tld,en,/tld/cloud,.cloud,412,337,1787,32,32,0,3,3,0.206,0.133,/tld/social,0.333,0.34,0.469,
tld,zh,/tld/cloud,.cloud,637,545,803,33,33,0,3,3,0.244,0.174,/tld/club,0.382,0.388,0.485,
tld,en,/tld/club,.club,432,339,1796,34,34,0,3,3,0.21,0.139,/tld/studio,0.322,0.339,0.471,
tld,zh,/tld/club,.club,672,553,772,35,35,0,3,3,0.259,0.185,/tld/vip,0.379,0.397,0.486,
tld,en,/tld/cn,.cn,408,338,1824,32,32,0,3,3,0.18,0.12,/tld/art,0.283,0.328,0.469,
tld,zh,/tld/cn,.cn,696,601,758,34,34,0,3,3,0.211,0.153,/tld/so,0.311,0.358,0.471,
tld,en,/tld/co,.co,424,341,1743,36,36,0,3,3,0.198,0.132,/tld/art,0.313,0.326,0.417,
tld,zh,/tld/co,.co,674,565,783,33,33,0,3,3,0.24,0.172,/tld/space,0.345,0.361,0.515,
tld,en,/tld/coach,.coach,475,384,2063,37,37,0,3,3,0.192,0.129,/tld/art,0.284,0.304,0.432,
tld,zh,/tld/coach,.coach,754,636,945,37,37,0,3,3,0.234,0.176,/tld/pet,0.327,0.365,0.459,
tld,en,/tld/codes,.codes,456,388,2169,36,36,0,3,3,0.186,0.125,/tld/space,0.272,0.286,0.444,
tld,zh,/tld/codes,.codes,744,656,961,36,36,0,3,3,0.229,0.172,/tld/zone,0.325,0.337,0.472,
tld,en,/tld/coffee,.coffee,476,403,2090,40,40,0,3,3,0.202,0.128,/tld/photography,0.275,0.305,0.375,
tld,zh,/tld/coffee,.coffee,755,664,1005,36,36,0,3,3,0.269,0.181,/tld/photography,0.338,0.382,0.444,
tld,en,/tld/college,.college,515,442,2628,37,37,0,3,3,0.256,0.148,/tld/university,0.254,0.288,0.405,
tld,zh,/tld/college,.college,815,724,1151,34,34,0,3,3,0.318,0.221,/tld/university,0.312,0.363,0.471,
tld,en,/tld/com,.com,421,337,1764,35,35,0,3,3,0.198,0.133,/tld/art,0.311,0.324,0.429,
tld,zh,/tld/com,.com,723,616,792,32,32,0,3,3,0.236,0.168,/tld/vip,0.342,0.359,0.531,
tld,en,/tld/community,.community,470,392,2181,37,37,0,3,3,0.207,0.129,/tld/education,0.278,0.323,0.432,
tld,zh,/tld/community,.community,747,649,1025,36,36,0,3,3,0.281,0.192,/tld/market,0.354,0.414,0.472,
tld,en,/tld/company,.company,438,359,1934,32,32,0,3,3,0.192,0.132,/tld/fun,0.304,0.311,0.469,
tld,zh,/tld/company,.company,711,614,983,34,34,0,3,3,0.242,0.177,/tld/ltd,0.35,0.351,0.471,
tld,en,/tld/computer,.computer,480,414,2304,35,35,0,3,3,0.207,0.121,/tld/mortgage,0.283,0.321,0.429,
tld,zh,/tld/computer,.computer,742,658,1071,33,33,0,3,3,0.297,0.188,/tld/mortgage,0.367,0.409,0.485,
tld,en,/tld/condos,.condos,517,451,2506,38,38,0,3,3,0.269,0.17,/tld/graphics,0.255,0.299,0.395,
tld,zh,/tld/condos,.condos,776,692,1092,34,34,0,3,3,0.364,0.236,/tld/domains,0.334,0.389,0.471,
tld,en,/tld/construction,.construction,486,405,2360,37,37,0,3,3,0.238,0.155,/tld/apartments,0.272,0.317,0.432,
tld,zh,/tld/construction,.construction,758,652,1117,35,35,0,3,3,0.303,0.207,/tld/apartments,0.357,0.404,0.486,
tld,en,/tld/consulting,.consulting,464,386,2203,37,37,0,3,3,0.242,0.139,/tld/marketing,0.282,0.329,0.432,
tld,zh,/tld/consulting,.consulting,731,633,1072,36,36,0,3,3,0.287,0.216,/tld/marketing,0.358,0.409,0.472,
tld,en,/tld/contractors,.contractors,473,396,2370,37,37,0,3,3,0.27,0.153,/tld/management,0.289,0.329,0.432,
tld,zh,/tld/contractors,.contractors,755,650,1130,34,34,0,3,3,0.357,0.225,/tld/equipment,0.367,0.416,0.5,
tld,en,/tld/cooking,.cooking,494,419,2303,36,36,0,3,3,0.263,0.203,/tld/fishing,0.271,0.315,0.444,
tld,zh,/tld/cooking,.cooking,741,646,1022,34,34,0,3,3,0.336,0.29,/tld/fishing,0.328,0.387,0.5,
tld,en,/tld/cool,.cool,432,364,2029,34,34,0,3,3,0.19,0.127,/tld/art,0.287,0.298,0.471,
tld,zh,/tld/cool,.cool,728,639,944,36,36,0,3,3,0.249,0.185,/tld/today,0.347,0.372,0.472,
tld,en,/tld/coupons,.coupons,479,406,2284,35,35,0,3,3,0.244,0.129,/tld/parts,0.273,0.3,0.429,
tld,zh,/tld/coupons,.coupons,734,643,1014,33,33,0,3,3,0.347,0.218,/tld/parts,0.36,0.393,0.485,
tld,en,/tld/courses,.courses,491,412,2370,36,36,0,3,3,0.238,0.183,/tld/study,0.273,0.3,0.417,
tld,zh,/tld/courses,.courses,761,664,1064,33,33,0,3,3,0.354,0.275,/tld/study,0.34,0.372,0.485,
tld,en,/tld/credit,.credit,472,406,2238,36,36,0,3,3,0.257,0.141,/tld/loans,0.288,0.326,0.417,
tld,zh,/tld/credit,.credit,754,670,1082,34,34,0,3,3,0.321,0.204,/tld/loans,0.353,0.394,0.471,
tld,en,/tld/cricket,.cricket,513,438,2393,38,38,0,3,3,0.37,0.208,/tld/basketball,0.256,0.282,0.421,
tld,zh,/tld/cricket,.cricket,782,687,1070,35,35,0,3,3,0.399,0.265,/tld/basketball,0.308,0.34,0.486,
tld,en,/tld/cruises,.cruises,478,403,2251,36,36,0,3,3,0.247,0.141,/tld/clothing,0.281,0.321,0.444,
tld,zh,/tld/cruises,.cruises,760,664,1049,36,36,0,3,3,0.321,0.196,/tld/clothing,0.343,0.392,0.472,
tld,en,/tld/cyou,.cyou,520,456,2344,37,37,0,3,3,0.194,0.149,/tld/bond,0.254,0.285,0.405,
tld,zh,/tld/cyou,.cyou,793,711,1037,34,34,0,3,3,0.266,0.195,/tld/bond,0.328,0.373,0.471,
tld,en,/tld/cz,.cz,644,565,2963,38,38,0,3,3,0.134,0.085,/tld/cn,0.17,0.189,0.368,
tld,zh,/tld/cz,.cz,918,825,1181,37,37,0,3,3,0.156,0.123,/tld/th,0.198,0.219,0.405,
tld,en,/tld/dad,.dad,485,412,2110,37,37,0,3,3,0.236,0.138,/tld/mom,0.267,0.286,0.405,
tld,zh,/tld/dad,.dad,746,655,921,35,35,0,3,3,0.269,0.178,/tld/mom,0.335,0.364,0.457,
tld,en,/tld/dance,.dance,510,436,2391,40,40,0,3,3,0.233,0.14,/tld/soccer,0.255,0.294,0.4,
tld,zh,/tld/dance,.dance,792,698,1011,36,36,0,3,3,0.311,0.19,/tld/soccer,0.347,0.389,0.472,
tld,en,/tld/dating,.dating,505,427,2406,37,37,0,3,3,0.224,0.131,/tld/clothing,0.265,0.31,0.432,
tld,zh,/tld/dating,.dating,765,668,1029,35,35,0,3,3,0.302,0.218,/tld/clothing,0.351,0.41,0.486,
tld,en,/tld/day,.day,522,455,2396,37,37,0,3,3,0.22,0.168,/tld/meme,0.25,0.278,0.405,
tld,zh,/tld/day,.day,794,709,1084,34,34,0,3,3,0.322,0.244,/tld/meme,0.3,0.341,0.471,
tld,en,/tld/de,.de,931,843,4315,44,44,0,3,3,0.085,0.069,/tld/uk,0.098,0.1,0.227,
tld,zh,/tld/de,.de,1332,1229,1834,42,42,0,3,3,0.143,0.107,/tld/tw,0.162,0.165,0.381,
tld,en,/tld/deals,.deals,484,405,2229,36,36,0,3,3,0.267,0.168,/tld/auction,0.273,0.312,0.444,
tld,zh,/tld/deals,.deals,761,662,975,34,34,0,3,3,0.348,0.252,/tld/discount,0.349,0.396,0.5,
tld,en,/tld/degree,.degree,467,394,2348,36,36,0,3,3,0.206,0.123,/tld/church,0.291,0.324,0.417,
tld,zh,/tld/degree,.degree,730,639,1029,33,33,0,3,3,0.269,0.173,/tld/jewelry,0.357,0.401,0.485,
tld,en,/tld/delivery,.delivery,467,394,2254,36,36,0,3,3,0.207,0.133,/tld/rent,0.274,0.31,0.417,
tld,zh,/tld/delivery,.delivery,734,643,1046,34,34,0,3,3,0.307,0.185,/tld/rent,0.365,0.406,0.471,
tld,en,/tld/dental,.dental,444,368,2063,34,34,0,3,3,0.191,0.12,/tld/space,0.296,0.296,0.441,
tld,zh,/tld/dental,.dental,752,658,993,34,34,0,3,3,0.231,0.187,/tld/catering,0.328,0.349,0.471,
tld,en,/tld/dentist,.dentist,479,405,2322,36,36,0,3,3,0.273,0.162,/tld/attorney,0.271,0.329,0.444,
tld,zh,/tld/dentist,.dentist,752,657,1025,34,34,0,3,3,0.365,0.229,/tld/attorney,0.345,0.415,0.5,
tld,en,/tld/design,.design,413,333,1860,32,32,0,3,3,0.211,0.135,/tld/art,0.326,0.346,0.5,
tld,zh,/tld/design,.design,658,552,783,34,34,0,3,3,0.273,0.183,/tld/studio,0.378,0.398,0.5,
tld,en,/tld/dev,.dev,417,331,1798,36,36,0,3,3,0.204,0.135,/tld/art,0.319,0.332,0.444,
tld,zh,/tld/dev,.dev,672,562,845,35,35,0,3,3,0.246,0.179,/tld/app,0.339,0.354,0.486,
tld,en,/tld/diamonds,.diamonds,447,374,2147,36,36,0,3,3,0.231,0.132,/tld/cruises,0.3,0.333,0.417,
tld,zh,/tld/diamonds,.diamonds,724,633,1037,36,36,0,3,3,0.31,0.192,/tld/clothing,0.354,0.402,0.444,
tld,en,/tld/digital,.digital,403,337,1955,33,33,0,3,3,0.222,0.162,/tld/life,0.328,0.334,0.455,
tld,zh,/tld/digital,.digital,676,592,918,34,34,0,3,3,0.249,0.192,/tld/life,0.357,0.365,0.471,
tld,en,/tld/directory,.directory,452,382,2093,35,35,0,3,3,0.216,0.13,/tld/marketing,0.272,0.309,0.4,
tld,zh,/tld/directory,.directory,710,622,990,34,34,0,3,3,0.261,0.178,/tld/services,0.342,0.382,0.441,
tld,en,/tld/discount,.discount,483,404,2402,36,36,0,3,3,0.277,0.168,/tld/auction,0.282,0.322,0.444,
tld,zh,/tld/discount,.discount,759,660,1057,34,34,0,3,3,0.363,0.252,/tld/auction,0.361,0.411,0.5,
tld,en,/tld/dk,.dk,672,596,3151,39,39,0,3,3,0.133,0.089,/tld/hk,0.167,0.186,0.359,
tld,zh,/tld/dk,.dk,991,901,1226,37,37,0,3,3,0.177,0.134,/tld/no,0.193,0.214,0.405,
tld,en,/tld/doctor,.doctor,452,376,2121,35,35,0,3,3,0.185,0.12,/tld/design,0.289,0.289,0.429,
tld,zh,/tld/doctor,.doctor,759,665,980,35,35,0,3,3,0.247,0.164,/tld/clinic,0.327,0.354,0.457,
tld,en,/tld/dog,.dog,508,433,2185,38,38,0,3,3,0.252,0.152,/tld/green,0.269,0.316,0.421,
tld,zh,/tld/dog,.dog,763,668,957,36,36,0,3,3,0.32,0.227,/tld/green,0.348,0.404,0.472,
tld,en,/tld/domains,.domains,508,442,2476,38,38,0,3,3,0.329,0.216,/tld/graphics,0.259,0.298,0.395,
tld,zh,/tld/domains,.domains,763,679,1072,34,34,0,3,3,0.381,0.247,/tld/graphics,0.344,0.406,0.471,
tld,en,/tld/earth,.earth,473,395,2263,38,38,0,3,3,0.201,0.126,/tld/eco,0.271,0.304,0.421,
tld,zh,/tld/earth,.earth,764,664,969,35,35,0,3,3,0.272,0.187,/tld/eco,0.329,0.374,0.486,
tld,en,/tld/eco,.eco,466,386,2239,37,37,0,3,3,0.202,0.129,/tld/dad,0.282,0.316,0.432,
tld,zh,/tld/eco,.eco,767,662,908,35,35,0,3,3,0.272,0.187,/tld/earth,0.334,0.379,0.486,
tld,en,/tld/education,.education,494,412,2348,38,38,0,3,3,0.207,0.129,/tld/community,0.265,0.3,0.421,
tld,zh,/tld/education,.education,781,680,1118,37,37,0,3,3,0.268,0.189,/tld/market,0.327,0.377,0.459,
tld,en,/tld/ee,.ee,745,669,3560,44,44,0,3,3,0.123,0.099,/tld/kz,0.143,0.159,0.318,
tld,zh,/tld/ee,.ee,1242,1154,1580,45,45,0,3,3,0.154,0.129,/tld/lt,0.152,0.169,0.333,
tld,en,/tld/eg,.eg,674,598,3296,37,37,0,3,3,0.117,0.092,/tld/qa,0.142,0.159,0.324,
tld,zh,/tld/eg,.eg,1057,969,1355,36,36,0,3,3,0.179,0.137,/tld/il,0.173,0.195,0.417,
tld,en,/tld/email,.email,417,344,1878,34,34,0,3,3,0.213,0.135,/tld/digital,0.321,0.325,0.441,
tld,zh,/tld/email,.email,668,577,908,35,35,0,3,3,0.226,0.154,/tld/space,0.333,0.334,0.457,
tld,en,/tld/energy,.energy,486,406,2210,36,36,0,3,3,0.219,0.127,/tld/green,0.277,0.325,0.444,
tld,zh,/tld/energy,.energy,770,665,1005,34,34,0,3,3,0.287,0.196,/tld/green,0.362,0.414,0.5,
tld,en,/tld/engineer,.engineer,452,379,2247,37,37,0,3,3,0.215,0.127,/tld/theater,0.294,0.318,0.405,
tld,zh,/tld/engineer,.engineer,734,643,1043,36,36,0,3,3,0.266,0.182,/tld/theater,0.352,0.381,0.444,
tld,en,/tld/engineering,.engineering,483,402,2364,37,37,0,3,3,0.252,0.158,/tld/green,0.278,0.326,0.432,
tld,zh,/tld/engineering,.engineering,759,657,1082,35,35,0,3,3,0.319,0.227,/tld/green,0.352,0.407,0.486,
tld,en,/tld/equipment,.equipment,472,397,2295,37,37,0,3,3,0.324,0.152,/tld/management,0.283,0.323,0.432,
tld,zh,/tld/equipment,.equipment,746,649,1045,34,34,0,3,3,0.438,0.307,/tld/management,0.365,0.412,0.5,
tld,en,/tld/es,.es,772,696,3447,42,42,0,3,3,0.084,0.09,/tld/fr,0.085,0.103,0.214,
tld,zh,/tld/es,.es,1089,1000,1439,39,39,0,3,3,0.161,0.126,/tld/it,0.177,0.197,0.385,
tld,en,/tld/estate,.estate,475,392,2231,37,37,0,3,3,0.198,0.138,/tld/restaurant,0.274,0.316,0.432,
tld,zh,/tld/estate,.estate,741,637,1008,37,37,0,3,3,0.254,0.196,/tld/pet,0.343,0.378,0.459,
tld,en,/tld/eu,.eu,741,662,3395,39,39,0,3,3,0.139,0.084,/tld/au,0.179,0.183,0.385,
tld,zh,/tld/eu,.eu,1072,979,1400,38,38,0,3,3,0.177,0.124,/tld/au,0.23,0.237,0.421,
tld,en,/tld/events,.events,481,397,2118,37,37,0,3,3,0.214,0.125,/tld/services,0.269,0.31,0.432,
tld,zh,/tld/events,.events,786,677,972,36,36,0,3,3,0.278,0.186,/tld/salon,0.341,0.398,0.472,
tld,en,/tld/exchange,.exchange,445,379,2121,36,36,0,3,3,0.208,0.142,/tld/systems,0.283,0.321,0.417,
tld,zh,/tld/exchange,.exchange,719,635,977,35,35,0,3,3,0.269,0.195,/tld/international,0.361,0.404,0.457,
tld,en,/tld/expert,.expert,476,389,2229,37,37,0,3,3,0.189,0.122,/tld/art,0.278,0.293,0.432,
tld,zh,/tld/expert,.expert,755,648,988,36,36,0,3,3,0.24,0.171,/tld/black,0.33,0.373,0.472,
tld,en,/tld/express,.express,517,433,2414,37,37,0,3,3,0.216,0.134,/tld/hockey,0.255,0.302,0.432,
tld,zh,/tld/express,.express,791,684,1057,36,36,0,3,3,0.301,0.192,/tld/hockey,0.349,0.396,0.472,
tld,en,/tld/family,.family,486,403,2241,38,38,0,3,3,0.201,0.143,/tld/gifts,0.285,0.328,0.421,
tld,zh,/tld/family,.family,766,661,975,36,36,0,3,3,0.269,0.197,/tld/green,0.361,0.406,0.472,
tld,en,/tld/fan,.fan,532,452,2359,38,38,0,3,3,0.218,0.13,/tld/fish,0.256,0.313,0.421,
tld,zh,/tld/fan,.fan,783,680,991,35,35,0,3,3,0.312,0.197,/tld/fish,0.347,0.417,0.486,
tld,en,/tld/fans,.fans,533,463,2400,38,38,0,3,3,0.184,0.113,/tld/bond,0.253,0.293,0.395,
tld,zh,/tld/fans,.fans,798,710,1036,34,34,0,3,3,0.245,0.173,/tld/fan,0.321,0.367,0.471,
tld,en,/tld/farm,.farm,459,377,2071,36,36,0,3,3,0.198,0.136,/tld/care,0.287,0.326,0.444,
tld,zh,/tld/farm,.farm,751,645,958,36,36,0,3,3,0.239,0.192,/tld/family,0.336,0.367,0.472,
tld,en,/tld/fashion,.fashion,474,392,2146,37,37,0,3,3,0.213,0.163,/tld/wedding,0.277,0.311,0.432,
tld,zh,/tld/fashion,.fashion,755,652,964,36,36,0,3,3,0.297,0.229,/tld/wedding,0.351,0.407,0.472,
tld,en,/tld/fi,.fi,715,636,3472,42,42,0,3,3,0.115,0.099,/tld/ie,0.125,0.142,0.286,
tld,zh,/tld/fi,.fi,1073,980,1316,40,40,0,3,3,0.146,0.113,/tld/se,0.178,0.196,0.375,
tld,en,/tld/finance,.finance,447,366,2003,35,35,0,3,3,0.199,0.131,/tld/fund,0.296,0.299,0.429,
tld,zh,/tld/finance,.finance,730,631,921,35,35,0,3,3,0.239,0.172,/tld/fund,0.345,0.356,0.457,
tld,en,/tld/fish,.fish,507,433,2413,38,38,0,3,3,0.228,0.141,/tld/clothing,0.265,0.319,0.421,
tld,zh,/tld/fish,.fish,755,659,1006,35,35,0,3,3,0.312,0.204,/tld/fan,0.352,0.419,0.486,
tld,en,/tld/fishing,.fishing,502,423,2314,35,35,0,3,3,0.263,0.203,/tld/cooking,0.268,0.309,0.457,
tld,zh,/tld/fishing,.fishing,736,638,1023,34,34,0,3,3,0.336,0.29,/tld/cooking,0.324,0.384,0.5,
tld,en,/tld/fit,.fit,517,438,2285,39,39,0,3,3,0.259,0.191,/tld/surf,0.251,0.284,0.41,
tld,zh,/tld/fit,.fit,804,699,1021,36,36,0,3,3,0.35,0.269,/tld/surf,0.318,0.368,0.472,
tld,en,/tld/fitness,.fitness,485,395,2136,38,38,0,3,3,0.205,0.139,/tld/restaurant,0.278,0.295,0.421,
tld,zh,/tld/fitness,.fitness,792,681,1051,37,37,0,3,3,0.266,0.186,/tld/restaurant,0.322,0.369,0.459,
tld,en,/tld/flights,.flights,481,408,2360,36,36,0,3,3,0.192,0.117,/tld/shoes,0.259,0.288,0.417,
tld,zh,/tld/flights,.flights,762,671,1040,34,34,0,3,3,0.272,0.185,/tld/vacations,0.328,0.368,0.471,
tld,en,/tld/florist,.florist,486,410,2276,36,36,0,3,3,0.195,0.128,/tld/hair,0.273,0.285,0.417,
tld,zh,/tld/florist,.florist,744,650,1025,33,33,0,3,3,0.287,0.196,/tld/plumbing,0.358,0.394,0.485,
tld,en,/tld/flowers,.flowers,492,417,2335,37,37,0,3,3,0.213,0.129,/tld/attorney,0.263,0.292,0.432,
tld,zh,/tld/flowers,.flowers,788,693,1070,36,36,0,3,3,0.273,0.178,/tld/attorney,0.311,0.353,0.472,
tld,en,/tld/fm,.fm,457,379,1983,33,33,0,3,3,0.208,0.135,/tld/io,0.279,0.293,0.485,
tld,zh,/tld/fm,.fm,740,641,891,34,34,0,3,3,0.265,0.19,/tld/io,0.305,0.317,0.5,
tld,en,/tld/food,.food,516,439,2351,36,36,0,3,3,0.214,0.128,/tld/clothing,0.261,0.296,0.444,
tld,zh,/tld/food,.food,794,693,1028,35,35,0,3,3,0.267,0.17,/tld/clothing,0.325,0.363,0.486,
tld,en,/tld/football,.football,525,444,2408,38,38,0,3,3,0.221,0.169,/tld/soccer,0.253,0.295,0.421,
tld,zh,/tld/football,.football,795,693,1068,36,36,0,3,3,0.306,0.241,/tld/soccer,0.354,0.397,0.472,
tld,en,/tld/forum,.forum,487,417,2286,36,36,0,3,3,0.206,0.156,/tld/management,0.268,0.295,0.417,
tld,zh,/tld/forum,.forum,711,623,968,33,33,0,3,3,0.265,0.201,/tld/study,0.356,0.391,0.485,
tld,en,/tld/foundation,.foundation,533,460,2707,37,37,0,3,3,0.197,0.115,/tld/beer,0.246,0.285,0.405,
tld,zh,/tld/foundation,.foundation,808,717,1222,34,34,0,3,3,0.26,0.164,/tld/fan,0.31,0.36,0.471,
tld,en,/tld/fr,.fr,732,659,3387,38,38,0,3,3,0.127,0.092,/tld/cn,0.157,0.176,0.368,
tld,zh,/tld/fr,.fr,1064,978,1343,37,37,0,3,3,0.191,0.144,/tld/it,0.198,0.22,0.405,
tld,en,/tld/fun,.fun,420,326,1788,33,33,0,3,3,0.206,0.145,/tld/space,0.321,0.338,0.485,
tld,zh,/tld/fun,.fun,667,547,751,35,35,0,3,3,0.273,0.19,/tld/live,0.378,0.395,0.486,
tld,en,/tld/fund,.fund,441,369,2037,34,34,0,3,3,0.199,0.131,/tld/finance,0.295,0.31,0.441,
tld,zh,/tld/fund,.fund,706,616,971,35,35,0,3,3,0.239,0.171,/tld/finance,0.344,0.363,0.457,
tld,en,/tld/furniture,.furniture,489,416,2431,36,36,0,3,3,0.273,0.137,/tld/equipment,0.283,0.311,0.417,
tld,zh,/tld/furniture,.furniture,756,665,1091,33,33,0,3,3,0.353,0.21,/tld/equipment,0.345,0.374,0.485,
tld,en,/tld/futbol,.futbol,524,449,2522,38,38,0,3,3,0.225,0.151,/tld/rugby,0.25,0.301,0.421,
tld,zh,/tld/futbol,.futbol,812,714,1099,35,35,0,3,3,0.287,0.188,/tld/moda,0.331,0.382,0.486,
tld,en,/tld/fyi,.fyi,517,444,2314,37,37,0,3,3,0.19,0.119,/tld/promo,0.249,0.29,0.432,
tld,zh,/tld/fyi,.fyi,805,712,1021,36,36,0,3,3,0.266,0.181,/tld/tennis,0.324,0.363,0.472,
tld,en,/tld/gallery,.gallery,479,402,2201,37,37,0,3,3,0.184,0.12,/tld/kitchen,0.263,0.274,0.432,
tld,zh,/tld/gallery,.gallery,772,672,990,36,36,0,3,3,0.245,0.169,/tld/kitchen,0.33,0.363,0.472,
tld,en,/tld/games,.games,443,350,1881,34,34,0,3,3,0.209,0.136,/tld/design,0.315,0.334,0.471,
tld,zh,/tld/games,.games,719,601,870,34,34,0,3,3,0.236,0.168,/tld/gg,0.34,0.357,0.5,
tld,en,/tld/garden,.garden,482,398,2136,37,37,0,3,3,0.211,0.151,/tld/boutique,0.267,0.283,0.432,
tld,zh,/tld/garden,.garden,787,679,1012,36,36,0,3,3,0.268,0.195,/tld/boutique,0.314,0.36,0.472,
tld,en,/tld/ge,.ge,728,655,3516,41,41,0,3,3,0.13,0.09,/tld/qa,0.145,0.162,0.317,
tld,zh,/tld/ge,.ge,1099,1011,1470,40,40,0,3,3,0.169,0.128,/tld/qa,0.178,0.199,0.375,
tld,en,/tld/gg,.gg,412,331,1726,35,35,0,3,3,0.209,0.139,/tld/art,0.319,0.335,0.457,
tld,zh,/tld/gg,.gg,636,531,739,34,34,0,3,3,0.248,0.172,/tld/vip,0.37,0.39,0.5,
tld,en,/tld/gift,.gift,500,425,2300,36,36,0,3,3,0.193,0.116,/tld/spa,0.267,0.299,0.444,
tld,zh,/tld/gift,.gift,772,676,987,35,35,0,3,3,0.254,0.189,/tld/cooking,0.327,0.383,0.486,
tld,en,/tld/gifts,.gifts,502,424,2310,39,39,0,3,3,0.209,0.128,/tld/dance,0.255,0.294,0.41,
tld,zh,/tld/gifts,.gifts,786,688,1008,36,36,0,3,3,0.279,0.189,/tld/dance,0.345,0.391,0.472,
tld,en,/tld/glass,.glass,518,445,2441,37,37,0,3,3,0.272,0.168,/tld/graphics,0.261,0.305,0.405,
tld,zh,/tld/glass,.glass,791,700,1079,34,34,0,3,3,0.326,0.223,/tld/immo,0.337,0.394,0.471,
tld,en,/tld/global,.global,447,367,2089,35,35,0,3,3,0.195,0.126,/tld/land,0.293,0.319,0.457,
tld,zh,/tld/global,.global,743,641,958,35,35,0,3,3,0.232,0.174,/tld/international,0.33,0.354,0.486,
tld,en,/tld/gmbh,.gmbh,539,466,2517,38,38,0,3,3,0.237,0.142,/tld/graphics,0.244,0.278,0.395,
tld,zh,/tld/gmbh,.gmbh,821,730,1054,34,34,0,3,3,0.284,0.176,/tld/tienda,0.311,0.357,0.471,
tld,en,/tld/gold,.gold,475,406,2129,36,36,0,3,3,0.176,0.12,/tld/legal,0.268,0.279,0.417,
tld,zh,/tld/gold,.gold,728,641,949,35,35,0,3,3,0.244,0.172,/tld/sale,0.348,0.382,0.457,
tld,en,/tld/golf,.golf,514,438,2235,38,38,0,3,3,0.279,0.154,/tld/hockey,0.255,0.288,0.395,
tld,zh,/tld/golf,.golf,778,684,963,35,35,0,3,3,0.378,0.233,/tld/hockey,0.352,0.385,0.457,
tld,en,/tld/gr,.gr,684,611,3240,39,39,0,3,3,0.131,0.101,/tld/sk,0.144,0.161,0.333,
tld,zh,/tld/gr,.gr,1042,956,1254,38,38,0,3,3,0.175,0.129,/tld/ro,0.186,0.206,0.395,
tld,en,/tld/graphics,.graphics,509,439,2462,38,38,0,3,3,0.329,0.216,/tld/domains,0.263,0.305,0.395,
tld,zh,/tld/graphics,.graphics,802,714,1149,35,35,0,3,3,0.381,0.247,/tld/domains,0.335,0.392,0.457,
tld,en,/tld/green,.green,486,406,2264,37,37,0,3,3,0.252,0.158,/tld/engineering,0.282,0.331,0.432,
tld,zh,/tld/green,.green,779,675,986,35,35,0,3,3,0.32,0.218,/tld/dog,0.361,0.419,0.486,
tld,en,/tld/group,.group,446,362,2010,35,35,0,3,3,0.204,0.133,/tld/life,0.297,0.312,0.457,
tld,zh,/tld/group,.group,717,613,881,36,36,0,3,3,0.244,0.175,/tld/media,0.357,0.38,0.472,
tld,en,/tld/guide,.guide,507,435,2281,38,38,0,3,3,0.182,0.125,/tld/soccer,0.239,0.279,0.342,
tld,zh,/tld/guide,.guide,797,705,1052,36,36,0,3,3,0.278,0.179,/tld/promo,0.337,0.377,0.472,
tld,en,/tld/guru,.guru,446,373,1981,36,36,0,3,3,0.185,0.123,/tld/ventures,0.287,0.296,0.417,
tld,zh,/tld/guru,.guru,711,620,960,35,35,0,3,3,0.264,0.172,/tld/institute,0.347,0.381,0.457,
tld,en,/tld/hair,.hair,469,397,2115,37,37,0,3,3,0.283,0.198,/tld/makeup,0.279,0.318,0.432,
tld,zh,/tld/hair,.hair,736,644,938,34,34,0,3,3,0.412,0.309,/tld/makeup,0.346,0.39,0.5,
tld,en,/tld/health,.health,513,428,2375,39,39,0,3,3,0.245,0.149,/tld/hockey,0.27,0.309,0.41,
tld,zh,/tld/health,.health,825,715,1040,36,36,0,3,3,0.281,0.176,/tld/hockey,0.329,0.375,0.472,
tld,en,/tld/healthcare,.healthcare,516,443,2659,39,39,0,3,3,0.244,0.144,/tld/domains,0.254,0.29,0.385,
tld,zh,/tld/healthcare,.healthcare,814,723,1205,34,34,0,3,3,0.347,0.242,/tld/hospital,0.33,0.389,0.471,
tld,en,/tld/help,.help,493,427,2204,37,37,0,3,3,0.193,0.123,/tld/community,0.251,0.285,0.432,
tld,zh,/tld/help,.help,758,672,960,35,35,0,3,3,0.269,0.181,/tld/support,0.328,0.384,0.486,
tld,en,/tld/hk,.hk,721,645,3394,44,44,0,3,3,0.145,0.12,/tld/sg,0.159,0.177,0.318,
tld,zh,/tld/hk,.hk,1014,925,1315,42,42,0,3,3,0.186,0.154,/tld/ie,0.196,0.221,0.357,
tld,en,/tld/hockey,.hockey,509,434,2258,39,39,0,3,3,0.279,0.154,/tld/golf,0.261,0.307,0.41,
tld,zh,/tld/hockey,.hockey,792,696,1026,36,36,0,3,3,0.378,0.233,/tld/golf,0.343,0.388,0.472,
tld,en,/tld/holdings,.holdings,489,423,2447,37,37,0,3,3,0.204,0.123,/tld/investments,0.261,0.275,0.405,
tld,zh,/tld/holdings,.holdings,791,707,1095,34,34,0,3,3,0.303,0.194,/tld/investments,0.338,0.367,0.471,
tld,en,/tld/holiday,.holiday,504,429,2384,39,39,0,3,3,0.199,0.146,/tld/taxi,0.254,0.288,0.41,
tld,zh,/tld/holiday,.holiday,745,650,1032,36,36,0,3,3,0.269,0.201,/tld/apartments,0.336,0.383,0.472,
tld,en,/tld/homes,.homes,483,415,2378,38,38,0,3,3,0.287,0.213,/tld/autos,0.271,0.307,0.421,
tld,zh,/tld/homes,.homes,760,670,1019,35,35,0,3,3,0.394,0.307,/tld/autos,0.342,0.389,0.486,
tld,en,/tld/horse,.horse,512,437,2325,35,35,0,3,3,0.236,0.179,/tld/fishing,0.256,0.298,0.457,
tld,zh,/tld/horse,.horse,765,670,1016,34,34,0,3,3,0.313,0.241,/tld/fishing,0.315,0.375,0.5,
tld,en,/tld/hospital,.hospital,526,453,2637,38,38,0,3,3,0.264,0.157,/tld/glass,0.253,0.297,0.395,
tld,zh,/tld/hospital,.hospital,806,715,1142,34,34,0,3,3,0.347,0.242,/tld/healthcare,0.329,0.384,0.471,
tld,en,/tld/host,.host,412,346,1907,32,32,0,3,3,0.205,0.126,/tld/network,0.314,0.321,0.469,
tld,zh,/tld/host,.host,689,605,937,33,33,0,3,3,0.222,0.148,/tld/cloud,0.342,0.347,0.485,
tld,en,/tld/house,.house,496,409,2264,38,38,0,3,3,0.192,0.131,/tld/style,0.263,0.306,0.421,
tld,zh,/tld/house,.house,784,677,1032,37,37,0,3,3,0.256,0.173,/tld/properties,0.324,0.369,0.459,
tld,en,/tld/hu,.hu,687,614,3170,40,40,0,3,3,0.13,0.095,/tld/sa,0.137,0.154,0.3,
tld,zh,/tld/hu,.hu,1065,979,1283,39,39,0,3,3,0.18,0.144,/tld/sk,0.174,0.194,0.359,
tld,en,/tld/icu,.icu,442,378,2014,34,34,0,3,3,0.179,0.12,/tld/social,0.276,0.285,0.441,
tld,zh,/tld/icu,.icu,726,644,910,34,34,0,3,3,0.212,0.153,/tld/link,0.32,0.326,0.471,
tld,en,/tld/id,.id,647,568,2975,41,41,0,3,3,0.115,0.089,/tld/ph,0.16,0.16,0.268,
tld,zh,/tld/id,.id,933,841,1239,37,37,0,3,3,0.165,0.119,/tld/vip,0.226,0.235,0.432,
tld,en,/tld/ie,.ie,695,622,3216,41,41,0,3,3,0.144,0.12,/tld/hk,0.154,0.172,0.317,
tld,zh,/tld/ie,.ie,1025,938,1327,37,37,0,3,3,0.186,0.154,/tld/hk,0.182,0.206,0.405,
tld,en,/tld/il,.il,671,598,3111,39,39,0,3,3,0.135,0.106,/tld/ke,0.133,0.151,0.282,
tld,zh,/tld/il,.il,1045,960,1380,37,37,0,3,3,0.209,0.163,/tld/ke,0.177,0.197,0.405,
tld,en,/tld/immo,.immo,523,454,2552,37,37,0,3,3,0.254,0.152,/tld/tires,0.247,0.287,0.405,
tld,zh,/tld/immo,.immo,807,720,1109,34,34,0,3,3,0.335,0.216,/tld/tires,0.315,0.364,0.471,
tld,en,/tld/immobilien,.immobilien,550,477,2756,38,38,0,3,3,0.295,0.186,/tld/kaufen,0.235,0.258,0.395,
tld,zh,/tld/immobilien,.immobilien,820,730,1239,34,34,0,3,3,0.381,0.264,/tld/kaufen,0.319,0.366,0.471,
tld,en,/tld/in,.in,400,341,1867,32,32,0,3,3,0.086,0.122,/tld/cloud,0.142,0.145,0.188,
tld,zh,/tld/in,.in,662,585,784,33,33,0,3,3,0.228,0.166,/tld/us,0.344,0.348,0.455,
tld,en,/tld/info,.info,421,344,1776,32,32,0,3,3,0.205,0.138,/tld/club,0.314,0.33,0.5,
tld,zh,/tld/info,.info,668,570,783,32,32,0,3,3,0.248,0.184,/tld/club,0.36,0.377,0.531,
tld,en,/tld/ink,.ink,469,389,2013,37,37,0,3,3,0.176,0.132,/tld/gg,0.264,0.276,0.405,
tld,zh,/tld/ink,.ink,744,640,935,36,36,0,3,3,0.227,0.169,/tld/cool,0.318,0.338,0.472,
tld,en,/tld/institute,.institute,469,396,2232,36,36,0,3,3,0.203,0.13,/tld/marketing,0.278,0.304,0.417,
tld,zh,/tld/institute,.institute,735,644,1032,35,35,0,3,3,0.272,0.19,/tld/tips,0.357,0.396,0.457,
tld,en,/tld/international,.international,467,392,2291,37,37,0,3,3,0.204,0.16,/tld/capital,0.271,0.321,0.432,
tld,zh,/tld/international,.international,732,637,1071,36,36,0,3,3,0.281,0.219,/tld/technology,0.365,0.425,0.472,
tld,en,/tld/investments,.investments,472,406,2395,36,36,0,3,3,0.21,0.131,/tld/productions,0.274,0.31,0.417,
tld,zh,/tld/investments,.investments,739,655,1103,33,33,0,3,3,0.326,0.223,/tld/productions,0.368,0.406,0.485,
tld,en,/tld/io,.io,421,336,1713,31,31,0,3,3,0.212,0.139,/tld/art,0.326,0.345,0.516,
tld,zh,/tld/io,.io,670,562,823,32,32,0,3,3,0.265,0.19,/tld/fm,0.342,0.357,0.531,
tld,en,/tld/is,.is,854,781,3898,45,45,0,3,3,0.083,0.072,/tld/pk,0.089,0.103,0.178,
tld,zh,/tld/is,.is,1234,1147,1693,46,46,0,3,3,0.142,0.105,/tld/pk,0.151,0.167,0.304,
tld,en,/tld/it,.it,749,676,3377,38,38,0,3,3,0.11,0.09,/tld/fr,0.118,0.137,0.263,
tld,zh,/tld/it,.it,1061,975,1341,36,36,0,3,3,0.191,0.144,/tld/fr,0.196,0.222,0.417,
tld,en,/tld/jewelry,.jewelry,486,410,2263,36,36,0,3,3,0.197,0.131,/tld/degree,0.276,0.301,0.417,
tld,zh,/tld/jewelry,.jewelry,726,632,996,33,33,0,3,3,0.269,0.194,/tld/degree,0.381,0.432,0.485,
tld,en,/tld/jp,.jp,712,636,3211,42,42,0,3,3,0.135,0.101,/tld/kr,0.162,0.181,0.333,
tld,zh,/tld/jp,.jp,1011,922,1278,39,39,0,3,3,0.166,0.137,/tld/kr,0.192,0.212,0.385,
tld,en,/tld/kaufen,.kaufen,533,460,2554,38,38,0,3,3,0.295,0.186,/tld/immobilien,0.237,0.259,0.395,
tld,zh,/tld/kaufen,.kaufen,790,699,1089,34,34,0,3,3,0.382,0.27,/tld/tienda,0.335,0.383,0.471,
tld,en,/tld/ke,.ke,659,586,3024,37,37,0,3,3,0.135,0.116,/tld/il,0.169,0.188,0.378,
tld,zh,/tld/ke,.ke,997,912,1350,36,36,0,3,3,0.214,0.182,/tld/ng,0.181,0.201,0.417,
tld,en,/tld/kids,.kids,558,476,2610,38,38,0,3,3,0.211,0.125,/tld/fish,0.233,0.28,0.421,
tld,zh,/tld/kids,.kids,853,748,1076,35,35,0,3,3,0.274,0.163,/tld/fish,0.298,0.354,0.486,
tld,en,/tld/kitchen,.kitchen,493,410,2231,41,41,0,3,3,0.199,0.125,/tld/wine,0.266,0.285,0.39,
tld,zh,/tld/kitchen,.kitchen,761,657,1040,37,37,0,3,3,0.276,0.18,/tld/photography,0.344,0.386,0.459,
tld,en,/tld/kr,.kr,635,562,2937,37,37,0,3,3,0.145,0.101,/tld/sg,0.178,0.198,0.378,
tld,zh,/tld/kr,.kr,944,859,1306,36,36,0,3,3,0.166,0.137,/tld/jp,0.19,0.212,0.417,
tld,en,/tld/kz,.kz,683,610,3328,35,35,0,3,3,0.128,0.099,/tld/qa,0.159,0.177,0.4,
tld,zh,/tld/kz,.kz,1018,933,1354,36,36,0,3,3,0.163,0.12,/tld/qa,0.179,0.198,0.417,
tld,en,/tld/la,.la,760,690,3661,41,41,0,3,3,0.094,0.081,/tld/art,0.128,0.128,0.244,
tld,zh,/tld/la,.la,1149,1063,1645,41,41,0,3,3,0.164,0.113,/tld/am,0.174,0.18,0.366,
tld,en,/tld/land,.land,417,347,1909,34,34,0,3,3,0.206,0.136,/tld/social,0.317,0.337,0.471,
tld,zh,/tld/land,.land,696,606,935,36,36,0,3,3,0.24,0.178,/tld/video,0.347,0.373,0.472,
tld,en,/tld/law,.law,479,395,2083,37,37,0,3,3,0.199,0.121,/tld/menu,0.279,0.311,0.432,
tld,zh,/tld/law,.law,773,665,946,35,35,0,3,3,0.267,0.189,/tld/fashion,0.327,0.376,0.486,
tld,en,/tld/lawyer,.lawyer,466,387,2178,35,35,0,3,3,0.198,0.124,/tld/law,0.285,0.299,0.429,
tld,zh,/tld/lawyer,.lawyer,759,662,1021,34,34,0,3,3,0.255,0.192,/tld/attorney,0.335,0.36,0.471,
tld,en,/tld/legal,.legal,461,385,2150,35,35,0,3,3,0.21,0.133,/tld/recipes,0.296,0.313,0.429,
tld,zh,/tld/legal,.legal,737,643,1013,33,33,0,3,3,0.269,0.188,/tld/recipes,0.356,0.385,0.485,
tld,en,/tld/life,.life,436,345,1910,35,35,0,3,3,0.222,0.162,/tld/digital,0.308,0.327,0.457,
tld,zh,/tld/life,.life,703,588,892,35,35,0,3,3,0.249,0.194,/tld/digital,0.339,0.361,0.486,
tld,en,/tld/lighting,.lighting,493,415,2338,37,37,0,3,3,0.265,0.14,/tld/management,0.284,0.325,0.432,
tld,zh,/tld/lighting,.lighting,754,654,1066,34,34,0,3,3,0.335,0.208,/tld/management,0.338,0.374,0.5,
tld,en,/tld/limited,.limited,477,402,2286,37,37,0,3,3,0.186,0.126,/tld/land,0.266,0.291,0.432,
tld,zh,/tld/limited,.limited,753,658,1007,37,37,0,3,3,0.238,0.174,/tld/bargains,0.338,0.369,0.459,
tld,en,/tld/limo,.limo,492,417,2277,38,38,0,3,3,0.238,0.152,/tld/villas,0.266,0.312,0.421,
tld,zh,/tld/limo,.limo,789,694,1027,37,37,0,3,3,0.278,0.197,/tld/villas,0.322,0.361,0.459,
tld,en,/tld/link,.link,403,334,1813,33,33,0,3,3,0.202,0.134,/tld/studio,0.307,0.32,0.455,
tld,zh,/tld/link,.link,652,562,805,34,34,0,3,3,0.281,0.204,/tld/live,0.372,0.387,0.5,
tld,en,/tld/live,.live,416,328,1747,32,32,0,3,3,0.176,0.145,/tld/pro,0.279,0.293,0.406,
tld,zh,/tld/live,.live,658,547,756,34,34,0,3,3,0.281,0.204,/tld/link,0.38,0.394,0.5,
tld,en,/tld/lk,.lk,764,691,3568,42,42,0,3,3,0.116,0.077,/tld/ge,0.136,0.152,0.31,
tld,zh,/tld/lk,.lk,1089,1004,1490,42,42,0,3,3,0.155,0.115,/tld/ge,0.178,0.202,0.357,
tld,en,/tld/llc,.llc,519,443,2321,40,40,0,3,3,0.202,0.128,/tld/ltd,0.258,0.3,0.4,
tld,zh,/tld/llc,.llc,824,727,1009,36,36,0,3,3,0.298,0.195,/tld/ltd,0.338,0.384,0.472,
tld,en,/tld/loans,.loans,457,391,2227,36,36,0,3,3,0.257,0.141,/tld/credit,0.285,0.32,0.417,
tld,zh,/tld/loans,.loans,733,649,1052,34,34,0,3,3,0.321,0.204,/tld/credit,0.363,0.41,0.471,
tld,en,/tld/lol,.lol,445,369,1935,33,33,0,3,3,0.191,0.127,/tld/today,0.293,0.296,0.455,
tld,zh,/tld/lol,.lol,708,614,909,35,35,0,3,3,0.237,0.174,/tld/best,0.335,0.351,0.457,
tld,en,/tld/london,.london,513,454,2475,37,37,0,3,3,0.393,0.219,/tld/tokyo,0.258,0.282,0.405,
tld,zh,/tld/london,.london,788,712,1065,33,33,0,3,3,0.417,0.271,/tld/tokyo,0.328,0.368,0.485,
tld,en,/tld/love,.love,494,410,2104,37,37,0,3,3,0.209,0.125,/tld/style,0.265,0.3,0.432,
tld,zh,/tld/love,.love,761,656,961,36,36,0,3,3,0.253,0.173,/tld/wedding,0.331,0.372,0.472,
tld,en,/tld/lt,.lt,820,744,3930,44,44,0,3,3,0.111,0.097,/tld/kz,0.124,0.138,0.318,
tld,zh,/tld/lt,.lt,1244,1156,1577,44,44,0,3,3,0.154,0.129,/tld/ee,0.151,0.167,0.341,
tld,en,/tld/ltd,.ltd,517,432,2289,38,38,0,3,3,0.202,0.125,/tld/llc,0.257,0.302,0.421,
tld,zh,/tld/ltd,.ltd,789,682,972,36,36,0,3,3,0.298,0.195,/tld/llc,0.364,0.413,0.472,
tld,en,/tld/lu,.lu,823,753,3968,42,42,0,3,3,0.111,0.077,/tld/lk,0.128,0.143,0.31,
tld,zh,/tld/lu,.lu,1243,1157,1620,44,44,0,3,3,0.147,0.115,/tld/lk,0.15,0.166,0.318,
tld,en,/tld/luxury,.luxury,523,448,2416,36,36,0,3,3,0.193,0.146,/tld/clothing,0.248,0.293,0.444,
tld,zh,/tld/luxury,.luxury,772,676,1033,35,35,0,3,3,0.275,0.185,/tld/clothing,0.33,0.399,0.486,
tld,en,/tld/lv,.lv,740,667,3414,43,43,0,3,3,0.134,0.093,/tld/pk,0.144,0.16,0.326,
tld,zh,/tld/lv,.lv,1119,1033,1474,40,40,0,3,3,0.171,0.126,/tld/pk,0.17,0.19,0.375,
tld,en,/tld/ma,.ma,751,678,3601,41,41,0,3,3,0.096,0.08,/tld/kz,0.113,0.129,0.22,
tld,zh,/tld/ma,.ma,1110,1025,1542,44,44,0,3,3,0.134,0.111,/tld/uz,0.158,0.178,0.318,
tld,en,/tld/makeup,.makeup,489,417,2235,37,37,0,3,3,0.304,0.228,/tld/skin,0.28,0.32,0.432,
tld,zh,/tld/makeup,.makeup,753,658,971,34,34,0,3,3,0.412,0.309,/tld/hair,0.356,0.391,0.5,
tld,en,/tld/management,.management,450,377,2247,36,36,0,3,3,0.324,0.152,/tld/equipment,0.309,0.341,0.417,
tld,zh,/tld/management,.management,713,622,1065,33,33,0,3,3,0.438,0.307,/tld/equipment,0.375,0.412,0.485,
tld,en,/tld/market,.market,485,402,2237,38,38,0,3,3,0.196,0.122,/tld/training,0.262,0.302,0.421,
tld,zh,/tld/market,.market,777,671,1040,37,37,0,3,3,0.281,0.191,/tld/community,0.338,0.387,0.459,
tld,en,/tld/marketing,.marketing,448,375,1989,36,36,0,3,3,0.242,0.139,/tld/consulting,0.297,0.333,0.417,
tld,zh,/tld/marketing,.marketing,713,622,1014,35,35,0,3,3,0.287,0.216,/tld/consulting,0.362,0.408,0.457,
tld,en,/tld/mba,.mba,494,421,2264,36,36,0,3,3,0.211,0.121,/tld/management,0.272,0.299,0.417,
tld,zh,/tld/mba,.mba,752,661,988,33,33,0,3,3,0.279,0.185,/tld/florist,0.35,0.381,0.485,
tld,en,/tld/md,.md,848,778,4025,46,46,0,3,3,0.126,0.079,/tld/qa,0.126,0.14,0.283,
tld,zh,/tld/md,.md,1251,1164,1660,44,44,0,3,3,0.158,0.109,/tld/qa,0.145,0.161,0.318,
tld,en,/tld/me,.me,427,344,1792,32,32,0,3,3,0.16,0.134,/tld/io,0.246,0.265,0.375,
tld,zh,/tld/me,.me,710,601,841,33,33,0,3,3,0.239,0.171,/tld/space,0.338,0.356,0.515,
tld,en,/tld/media,.media,451,368,2045,35,35,0,3,3,0.21,0.129,/tld/life,0.296,0.314,0.457,
tld,zh,/tld/media,.media,735,629,943,37,37,0,3,3,0.247,0.167,/tld/life,0.328,0.354,0.459,
tld,en,/tld/meme,.meme,520,447,2382,38,38,0,3,3,0.22,0.168,/tld/day,0.261,0.288,0.395,
tld,zh,/tld/meme,.meme,772,681,1013,34,34,0,3,3,0.322,0.244,/tld/day,0.318,0.364,0.471,
tld,en,/tld/menu,.menu,496,411,2111,38,38,0,3,3,0.203,0.125,/tld/wedding,0.267,0.297,0.421,
tld,zh,/tld/menu,.menu,766,661,950,36,36,0,3,3,0.277,0.181,/tld/wedding,0.331,0.376,0.472,
tld,en,/tld/miami,.miami,496,440,2400,35,35,0,3,3,0.44,0.275,/tld/boston,0.259,0.291,0.429,
tld,zh,/tld/miami,.miami,768,695,1011,33,33,0,3,3,0.45,0.331,/tld/boston,0.323,0.363,0.485,
tld,en,/tld/mn,.mn,772,702,3812,49,49,0,3,3,0.114,0.073,/tld/art,0.151,0.151,0.286,
tld,zh,/tld/mn,.mn,1200,1113,1602,46,46,0,3,3,0.145,0.106,/tld/la,0.177,0.178,0.326,
tld,en,/tld/mobi,.mobi,571,505,2652,37,37,0,3,3,0.172,0.104,/tld/report,0.221,0.254,0.405,
tld,zh,/tld/mobi,.mobi,841,757,1093,34,34,0,3,3,0.255,0.151,/tld/domains,0.309,0.356,0.471,
tld,en,/tld/moda,.moda,529,456,2515,37,37,0,3,3,0.211,0.141,/tld/fan,0.245,0.285,0.432,
tld,zh,/tld/moda,.moda,794,700,1108,35,35,0,3,3,0.302,0.231,/tld/fan,0.322,0.388,0.486,
tld,en,/tld/moe,.moe,467,397,2166,35,35,0,3,3,0.174,0.113,/tld/social,0.266,0.274,0.429,
tld,zh,/tld/moe,.moe,729,641,929,35,35,0,3,3,0.225,0.158,/tld/fashion,0.331,0.34,0.457,
tld,en,/tld/mom,.mom,487,414,2170,36,36,0,3,3,0.236,0.127,/tld/dad,0.272,0.292,0.417,
tld,zh,/tld/mom,.mom,774,683,967,35,35,0,3,3,0.269,0.197,/tld/dad,0.332,0.363,0.457,
tld,en,/tld/money,.money,455,383,2147,34,34,0,3,3,0.186,0.121,/tld/shop,0.287,0.305,0.441,
tld,zh,/tld/money,.money,752,662,1026,35,35,0,3,3,0.236,0.166,/tld/institute,0.336,0.363,0.457,
tld,en,/tld/monster,.monster,513,440,2499,37,37,0,3,3,0.179,0.13,/tld/pics,0.254,0.29,0.405,
tld,zh,/tld/monster,.monster,781,690,1079,34,34,0,3,3,0.245,0.184,/tld/pics,0.333,0.38,0.471,
tld,en,/tld/mortgage,.mortgage,479,413,2323,38,38,0,3,3,0.221,0.127,/tld/loans,0.278,0.312,0.395,
tld,zh,/tld/mortgage,.mortgage,756,672,1059,34,34,0,3,3,0.303,0.185,/tld/loans,0.36,0.394,0.471,
tld,en,/tld/movie,.movie,510,438,2289,37,37,0,3,3,0.188,0.116,/tld/pictures,0.256,0.292,0.432,
tld,zh,/tld/movie,.movie,779,685,1020,35,35,0,3,3,0.255,0.166,/tld/express,0.345,0.386,0.486,
tld,en,/tld/mx,.mx,677,598,3185,38,38,0,3,3,0.136,0.084,/tld/net,0.184,0.186,0.395,
tld,zh,/tld/mx,.mx,996,904,1402,37,37,0,3,3,0.157,0.11,/tld/cloud,0.209,0.218,0.432,
tld,en,/tld/my,.my,662,586,3090,38,38,0,3,3,0.137,0.092,/tld/art,0.189,0.191,0.395,
tld,zh,/tld/my,.my,987,899,1319,37,37,0,3,3,0.167,0.126,/tld/ph,0.223,0.23,0.432,
tld,en,/tld/net,.net,411,336,1788,32,32,0,3,3,0.207,0.134,/tld/art,0.33,0.343,0.5,
tld,zh,/tld/net,.net,679,585,812,33,33,0,3,3,0.235,0.178,/tld/vip,0.347,0.36,0.515,
tld,en,/tld/network,.network,411,336,1977,35,35,0,3,3,0.206,0.138,/tld/zone,0.326,0.339,0.457,
tld,zh,/tld/network,.network,705,605,920,36,36,0,3,3,0.232,0.178,/tld/studio,0.334,0.35,0.472,
tld,en,/tld/news,.news,462,377,1983,34,34,0,3,3,0.206,0.131,/tld/shop,0.293,0.31,0.471,
tld,zh,/tld/news,.news,729,617,982,36,36,0,3,3,0.232,0.16,/tld/shop,0.323,0.343,0.472,
tld,en,/tld/ng,.ng,669,590,3228,39,39,0,3,3,0.115,0.116,/tld/ke,0.148,0.16,0.282,
tld,zh,/tld/ng,.ng,1058,967,1331,38,38,0,3,3,0.214,0.182,/tld/ke,0.174,0.197,0.395,
tld,en,/tld/ninja,.ninja,450,377,1999,35,35,0,3,3,0.187,0.132,/tld/art,0.289,0.3,0.429,
tld,zh,/tld/ninja,.ninja,718,630,951,35,35,0,3,3,0.24,0.177,/tld/boutique,0.349,0.371,0.457,
tld,en,/tld/nl,.nl,682,606,3219,39,39,0,3,3,0.144,0.089,/tld/au,0.189,0.191,0.385,
tld,zh,/tld/nl,.nl,1025,937,1370,39,39,0,3,3,0.178,0.133,/tld/au,0.214,0.22,0.41,
tld,en,/tld/no,.no,699,626,3331,41,41,0,3,3,0.128,0.093,/tld/dk,0.155,0.166,0.317,
tld,zh,/tld/no,.no,1002,915,1325,39,39,0,3,3,0.177,0.134,/tld/dk,0.188,0.208,0.385,
tld,en,/tld/nyc,.nyc,530,471,2423,37,37,0,3,3,0.344,0.19,/tld/boston,0.249,0.28,0.405,
tld,zh,/tld/nyc,.nyc,809,733,1016,33,33,0,3,3,0.416,0.261,/tld/boston,0.313,0.353,0.485,
tld,en,/tld/nz,.nz,683,610,3145,44,44,0,3,3,0.138,0.084,/tld/art,0.191,0.193,0.341,
tld,zh,/tld/nz,.nz,970,884,1453,40,40,0,3,3,0.169,0.116,/tld/tw,0.216,0.223,0.4,
tld,en,/tld/one,.one,448,384,2009,34,34,0,3,3,0.182,0.117,/tld/art,0.282,0.291,0.441,
tld,zh,/tld/one,.one,725,643,928,35,35,0,3,3,0.23,0.171,/tld/bike,0.343,0.369,0.457,
tld,en,/tld/online,.online,427,341,1835,35,35,0,3,3,0.213,0.168,/tld/site,0.312,0.325,0.457,
tld,zh,/tld/online,.online,729,621,842,36,36,0,3,3,0.232,0.188,/tld/live,0.338,0.356,0.472,
tld,en,/tld/org,.org,413,334,1847,33,33,0,3,3,0.206,0.136,/tld/games,0.316,0.329,0.485,
tld,zh,/tld/org,.org,680,574,781,34,34,0,3,3,0.235,0.166,/tld/vip,0.344,0.359,0.5,
tld,en,/tld/organic,.organic,544,469,2641,39,39,0,3,3,0.214,0.137,/tld/clothing,0.246,0.298,0.41,
tld,zh,/tld/organic,.organic,814,717,1098,36,36,0,3,3,0.293,0.201,/tld/clothing,0.33,0.403,0.472,
tld,en,/tld/page,.page,448,378,2043,33,33,0,3,3,0.176,0.138,/tld/space,0.272,0.284,0.424,
tld,zh,/tld/page,.page,721,633,1002,34,34,0,3,3,0.24,0.175,/tld/app,0.317,0.337,0.471,
tld,en,/tld/paris,.paris,535,462,2487,36,36,0,3,3,0.406,0.222,/tld/amsterdam,0.211,0.257,0.361,
tld,zh,/tld/paris,.paris,817,727,1026,34,34,0,3,3,0.435,0.287,/tld/amsterdam,0.267,0.331,0.441,
tld,en,/tld/partners,.partners,459,383,2231,36,36,0,3,3,0.251,0.15,/tld/capital,0.284,0.315,0.417,
tld,zh,/tld/partners,.partners,774,680,1076,35,35,0,3,3,0.303,0.217,/tld/capital,0.331,0.368,0.457,
tld,en,/tld/parts,.parts,471,396,2201,37,37,0,3,3,0.299,0.14,/tld/equipment,0.287,0.328,0.432,
tld,zh,/tld/parts,.parts,750,654,978,34,34,0,3,3,0.377,0.225,/tld/equipment,0.359,0.401,0.5,
tld,en,/tld/party,.party,517,442,2383,37,37,0,3,3,0.196,0.131,/tld/villas,0.259,0.309,0.432,
tld,zh,/tld/party,.party,794,699,1058,35,35,0,3,3,0.255,0.175,/tld/casa,0.317,0.382,0.486,
tld,en,/tld/pe,.pe,688,615,3344,39,39,0,3,3,0.128,0.09,/tld/cn,0.159,0.177,0.359,
tld,zh,/tld/pe,.pe,1034,949,1414,38,38,0,3,3,0.165,0.128,/tld/ge,0.178,0.197,0.395,
tld,en,/tld/pet,.pet,499,411,2234,38,38,0,3,3,0.19,0.131,/tld/care,0.266,0.309,0.421,
tld,zh,/tld/pet,.pet,790,681,943,37,37,0,3,3,0.254,0.186,/tld/estate,0.336,0.384,0.459,
tld,en,/tld/ph,.ph,641,568,2890,39,39,0,3,3,0.143,0.091,/tld/art,0.196,0.198,0.385,
tld,zh,/tld/ph,.ph,930,844,1289,36,36,0,3,3,0.191,0.152,/tld/il,0.222,0.225,0.444,
tld,en,/tld/photo,.photo,507,435,2345,39,39,0,3,3,0.2,0.134,/tld/mom,0.255,0.283,0.41,
tld,zh,/tld/photo,.photo,788,696,1052,36,36,0,3,3,0.256,0.216,/tld/photography,0.323,0.372,0.472,
tld,en,/tld/photography,.photography,465,387,2196,40,40,0,3,3,0.227,0.139,/tld/photos,0.279,0.322,0.4,
tld,zh,/tld/photography,.photography,751,653,1068,36,36,0,3,3,0.286,0.234,/tld/photos,0.354,0.404,0.472,
tld,en,/tld/photos,.photos,471,388,2206,39,39,0,3,3,0.227,0.139,/tld/photography,0.275,0.315,0.41,
tld,zh,/tld/photos,.photos,764,657,1007,37,37,0,3,3,0.286,0.234,/tld/photography,0.34,0.387,0.459,
tld,en,/tld/pics,.pics,519,449,2425,37,37,0,3,3,0.195,0.142,/tld/fish,0.261,0.295,0.405,
tld,zh,/tld/pics,.pics,765,677,1067,34,34,0,3,3,0.246,0.182,/tld/bond,0.33,0.378,0.471,
tld,en,/tld/pictures,.pictures,483,411,2358,36,36,0,3,3,0.212,0.134,/tld/productions,0.274,0.324,0.444,
tld,zh,/tld/pictures,.pictures,743,650,1089,34,34,0,3,3,0.281,0.205,/tld/productions,0.365,0.423,0.5,
tld,en,/tld/pink,.pink,474,398,2101,38,38,0,3,3,0.195,0.125,/tld/marketing,0.266,0.304,0.421,
tld,zh,/tld/pink,.pink,767,674,918,38,38,0,3,3,0.25,0.191,/tld/international,0.338,0.383,0.447,
tld,en,/tld/pizza,.pizza,470,395,2089,36,36,0,3,3,0.203,0.135,/tld/space,0.284,0.307,0.444,
tld,zh,/tld/pizza,.pizza,743,649,975,37,37,0,3,3,0.256,0.184,/tld/cafe,0.338,0.376,0.459,
tld,en,/tld/pk,.pk,732,659,3445,38,38,0,3,3,0.134,0.093,/tld/lv,0.15,0.167,0.368,
tld,zh,/tld/pk,.pk,1083,998,1463,39,39,0,3,3,0.171,0.126,/tld/lv,0.172,0.192,0.385,
tld,en,/tld/pl,.pl,677,595,3113,39,39,0,3,3,0.129,0.081,/tld/cn,0.162,0.181,0.359,
tld,zh,/tld/pl,.pl,1000,904,1286,40,40,0,3,3,0.146,0.104,/tld/so,0.184,0.206,0.375,
tld,en,/tld/place,.place,500,444,2393,38,38,0,3,3,0.268,0.166,/tld/shopping,0.257,0.294,0.395,
tld,zh,/tld/place,.place,776,702,1065,34,34,0,3,3,0.359,0.21,/tld/shopping,0.337,0.396,0.471,
tld,en,/tld/plumbing,.plumbing,491,418,2331,36,36,0,3,3,0.228,0.128,/tld/courses,0.271,0.293,0.417,
tld,zh,/tld/plumbing,.plumbing,732,641,1037,33,33,0,3,3,0.3,0.208,/tld/courses,0.35,0.384,0.485,
tld,en,/tld/plus,.plus,453,389,2037,36,36,0,3,3,0.207,0.121,/tld/support,0.27,0.309,0.417,
tld,zh,/tld/plus,.plus,730,648,940,35,35,0,3,3,0.302,0.193,/tld/support,0.349,0.398,0.457,
tld,en,/tld/poker,.poker,510,432,2351,38,38,0,3,3,0.219,0.141,/tld/fish,0.265,0.305,0.421,
tld,zh,/tld/poker,.poker,777,678,1027,35,35,0,3,3,0.3,0.204,/tld/fish,0.335,0.385,0.486,
tld,en,/tld/press,.press,494,421,2354,40,40,0,3,3,0.192,0.122,/tld/pictures,0.271,0.307,0.4,
tld,zh,/tld/press,.press,784,690,1042,36,36,0,3,3,0.246,0.176,/tld/express,0.331,0.362,0.472,
tld,en,/tld/pro,.pro,408,331,1794,34,34,0,3,3,0.209,0.138,/tld/space,0.329,0.342,0.471,
tld,zh,/tld/pro,.pro,664,561,758,34,34,0,3,3,0.251,0.184,/tld/space,0.375,0.39,0.5,
tld,en,/tld/productions,.productions,493,421,2347,37,37,0,3,3,0.212,0.134,/tld/pictures,0.263,0.308,0.432,
tld,zh,/tld/productions,.productions,768,676,1124,34,34,0,3,3,0.326,0.223,/tld/investments,0.354,0.397,0.5,
tld,en,/tld/promo,.promo,516,434,2323,40,40,0,3,3,0.203,0.123,/tld/hockey,0.256,0.3,0.4,
tld,zh,/tld/promo,.promo,791,686,1030,36,36,0,3,3,0.282,0.199,/tld/football,0.347,0.395,0.472,
tld,en,/tld/properties,.properties,486,412,2327,37,37,0,3,3,0.255,0.161,/tld/apartments,0.264,0.305,0.432,
tld,zh,/tld/properties,.properties,745,650,1068,35,35,0,3,3,0.315,0.219,/tld/taxi,0.359,0.405,0.486,
tld,en,/tld/pt,.pt,693,620,3316,41,41,0,3,3,0.128,0.089,/tld/cn,0.16,0.178,0.341,
tld,zh,/tld/pt,.pt,1015,928,1311,38,38,0,3,3,0.151,0.119,/tld/dk,0.186,0.205,0.395,
tld,en,/tld/pub,.pub,499,421,2193,36,36,0,3,3,0.216,0.132,/tld/spa,0.261,0.29,0.444,
tld,zh,/tld/pub,.pub,792,691,1003,36,36,0,3,3,0.266,0.177,/tld/spa,0.317,0.363,0.472,
tld,en,/tld/qa,.qa,661,588,3136,40,40,0,3,3,0.131,0.089,/tld/cn,0.165,0.183,0.35,
tld,zh,/tld/qa,.qa,1000,915,1285,35,35,0,3,3,0.171,0.13,/tld/eg,0.187,0.207,0.429,
tld,en,/tld/quest,.quest,531,455,2470,37,37,0,3,3,0.188,0.13,/tld/fish,0.249,0.285,0.405,
tld,zh,/tld/quest,.quest,783,689,1040,34,34,0,3,3,0.259,0.184,/tld/win,0.325,0.371,0.471,
tld,en,/tld/recipes,.recipes,477,401,2255,35,35,0,3,3,0.21,0.13,/tld/legal,0.277,0.311,0.429,
tld,zh,/tld/recipes,.recipes,756,662,1084,34,34,0,3,3,0.269,0.182,/tld/legal,0.348,0.385,0.471,
tld,en,/tld/red,.red,490,417,2141,35,35,0,3,3,0.173,0.116,/tld/design,0.26,0.263,0.429,
tld,zh,/tld/red,.red,774,683,931,35,35,0,3,3,0.224,0.164,/tld/international,0.327,0.352,0.457,
tld,en,/tld/rehab,.rehab,520,447,2637,39,39,0,3,3,0.267,0.183,/tld/immobilien,0.254,0.288,0.385,
tld,zh,/tld/rehab,.rehab,819,728,1095,34,34,0,3,3,0.334,0.226,/tld/immobilien,0.327,0.381,0.471,
tld,en,/tld/rent,.rent,464,398,2125,36,36,0,3,3,0.207,0.131,/tld/delivery,0.278,0.293,0.417,
tld,zh,/tld/rent,.rent,713,629,950,33,33,0,3,3,0.307,0.201,/tld/delivery,0.357,0.394,0.485,
tld,en,/tld/rentals,.rentals,509,425,2274,37,37,0,3,3,0.236,0.151,/tld/repair,0.255,0.296,0.432,
tld,zh,/tld/rentals,.rentals,787,677,1002,36,36,0,3,3,0.324,0.225,/tld/repair,0.349,0.406,0.472,
tld,en,/tld/repair,.repair,515,428,2301,37,37,0,3,3,0.237,0.142,/tld/green,0.266,0.31,0.432,
tld,zh,/tld/repair,.repair,767,659,991,35,35,0,3,3,0.324,0.225,/tld/rentals,0.355,0.409,0.486,
tld,en,/tld/report,.report,517,447,2532,38,38,0,3,3,0.216,0.132,/tld/town,0.262,0.312,0.395,
tld,zh,/tld/report,.report,798,710,1093,34,34,0,3,3,0.296,0.184,/tld/town,0.341,0.4,0.471,
tld,en,/tld/restaurant,.restaurant,472,377,2071,36,36,0,3,3,0.213,0.135,/tld/clinic,0.293,0.334,0.444,
tld,zh,/tld/restaurant,.restaurant,758,640,1048,36,36,0,3,3,0.266,0.188,/tld/fitness,0.352,0.392,0.472,
tld,en,/tld/review,.review,484,414,2312,36,36,0,3,3,0.216,0.129,/tld/management,0.273,0.285,0.417,
tld,zh,/tld/review,.review,748,660,1003,33,33,0,3,3,0.277,0.189,/tld/supply,0.323,0.346,0.485,
tld,en,/tld/reviews,.reviews,502,427,2439,39,39,0,3,3,0.225,0.138,/tld/hockey,0.257,0.304,0.41,
tld,zh,/tld/reviews,.reviews,809,714,1065,36,36,0,3,3,0.281,0.189,/tld/hockey,0.335,0.383,0.472,
tld,en,/tld/ro,.ro,630,557,2894,37,37,0,3,3,0.133,0.097,/tld/cn,0.168,0.186,0.378,
tld,zh,/tld/ro,.ro,967,881,1181,37,37,0,3,3,0.175,0.129,/tld/gr,0.201,0.224,0.405,
tld,en,/tld/rocks,.rocks,476,403,2124,38,38,0,3,3,0.179,0.118,/tld/academy,0.263,0.272,0.395,
tld,zh,/tld/rocks,.rocks,735,647,929,38,38,0,3,3,0.234,0.167,/tld/bike,0.339,0.372,0.421,
tld,en,/tld/rs,.rs,786,713,3843,42,42,0,3,3,0.126,0.091,/tld/qa,0.123,0.138,0.31,
tld,zh,/tld/rs,.rs,1205,1119,1605,44,44,0,3,3,0.164,0.112,/tld/qa,0.162,0.179,0.341,
tld,en,/tld/rugby,.rugby,508,433,2263,36,36,0,3,3,0.335,0.223,/tld/basketball,0.263,0.297,0.444,
tld,zh,/tld/rugby,.rugby,786,689,1042,34,34,0,3,3,0.416,0.321,/tld/basketball,0.329,0.369,0.5,
tld,en,/tld/run,.run,458,387,2048,36,36,0,3,3,0.188,0.128,/tld/group,0.277,0.291,0.444,
tld,zh,/tld/run,.run,717,624,962,36,36,0,3,3,0.223,0.163,/tld/codes,0.315,0.33,0.472,
tld,en,/tld/sa,.sa,667,591,3273,40,40,0,3,3,0.132,0.095,/tld/cn,0.167,0.186,0.35,
tld,zh,/tld/sa,.sa,1077,989,1429,42,42,0,3,3,0.155,0.117,/tld/hu,0.179,0.201,0.357,
tld,en,/tld/sale,.sale,467,391,2118,36,36,0,3,3,0.202,0.123,/tld/support,0.276,0.31,0.417,
tld,zh,/tld/sale,.sale,744,650,953,35,35,0,3,3,0.287,0.207,/tld/toys,0.361,0.414,0.457,
tld,en,/tld/salon,.salon,501,417,2121,38,38,0,3,3,0.199,0.141,/tld/events,0.259,0.294,0.421,
tld,zh,/tld/salon,.salon,767,663,961,37,37,0,3,3,0.278,0.195,/tld/events,0.343,0.394,0.459,
tld,en,/tld/sbs,.sbs,522,458,2436,38,38,0,3,3,0.223,0.149,/tld/buzz,0.244,0.274,0.395,
tld,zh,/tld/sbs,.sbs,804,722,1049,34,34,0,3,3,0.288,0.195,/tld/buzz,0.311,0.355,0.471,
tld,en,/tld/school,.school,465,383,2083,36,36,0,3,3,0.201,0.136,/tld/clinic,0.286,0.306,0.444,
tld,zh,/tld/school,.school,756,650,974,37,37,0,3,3,0.253,0.192,/tld/academy,0.339,0.388,0.459,
tld,en,/tld/se,.se,750,671,3554,42,42,0,3,3,0.119,0.093,/tld/cn,0.144,0.161,0.333,
tld,zh,/tld/se,.se,1098,1006,1387,37,37,0,3,3,0.152,0.123,/tld/no,0.174,0.195,0.405,
tld,en,/tld/services,.services,479,390,2130,37,37,0,3,3,0.214,0.144,/tld/events,0.278,0.318,0.432,
tld,zh,/tld/services,.services,766,654,1035,36,36,0,3,3,0.261,0.194,/tld/directory,0.341,0.393,0.472,
tld,en,/tld/sg,.sg,693,608,3363,41,41,0,3,3,0.145,0.097,/tld/hk,0.164,0.182,0.341,
tld,zh,/tld/sg,.sg,1028,930,1378,39,39,0,3,3,0.178,0.136,/tld/hk,0.181,0.199,0.385,
tld,en,/tld/sh,.sh,412,341,1776,33,33,0,3,3,0.197,0.131,/tld/io,0.291,0.307,0.455,
tld,zh,/tld/sh,.sh,649,558,783,34,34,0,3,3,0.244,0.173,/tld/gg,0.349,0.366,0.5,
tld,en,/tld/shoes,.shoes,481,403,2225,38,38,0,3,3,0.239,0.151,/tld/toys,0.264,0.31,0.421,
tld,zh,/tld/shoes,.shoes,734,635,995,36,36,0,3,3,0.336,0.237,/tld/toys,0.351,0.413,0.472,
tld,en,/tld/shop,.shop,437,343,1811,35,35,0,3,3,0.206,0.14,/tld/news,0.31,0.329,0.457,
tld,zh,/tld/shop,.shop,685,567,781,35,35,0,3,3,0.253,0.179,/tld/vip,0.358,0.384,0.486,
tld,en,/tld/shopping,.shopping,516,443,2540,38,38,0,3,3,0.268,0.158,/tld/place,0.259,0.298,0.395,
tld,zh,/tld/shopping,.shopping,761,670,1099,34,34,0,3,3,0.359,0.21,/tld/place,0.345,0.409,0.471,
tld,en,/tld/show,.show,485,410,2073,38,38,0,3,3,0.189,0.131,/tld/house,0.261,0.308,0.395,
tld,zh,/tld/show,.show,758,660,968,36,36,0,3,3,0.269,0.189,/tld/international,0.345,0.392,0.472,
tld,en,/tld/singles,.singles,516,441,2485,37,37,0,3,3,0.267,0.152,/tld/clothing,0.263,0.321,0.432,
tld,zh,/tld/singles,.singles,798,701,1097,35,35,0,3,3,0.365,0.221,/tld/clothing,0.335,0.394,0.486,
tld,en,/tld/site,.site,458,363,1900,35,35,0,3,3,0.213,0.168,/tld/online,0.295,0.313,0.457,
tld,zh,/tld/site,.site,741,622,819,35,35,0,3,3,0.245,0.19,/tld/vip,0.335,0.351,0.486,
tld,en,/tld/sk,.sk,670,597,3115,39,39,0,3,3,0.133,0.101,/tld/ro,0.158,0.176,0.359,
tld,zh,/tld/sk,.sk,1053,968,1286,38,38,0,3,3,0.18,0.144,/tld/hu,0.186,0.208,0.395,
tld,en,/tld/skin,.skin,473,401,2259,37,37,0,3,3,0.304,0.228,/tld/makeup,0.279,0.313,0.432,
tld,zh,/tld/skin,.skin,750,658,938,34,34,0,3,3,0.375,0.295,/tld/makeup,0.35,0.391,0.5,
tld,en,/tld/so,.so,398,332,1753,33,33,0,3,3,0.17,0.128,/tld/cn,0.256,0.288,0.364,
tld,zh,/tld/so,.so,626,542,738,33,33,0,3,3,0.211,0.152,/tld/cn,0.316,0.347,0.455,
tld,en,/tld/soccer,.soccer,519,436,2336,40,40,0,3,3,0.237,0.169,/tld/hockey,0.257,0.299,0.4,
tld,zh,/tld/soccer,.soccer,792,684,1023,36,36,0,3,3,0.353,0.241,/tld/hockey,0.348,0.391,0.472,
tld,en,/tld/social,.social,412,342,1959,34,34,0,3,3,0.206,0.136,/tld/cloud,0.318,0.334,0.441,
tld,zh,/tld/social,.social,675,587,993,34,34,0,3,3,0.231,0.176,/tld/bike,0.349,0.369,0.471,
tld,en,/tld/software,.software,452,386,2181,39,39,0,3,3,0.209,0.133,/tld/marketing,0.292,0.318,0.385,
tld,zh,/tld/software,.software,726,642,1031,35,35,0,3,3,0.272,0.187,/tld/consulting,0.349,0.388,0.457,
tld,en,/tld/solar,.solar,487,411,2219,36,36,0,3,3,0.233,0.151,/tld/repair,0.275,0.309,0.417,
tld,zh,/tld/solar,.solar,772,678,982,34,34,0,3,3,0.295,0.201,/tld/taxi,0.348,0.384,0.471,
tld,en,/tld/solutions,.solutions,451,378,2096,36,36,0,3,3,0.199,0.131,/tld/software,0.283,0.298,0.417,
tld,zh,/tld/solutions,.solutions,740,649,1033,36,36,0,3,3,0.258,0.189,/tld/services,0.327,0.365,0.444,
tld,en,/tld/spa,.spa,488,413,2185,35,35,0,3,3,0.231,0.133,/tld/dentist,0.268,0.314,0.457,
tld,zh,/tld/spa,.spa,775,680,984,34,34,0,3,3,0.302,0.185,/tld/dentist,0.311,0.368,0.5,
tld,en,/tld/space,.space,399,318,1783,34,34,0,3,3,0.216,0.142,/tld/vip,0.333,0.35,0.471,
tld,zh,/tld/space,.space,646,539,753,35,35,0,3,3,0.266,0.198,/tld/link,0.387,0.404,0.486,
tld,en,/tld/store,.store,464,371,1826,35,35,0,3,3,0.194,0.135,/tld/art,0.291,0.306,0.457,
tld,zh,/tld/store,.store,712,594,851,36,36,0,3,3,0.236,0.177,/tld/vip,0.343,0.358,0.472,
tld,en,/tld/stream,.stream,507,435,2368,37,37,0,3,3,0.192,0.117,/tld/pictures,0.249,0.28,0.432,
tld,zh,/tld/stream,.stream,805,712,1052,35,35,0,3,3,0.242,0.168,/tld/fashion,0.316,0.352,0.486,
tld,en,/tld/studio,.studio,425,335,1738,33,33,0,3,3,0.21,0.136,/tld/club,0.32,0.337,0.485,
tld,zh,/tld/studio,.studio,668,554,784,34,34,0,3,3,0.273,0.184,/tld/design,0.378,0.395,0.5,
tld,en,/tld/study,.study,471,398,2152,36,36,0,3,3,0.238,0.183,/tld/courses,0.283,0.306,0.417,
tld,zh,/tld/study,.study,716,625,967,33,33,0,3,3,0.354,0.275,/tld/courses,0.353,0.381,0.485,
tld,en,/tld/style,.style,474,399,2100,38,38,0,3,3,0.209,0.13,/tld/love,0.277,0.325,0.421,
tld,zh,/tld/style,.style,754,659,1024,36,36,0,3,3,0.273,0.207,/tld/international,0.333,0.381,0.472,
tld,en,/tld/supplies,.supplies,496,417,2298,36,36,0,3,3,0.194,0.126,/tld/diamonds,0.257,0.286,0.444,
tld,zh,/tld/supplies,.supplies,764,661,1058,36,36,0,3,3,0.275,0.211,/tld/diamonds,0.323,0.355,0.472,
tld,en,/tld/supply,.supply,481,403,2369,38,38,0,3,3,0.234,0.129,/tld/management,0.284,0.312,0.421,
tld,zh,/tld/supply,.supply,755,655,1004,34,34,0,3,3,0.332,0.215,/tld/equipment,0.345,0.385,0.5,
tld,en,/tld/support,.support,458,389,2176,36,36,0,3,3,0.207,0.126,/tld/plus,0.278,0.317,0.417,
tld,zh,/tld/support,.support,746,659,1034,35,35,0,3,3,0.302,0.193,/tld/plus,0.348,0.391,0.457,
tld,en,/tld/surf,.surf,509,433,2241,39,39,0,3,3,0.259,0.191,/tld/fit,0.261,0.285,0.385,
tld,zh,/tld/surf,.surf,777,683,973,35,35,0,3,3,0.35,0.269,/tld/fit,0.332,0.368,0.457,
tld,en,/tld/surgery,.surgery,528,455,2693,39,39,0,3,3,0.237,0.15,/tld/tires,0.254,0.295,0.385,
tld,zh,/tld/surgery,.surgery,802,711,1124,34,34,0,3,3,0.308,0.204,/tld/hospital,0.324,0.376,0.471,
tld,en,/tld/systems,.systems,439,373,2137,36,36,0,3,3,0.208,0.126,/tld/exchange,0.29,0.317,0.417,
tld,zh,/tld/systems,.systems,727,643,1030,35,35,0,3,3,0.265,0.178,/tld/exchange,0.344,0.379,0.457,
tld,en,/tld/tattoo,.tattoo,508,436,2338,38,38,0,3,3,0.249,0.138,/tld/singles,0.263,0.311,0.421,
tld,zh,/tld/tattoo,.tattoo,761,668,1063,35,35,0,3,3,0.312,0.189,/tld/singles,0.316,0.376,0.486,
tld,en,/tld/tax,.tax,470,392,2008,36,36,0,3,3,0.24,0.14,/tld/engineering,0.28,0.329,0.444,
tld,zh,/tld/tax,.tax,724,626,928,35,35,0,3,3,0.305,0.204,/tld/shoes,0.362,0.429,0.486,
tld,en,/tld/taxi,.taxi,506,428,2309,37,37,0,3,3,0.225,0.153,/tld/properties,0.251,0.29,0.432,
tld,zh,/tld/taxi,.taxi,783,685,975,35,35,0,3,3,0.315,0.219,/tld/properties,0.339,0.389,0.486,
tld,en,/tld/team,.team,427,339,1894,35,35,0,3,3,0.199,0.133,/tld/art,0.308,0.321,0.457,
tld,zh,/tld/team,.team,706,591,901,36,36,0,3,3,0.233,0.166,/tld/chat,0.35,0.369,0.472,
tld,en,/tld/tech,.tech,427,340,1867,35,35,0,3,3,0.214,0.132,/tld/space,0.315,0.331,0.457,
tld,zh,/tld/tech,.tech,725,616,820,34,34,0,3,3,0.234,0.163,/tld/shop,0.344,0.361,0.5,
tld,en,/tld/technology,.technology,483,417,2259,38,38,0,3,3,0.189,0.119,/tld/international,0.261,0.283,0.395,
tld,zh,/tld/technology,.technology,759,675,1101,36,36,0,3,3,0.281,0.176,/tld/international,0.332,0.37,0.444,
tld,en,/tld/tennis,.tennis,520,442,2364,40,40,0,3,3,0.249,0.135,/tld/hockey,0.25,0.288,0.4,
tld,zh,/tld/tennis,.tennis,810,711,1048,36,36,0,3,3,0.326,0.221,/tld/golf,0.345,0.383,0.472,
tld,en,/tld/th,.th,691,618,3128,40,40,0,3,3,0.105,0.079,/tld/cn,0.132,0.15,0.275,
tld,zh,/tld/th,.th,973,888,1467,40,40,0,3,3,0.161,0.127,/tld/ke,0.178,0.196,0.375,
tld,en,/tld/theater,.theater,464,391,2144,36,36,0,3,3,0.219,0.128,/tld/camera,0.284,0.31,0.417,
tld,zh,/tld/theater,.theater,756,665,1045,36,36,0,3,3,0.266,0.18,/tld/engineer,0.341,0.365,0.444,
tld,en,/tld/tickets,.tickets,479,404,2218,37,37,0,3,3,0.2,0.123,/tld/dentist,0.275,0.311,0.432,
tld,zh,/tld/tickets,.tickets,758,663,994,36,36,0,3,3,0.245,0.16,/tld/dentist,0.323,0.36,0.472,
tld,en,/tld/tienda,.tienda,556,483,2712,37,37,0,3,3,0.257,0.178,/tld/abogado,0.236,0.265,0.405,
tld,zh,/tld/tienda,.tienda,814,725,1099,34,34,0,3,3,0.382,0.27,/tld/kaufen,0.334,0.381,0.471,
tld,en,/tld/tips,.tips,455,376,1991,37,37,0,3,3,0.191,0.16,/tld/exchange,0.264,0.308,0.351,
tld,zh,/tld/tips,.tips,726,626,968,36,36,0,3,3,0.272,0.219,/tld/institute,0.356,0.408,0.472,
tld,en,/tld/tires,.tires,528,455,2436,38,38,0,3,3,0.254,0.15,/tld/immo,0.255,0.299,0.395,
tld,zh,/tld/tires,.tires,791,700,1063,34,34,0,3,3,0.335,0.21,/tld/immo,0.331,0.385,0.471,
tld,en,/tld/today,.today,442,378,2024,34,34,0,3,3,0.191,0.123,/tld/lol,0.286,0.289,0.441,
tld,zh,/tld/today,.today,711,629,959,35,35,0,3,3,0.249,0.172,/tld/cool,0.347,0.364,0.457,
tld,en,/tld/tokyo,.tokyo,501,445,2368,35,35,0,3,3,0.393,0.219,/tld/london,0.258,0.29,0.429,
tld,zh,/tld/tokyo,.tokyo,787,714,1024,33,33,0,3,3,0.417,0.265,/tld/london,0.33,0.373,0.485,
tld,en,/tld/tools,.tools,420,351,1948,34,34,0,3,3,0.194,0.128,/tld/zone,0.307,0.314,0.441,
tld,zh,/tld/tools,.tools,664,577,902,35,35,0,3,3,0.228,0.165,/tld/zone,0.347,0.35,0.457,
tld,en,/tld/top,.top,412,339,1837,31,31,0,3,3,0.198,0.132,/tld/vip,0.307,0.307,0.484,
tld,zh,/tld/top,.top,713,622,825,32,32,0,3,3,0.239,0.174,/tld/vip,0.331,0.333,0.5,
tld,en,/tld/tours,.tours,496,413,2243,39,39,0,3,3,0.222,0.141,/tld/solar,0.268,0.311,0.41,
tld,zh,/tld/tours,.tours,761,656,1011,35,35,0,3,3,0.282,0.208,/tld/shoes,0.343,0.389,0.486,
tld,en,/tld/town,.town,511,455,2442,39,39,0,3,3,0.222,0.138,/tld/bond,0.256,0.297,0.385,
tld,zh,/tld/town,.town,773,699,1050,34,34,0,3,3,0.296,0.193,/tld/report,0.335,0.386,0.471,
tld,en,/tld/toys,.toys,468,392,2139,37,37,0,3,3,0.239,0.151,/tld/shoes,0.272,0.308,0.405,
tld,zh,/tld/toys,.toys,730,636,949,35,35,0,3,3,0.336,0.237,/tld/shoes,0.357,0.409,0.457,
tld,en,/tld/tr,.tr,637,555,2917,39,39,0,3,3,0.117,0.089,/tld/ua,0.148,0.167,0.333,
tld,zh,/tld/tr,.tr,954,858,1173,36,36,0,3,3,0.156,0.112,/tld/cn,0.197,0.219,0.417,
tld,en,/tld/training,.training,461,388,2271,39,39,0,3,3,0.197,0.127,/tld/ventures,0.282,0.314,0.385,
tld,zh,/tld/training,.training,754,663,1059,36,36,0,3,3,0.279,0.197,/tld/market,0.342,0.379,0.444,
tld,en,/tld/travel,.travel,513,420,2361,37,37,0,3,3,0.194,0.12,/tld/tours,0.261,0.296,0.432,
tld,zh,/tld/travel,.travel,833,716,1064,36,36,0,3,3,0.27,0.176,/tld/shoes,0.329,0.376,0.472,
tld,en,/tld/tv,.tv,435,346,1824,34,34,0,3,3,0.204,0.14,/tld/space,0.309,0.325,0.471,
tld,zh,/tld/tv,.tv,697,584,771,34,34,0,3,3,0.242,0.184,/tld/live,0.35,0.367,0.5,
tld,en,/tld/tw,.tw,645,572,3169,40,40,0,3,3,0.138,0.09,/tld/design,0.189,0.19,0.375,
tld,zh,/tld/tw,.tw,961,874,1243,40,40,0,3,3,0.173,0.123,/tld/space,0.236,0.241,0.4,
tld,en,/tld/ua,.ua,633,560,2986,40,40,0,3,3,0.134,0.084,/tld/cn,0.17,0.19,0.35,
tld,zh,/tld/ua,.ua,954,869,1380,40,40,0,3,3,0.153,0.114,/tld/ke,0.183,0.202,0.375,
tld,en,/tld/uk,.uk,687,625,3120,40,40,0,3,3,0.14,0.089,/tld/nl,0.188,0.192,0.375,
tld,zh,/tld/uk,.uk,942,862,1393,40,40,0,3,3,0.188,0.129,/tld/au,0.228,0.237,0.4,
tld,en,/tld/university,.university,532,459,2746,37,37,0,3,3,0.263,0.148,/tld/hospital,0.253,0.292,0.405,
tld,zh,/tld/university,.university,808,717,1193,34,34,0,3,3,0.319,0.221,/tld/shopping,0.326,0.385,0.471,
tld,en,/tld/us,.us,387,325,1762,31,31,0,3,3,0.201,0.129,/tld/space,0.333,0.333,0.452,
tld,zh,/tld/us,.us,657,577,776,31,31,0,3,3,0.231,0.166,/tld/space,0.352,0.356,0.516,
tld,en,/tld/uy,.uy,827,754,3840,45,45,0,3,3,0.118,0.09,/tld/lv,0.128,0.143,0.289,
tld,zh,/tld/uy,.uy,1244,1156,1737,47,47,0,3,3,0.15,0.115,/tld/lv,0.149,0.164,0.319,
tld,en,/tld/uz,.uz,780,710,3637,49,49,0,3,3,0.115,0.073,/tld/kz,0.136,0.152,0.265,
tld,zh,/tld/uz,.uz,1178,1090,1511,49,49,0,3,3,0.147,0.111,/tld/lv,0.164,0.182,0.286,
tld,en,/tld/vacations,.vacations,487,411,2344,37,37,0,3,3,0.191,0.143,/tld/ventures,0.264,0.296,0.405,
tld,zh,/tld/vacations,.vacations,749,655,1072,34,34,0,3,3,0.272,0.197,/tld/flights,0.348,0.39,0.471,
tld,en,/tld/vegas,.vegas,530,457,2433,37,37,0,3,3,0.326,0.194,/tld/boston,0.253,0.281,0.405,
tld,zh,/tld/vegas,.vegas,830,739,1073,34,34,0,3,3,0.354,0.22,/tld/boston,0.309,0.345,0.471,
tld,en,/tld/ventures,.ventures,417,351,1926,36,36,0,3,3,0.215,0.144,/tld/capital,0.306,0.35,0.417,
tld,zh,/tld/ventures,.ventures,699,615,993,35,35,0,3,3,0.276,0.2,/tld/capital,0.355,0.392,0.457,
tld,en,/tld/vet,.vet,486,413,2199,35,35,0,3,3,0.204,0.117,/tld/catering,0.277,0.28,0.429,
tld,zh,/tld/vet,.vet,741,650,942,33,33,0,3,3,0.3,0.188,/tld/catering,0.344,0.371,0.485,
tld,en,/tld/video,.video,440,366,1994,35,35,0,3,3,0.199,0.128,/tld/land,0.298,0.316,0.457,
tld,zh,/tld/video,.video,712,615,961,35,35,0,3,3,0.24,0.177,/tld/land,0.352,0.377,0.486,
tld,en,/tld/villas,.villas,478,403,2282,37,37,0,3,3,0.238,0.152,/tld/limo,0.273,0.331,0.432,
tld,zh,/tld/villas,.villas,772,675,1067,37,37,0,3,3,0.283,0.197,/tld/cruises,0.331,0.388,0.459,
tld,en,/tld/vin,.vin,529,456,2343,37,37,0,3,3,0.219,0.132,/tld/glass,0.251,0.281,0.405,
tld,zh,/tld/vin,.vin,797,706,1032,34,34,0,3,3,0.28,0.18,/tld/glass,0.321,0.364,0.471,
tld,en,/tld/vip,.vip,423,327,1778,32,32,0,3,3,0.216,0.139,/tld/space,0.325,0.344,0.5,
tld,zh,/tld/vip,.vip,667,549,722,33,33,0,3,3,0.26,0.185,/tld/design,0.389,0.417,0.515,
tld,en,/tld/vision,.vision,520,447,2475,38,38,0,3,3,0.246,0.16,/tld/graphics,0.24,0.267,0.395,
tld,zh,/tld/vision,.vision,803,712,1093,35,35,0,3,3,0.308,0.2,/tld/shopping,0.316,0.357,0.457,
tld,en,/tld/vn,.vn,706,630,3380,40,40,0,3,3,0.127,0.096,/tld/ro,0.157,0.175,0.35,
tld,zh,/tld/vn,.vn,1042,952,1305,38,38,0,3,3,0.162,0.119,/tld/ro,0.187,0.206,0.395,
tld,en,/tld/vodka,.vodka,516,441,2390,38,38,0,3,3,0.217,0.144,/tld/cricket,0.26,0.299,0.421,
tld,zh,/tld/vodka,.vodka,788,692,1023,35,35,0,3,3,0.281,0.203,/tld/casa,0.312,0.374,0.486,
tld,en,/tld/voyage,.voyage,491,416,2360,38,38,0,3,3,0.216,0.127,/tld/cruises,0.268,0.304,0.421,
tld,zh,/tld/voyage,.voyage,788,693,1044,37,37,0,3,3,0.28,0.18,/tld/clothing,0.334,0.381,0.459,
tld,en,/tld/wang,.wang,523,464,2540,37,37,0,3,3,0.189,0.113,/tld/win,0.235,0.261,0.405,
tld,zh,/tld/wang,.wang,837,760,1068,35,35,0,3,3,0.235,0.154,/tld/win,0.302,0.333,0.457,
tld,en,/tld/watch,.watch,477,402,2096,35,35,0,3,3,0.191,0.127,/tld/care,0.268,0.306,0.457,
tld,zh,/tld/watch,.watch,752,652,957,36,36,0,3,3,0.247,0.175,/tld/tips,0.346,0.384,0.472,
tld,en,/tld/website,.website,480,416,2141,37,37,0,3,3,0.178,0.12,/tld/work,0.256,0.266,0.405,
tld,zh,/tld/website,.website,747,665,974,35,35,0,3,3,0.24,0.172,/tld/fashion,0.335,0.362,0.457,
tld,en,/tld/wedding,.wedding,490,415,2240,37,37,0,3,3,0.213,0.163,/tld/fashion,0.266,0.295,0.432,
tld,zh,/tld/wedding,.wedding,772,677,1008,36,36,0,3,3,0.297,0.229,/tld/fashion,0.328,0.374,0.472,
tld,en,/tld/wiki,.wiki,442,374,2023,34,34,0,3,3,0.191,0.132,/tld/gg,0.278,0.29,0.471,
tld,zh,/tld/wiki,.wiki,697,607,928,35,35,0,3,3,0.232,0.166,/tld/zone,0.335,0.35,0.486,
tld,en,/tld/win,.win,525,447,2448,38,38,0,3,3,0.189,0.131,/tld/wang,0.254,0.298,0.421,
tld,zh,/tld/win,.win,799,699,1007,35,35,0,3,3,0.266,0.18,/tld/cricket,0.32,0.38,0.486,
tld,en,/tld/wine,.wine,457,373,2087,37,37,0,3,3,0.199,0.138,/tld/kitchen,0.287,0.31,0.432,
tld,zh,/tld/wine,.wine,736,626,909,36,36,0,3,3,0.27,0.19,/tld/kitchen,0.346,0.39,0.472,
tld,en,/tld/work,.work,492,412,2197,39,39,0,3,3,0.188,0.13,/tld/fashion,0.263,0.296,0.41,
tld,zh,/tld/work,.work,802,698,1020,37,37,0,3,3,0.253,0.181,/tld/fashion,0.316,0.366,0.459,
tld,en,/tld/works,.works,450,368,2006,35,35,0,3,3,0.209,0.132,/tld/email,0.291,0.312,0.457,
tld,zh,/tld/works,.works,708,603,933,37,37,0,3,3,0.243,0.178,/tld/group,0.338,0.361,0.459,
tld,en,/tld/world,.world,430,342,1912,34,34,0,3,3,0.203,0.139,/tld/art,0.313,0.329,0.471,
tld,zh,/tld/world,.world,683,571,878,34,34,0,3,3,0.234,0.178,/tld/space,0.351,0.369,0.5,
tld,en,/tld/wtf,.wtf,444,374,2078,35,35,0,3,3,0.179,0.131,/tld/art,0.282,0.282,0.429,
tld,zh,/tld/wtf,.wtf,729,641,906,35,35,0,3,3,0.237,0.172,/tld/today,0.337,0.348,0.457,
tld,en,/tld/xyz,.xyz,420,345,1824,33,33,0,3,3,0.2,0.132,/tld/art,0.308,0.321,0.485,
tld,zh,/tld/xyz,.xyz,680,586,787,33,33,0,3,3,0.234,0.161,/tld/space,0.341,0.354,0.515,
tld,en,/tld/yoga,.yoga,452,379,2040,36,36,0,3,3,0.185,0.131,/tld/dental,0.278,0.281,0.417,
tld,zh,/tld/yoga,.yoga,732,641,912,35,35,0,3,3,0.24,0.188,/tld/fashion,0.318,0.347,0.457,
tld,en,/tld/za,.za,668,595,3190,39,39,0,3,3,0.129,0.086,/tld/cn,0.162,0.18,0.359,
tld,zh,/tld/za,.za,981,896,1436,37,37,0,3,3,0.172,0.136,/tld/eg,0.182,0.208,0.405,
tld,en,/tld/zone,.zone,415,344,1874,34,34,0,3,3,0.21,0.137,/tld/center,0.313,0.329,0.471,
tld,zh,/tld/zone,.zone,690,597,910,37,37,0,3,3,0.243,0.172,/tld/club,0.342,0.358,0.459,
guide,en,/guide/3dprint,3D printing,884,778,4288,45,45,0,3,3,0.063,0.049,/guide/villarental,0.092,0.097,0.311,
guide,zh,/guide/3dprint,3D 打印,1492,1288,1708,49,49,0,3,3,0.065,0.054,/guide/saas,0.097,0.103,0.265,
guide,en,/guide/accounting,Accounting & tax,937,790,4491,53,53,0,3,3,0.058,0.046,/guide/legal,0.089,0.093,0.208,
guide,zh,/guide/accounting,会计财税,1601,1328,1656,45,45,0,3,3,0.067,0.057,/guide/legal,0.103,0.109,0.356,
guide,en,/guide/agency,Agencies & studios,729,600,3330,48,48,0,3,3,0.068,0.055,/guide/photography,0.119,0.121,0.229,
guide,zh,/guide/agency,咨询工作室,1288,1037,1305,47,47,0,3,3,0.079,0.068,/guide/podcast,0.131,0.131,0.34,
guide,en,/guide/agent,AI agents,811,693,3705,46,46,0,3,3,0.062,0.059,/guide/ai,0.068,0.068,0.239,
guide,zh,/guide/agent,AI 智能体,1374,1160,1621,48,48,0,3,3,0.074,0.068,/guide/ai,0.092,0.093,0.229,
guide,en,/guide/ai,AI products,758,650,3510,51,51,0,3,3,0.062,0.059,/guide/agent,0.073,0.076,0.216,
guide,zh,/guide/ai,AI 产品,1289,1087,1480,51,51,0,3,3,0.074,0.068,/guide/agent,0.099,0.099,0.216,
guide,en,/guide/aiart,AI art tools,860,725,3860,45,45,0,3,3,0.053,0.05,/guide/ai,0.059,0.062,0.2,
guide,zh,/guide/aiart,AI 绘画,1508,1240,1715,48,48,0,3,3,0.067,0.055,/guide/ai,0.086,0.087,0.229,
guide,en,/guide/animation,Animation studios,965,815,4390,52,52,0,3,3,0.058,0.046,/guide/incense,0.087,0.094,0.269,
guide,zh,/guide/animation,动画工作室,1638,1353,1647,53,53,0,3,3,0.071,0.062,/guide/fruitshop,0.109,0.119,0.321,
guide,en,/guide/antiques,Antique shops,770,627,3436,43,43,0,3,3,0.064,0.052,/guide/legal,0.111,0.113,0.326,
guide,zh,/guide/antiques,古董古玩店,1334,1066,1391,46,46,0,3,3,0.078,0.066,/guide/auction,0.127,0.129,0.37,
guide,en,/guide/apartment,Apartment rentals,916,766,4416,55,55,0,3,3,0.061,0.05,/guide/hotel,0.09,0.098,0.255,
guide,zh,/guide/apartment,长租公寓,1610,1352,1690,48,48,0,3,3,0.078,0.063,/guide/realtor,0.112,0.122,0.333,
guide,en,/guide/appliancerepair,Appliance repair,1000,854,4723,54,54,0,3,3,0.057,0.044,/guide/equipmentrental,0.084,0.091,0.259,
guide,zh,/guide/appliancerepair,家电维修,1631,1375,1670,48,48,0,3,3,0.073,0.069,/guide/plumber,0.111,0.122,0.333,
guide,en,/guide/aquarium,Aquariums & reptiles,911,768,4298,48,48,0,3,3,0.055,0.046,/guide/realestate,0.089,0.089,0.229,
guide,zh,/guide/aquarium,水族爬宠,1555,1292,1653,47,47,0,3,3,0.077,0.062,/guide/aquascaping,0.107,0.109,0.34,
guide,en,/guide/aquascaping,Aquascaping,793,643,3444,41,41,0,3,3,0.067,0.054,/guide/basketball,0.11,0.111,0.268,
guide,zh,/guide/aquascaping,观赏鱼造景,1250,994,1231,44,44,0,3,3,0.09,0.07,/guide/cricket,0.147,0.155,0.364,
guide,en,/guide/archery,Archery ranges,868,721,3799,50,50,0,3,3,0.069,0.057,/guide/equestrian,0.097,0.103,0.28,
guide,zh,/guide/archery,射箭馆,1461,1196,1473,45,45,0,3,3,0.086,0.079,/guide/bowling,0.12,0.136,0.356,
guide,en,/guide/auction,Auction houses,791,652,3657,42,42,0,3,3,0.064,0.052,/guide/photography,0.108,0.11,0.333,
guide,zh,/guide/auction,拍卖行,1333,1069,1425,45,45,0,3,3,0.082,0.066,/guide/watches,0.124,0.124,0.356,
guide,en,/guide/audiobook,Audiobooks & voiceover,974,825,4259,53,53,0,3,3,0.057,0.046,/guide/legal,0.086,0.094,0.208,
guide,zh,/guide/audiobook,有声书配音,1622,1331,1616,50,50,0,3,3,0.07,0.056,/guide/deli,0.108,0.116,0.32,
guide,en,/guide/automotive,Automotive,696,574,3181,38,38,0,3,3,0.066,0.055,/guide/photography,0.12,0.122,0.289,
guide,zh,/guide/automotive,汽车出行,1172,954,1223,42,42,0,3,3,0.071,0.056,/guide/taekwondo,0.129,0.129,0.381,
guide,en,/guide/autoparts,Auto parts brands,874,721,3819,46,46,0,3,3,0.07,0.062,/guide/wig,0.101,0.104,0.239,
guide,zh,/guide/autoparts,汽配用品品牌,1388,1124,1493,47,47,0,3,3,0.088,0.08,/guide/wig,0.121,0.131,0.34,
guide,en,/guide/axethrowing,Axe-throwing venues,856,704,3702,47,47,0,3,3,0.094,0.08,/guide/lasertag,0.098,0.107,0.298,
guide,zh,/guide/axethrowing,飞斧馆,1345,1066,1323,45,45,0,3,3,0.119,0.104,/guide/lasertag,0.133,0.147,0.378,
guide,en,/guide/babystore,Baby & maternity stores,864,707,3861,45,45,0,3,3,0.067,0.053,/guide/evcharging,0.1,0.105,0.244,
guide,zh,/guide/babystore,母婴用品,1387,1114,1367,45,45,0,3,3,0.081,0.067,/guide/kidsphoto,0.131,0.137,0.356,
guide,en,/guide/badminton,Badminton clubs,817,681,3700,43,43,0,3,3,0.062,0.05,/guide/rugby,0.104,0.106,0.326,
guide,zh,/guide/badminton,羽毛球馆,1461,1204,1473,44,44,0,3,3,0.074,0.064,/guide/judo,0.117,0.124,0.386,
guide,en,/guide/bakery,Bakeries & desserts,853,695,3790,47,47,0,3,3,0.061,0.049,/guide/photography,0.099,0.101,0.234,
guide,zh,/guide/bakery,烘焙甜品,1422,1165,1457,49,49,0,3,3,0.073,0.063,/guide/realestate,0.119,0.123,0.327,
guide,en,/guide/bambooweaving,Bamboo weaving studios,1002,834,4380,54,54,0,3,3,0.1,0.09,/guide/brocade,0.091,0.114,0.204,
guide,zh,/guide/bambooweaving,竹编工坊,1467,1177,1388,41,41,0,3,3,0.125,0.12,/guide/brocade,0.13,0.142,0.415,
guide,en,/guide/bar,Bars & lounges,969,811,4228,50,50,0,3,3,0.057,0.046,/guide/legal,0.088,0.095,0.22,
guide,zh,/guide/bar,酒吧清吧,1538,1284,1681,49,49,0,3,3,0.069,0.057,/guide/organicfood,0.11,0.116,0.327,
guide,en,/guide/barber,Barbershops & salons,873,726,3963,47,47,0,3,3,0.062,0.051,/guide/yoga,0.096,0.101,0.234,
guide,zh,/guide/barber,美发理容,1536,1272,1625,46,46,0,3,3,0.069,0.058,/guide/permanentmakeup,0.108,0.113,0.348,
guide,en,/guide/baseball,Baseball training,758,616,3485,43,43,0,3,3,0.07,0.056,/guide/gymnastics,0.116,0.118,0.326,
guide,zh,/guide/baseball,棒球培训,1313,1052,1347,45,45,0,3,3,0.099,0.083,/guide/tabletennis,0.136,0.143,0.356,
guide,en,/guide/basketball,Basketball training,786,641,3376,40,40,0,3,3,0.07,0.057,/guide/craftvodka,0.112,0.114,0.35,
guide,zh,/guide/basketball,篮球培训,1279,1015,1260,44,44,0,3,3,0.09,0.076,/guide/cricket,0.145,0.155,0.364,
guide,en,/guide/batik,Batik studios,952,791,4252,50,50,0,3,3,0.101,0.088,/guide/gilding,0.09,0.115,0.28,
guide,zh,/guide/batik,蜡染工坊,1482,1194,1426,42,42,0,3,3,0.141,0.136,/guide/gilding,0.127,0.143,0.405,
guide,en,/guide/bbq,BBQ & late-night grills,1010,852,4512,54,54,0,3,3,0.057,0.046,/guide/legal,0.087,0.096,0.204,
guide,zh,/guide/bbq,烧烤夜宵,1588,1337,1603,49,49,0,3,3,0.074,0.066,/guide/hotpot,0.111,0.118,0.327,
guide,en,/guide/beauty,Beauty & care,763,618,3414,49,49,0,3,3,0.073,0.059,/guide/parenting,0.116,0.123,0.224,
guide,zh,/guide/beauty,美妆个护,1264,1008,1356,45,45,0,3,3,0.07,0.061,/guide/parenting,0.117,0.118,0.356,
guide,en,/guide/beekeeping,Honey brands,819,658,3506,46,46,0,3,3,0.063,0.051,/guide/photography,0.108,0.114,0.304,
guide,zh,/guide/beekeeping,蜂蜜品牌,1358,1106,1335,43,43,0,3,3,0.081,0.068,/guide/embroidery,0.132,0.138,0.372,
guide,en,/guide/bikeshop,Bike shops & cycling,909,791,4260,47,47,0,3,3,0.062,0.05,/guide/fishing,0.091,0.095,0.234,
guide,zh,/guide/bikeshop,骑行单车,1471,1255,1647,50,50,0,3,3,0.072,0.06,/guide/fishing,0.107,0.114,0.32,
guide,en,/guide/billiards,Billiards & pool halls,899,767,4237,46,46,0,3,3,0.06,0.049,/guide/optician,0.094,0.099,0.239,
guide,zh,/guide/billiards,台球桌球馆,1556,1301,1582,48,48,0,3,3,0.079,0.064,/guide/massage,0.11,0.119,0.333,
guide,en,/guide/birding,Birding clubs,858,708,3921,45,45,0,3,3,0.089,0.072,/guide/stargazing,0.1,0.112,0.311,
guide,zh,/guide/birding,观鸟俱乐部,1445,1164,1383,44,44,0,3,3,0.11,0.106,/guide/stargazing,0.128,0.137,0.386,
guide,en,/guide/bjj,BJJ academies,812,668,3673,42,42,0,3,3,0.071,0.056,/guide/judo,0.104,0.106,0.333,
guide,zh,/guide/bjj,巴西柔术,1331,1064,1387,46,46,0,3,3,0.094,0.083,/guide/judo,0.135,0.137,0.348,
guide,en,/guide/blacksmith,Blacksmith forges,906,754,3902,42,42,0,3,3,0.086,0.07,/guide/silversmith,0.094,0.103,0.333,
guide,zh,/guide/blacksmith,铁匠铺,1338,1057,1293,41,41,0,3,3,0.108,0.088,/guide/silversmith,0.135,0.148,0.415,
guide,en,/guide/blog,Blogs,784,653,3492,46,46,0,3,3,0.061,0.051,/guide/realestate,0.106,0.106,0.239,
guide,zh,/guide/blog,个人博客,1377,1114,1445,47,47,0,3,3,0.075,0.06,/guide/podcast,0.121,0.123,0.362,
guide,en,/guide/bnb,BnBs & stays,860,728,3705,44,44,0,3,3,0.061,0.052,/guide/travel,0.096,0.096,0.25,
guide,zh,/guide/bnb,民宿短租,1400,1169,1473,45,45,0,3,3,0.082,0.068,/guide/travel,0.12,0.12,0.356,
guide,en,/guide/boardgame,Board games,863,714,3769,45,45,0,3,3,0.059,0.049,/guide/realestate,0.099,0.099,0.311,
guide,zh,/guide/boardgame,桌游工作室,1448,1173,1536,45,45,0,3,3,0.07,0.062,/guide/aquascaping,0.115,0.115,0.356,
guide,en,/guide/bonsai,Bonsai studios,825,675,3763,41,41,0,3,3,0.066,0.052,/guide/meditation,0.104,0.125,0.341,
guide,zh,/guide/bonsai,盆景园,1360,1099,1316,43,43,0,3,3,0.083,0.07,/guide/sealcarving,0.134,0.141,0.372,
guide,en,/guide/bookbinding,Bookbinding studios,855,707,3826,44,44,0,3,3,0.105,0.088,/guide/letterpress,0.1,0.125,0.318,
guide,zh,/guide/bookbinding,手工装帧工作室,1419,1138,1371,43,43,0,3,3,0.118,0.112,/guide/letterpress,0.129,0.145,0.395,
guide,en,/guide/bookstore,Bookstores & publishing,864,738,3898,48,48,0,3,3,0.059,0.048,/guide/newsletter,0.097,0.099,0.229,
guide,zh,/guide/bookstore,书店出版,1503,1294,1611,50,50,0,3,3,0.07,0.056,/guide/podcast,0.112,0.116,0.32,
guide,en,/guide/bowling,Bowling alleys,867,721,3925,47,47,0,3,3,0.092,0.081,/guide/trampoline,0.099,0.103,0.298,
guide,zh,/guide/bowling,保龄球馆,1476,1205,1518,45,45,0,3,3,0.116,0.1,/guide/trampoline,0.119,0.135,0.356,
guide,en,/guide/boxing,Boxing gyms,734,592,3256,45,45,0,3,3,0.07,0.057,/guide/muaythai,0.122,0.122,0.311,
guide,zh,/guide/boxing,拳击馆,1215,957,1225,46,46,0,3,3,0.092,0.075,/guide/taekwondo,0.148,0.155,0.37,
guide,en,/guide/brewery,Craft beer & drinks,955,804,4169,46,46,0,3,3,0.057,0.046,/guide/legal,0.088,0.09,0.239,
guide,zh,/guide/brewery,精酿酒饮,1528,1269,1595,44,44,0,3,3,0.07,0.063,/guide/taproom,0.108,0.111,0.364,
guide,en,/guide/brocade,Brocade weaving studios,970,805,4345,53,53,0,3,3,0.103,0.09,/guide/fanmaking,0.093,0.119,0.208,
guide,zh,/guide/brocade,织锦工坊,1474,1180,1394,41,41,0,3,3,0.133,0.127,/guide/swordsmith,0.13,0.145,0.415,
guide,en,/guide/bronzecasting,Bronze casting studios,1020,849,4474,52,52,0,3,3,0.083,0.071,/guide/claysculpture,0.087,0.11,0.212,
guide,zh,/guide/bronzecasting,铸铜工坊,1465,1168,1369,41,41,0,3,3,0.125,0.112,/guide/claysculpture,0.13,0.144,0.415,
guide,en,/guide/bubbletea,Bubble tea shops,988,831,4442,46,46,0,3,3,0.059,0.046,/guide/legal,0.087,0.098,0.239,
guide,zh,/guide/bubbletea,奶茶茶饮,1565,1313,1589,48,48,0,3,3,0.076,0.063,/guide/pharmacy,0.11,0.117,0.333,
guide,en,/guide/buildingmaterials,Building materials,774,632,3429,44,44,0,3,3,0.067,0.054,/guide/medicalsupplies,0.113,0.116,0.318,
guide,zh,/guide/buildingmaterials,建材五金,1334,1063,1346,44,44,0,3,3,0.078,0.067,/guide/officesupplies,0.132,0.136,0.364,
guide,en,/guide/calligraphy,Calligraphy studios,742,623,3596,42,42,0,3,3,0.068,0.053,/guide/meditation,0.113,0.124,0.333,
guide,zh,/guide/calligraphy,书法工作室,1252,1043,1312,44,44,0,3,3,0.083,0.073,/guide/framing,0.135,0.137,0.386,
guide,en,/guide/campgear,Camping gear,863,740,4046,49,49,0,3,3,0.059,0.048,/guide/saas,0.095,0.101,0.286,
guide,zh,/guide/campgear,露营装备,1483,1263,1612,48,48,0,3,3,0.074,0.063,/guide/fragrance,0.113,0.124,0.333,
guide,en,/guide/campsite,Campgrounds,842,705,3792,42,42,0,3,3,0.065,0.051,/guide/villarental,0.1,0.101,0.262,
guide,zh,/guide/campsite,露营地,1487,1216,1527,47,47,0,3,3,0.074,0.057,/guide/fanclub,0.115,0.12,0.362,
guide,en,/guide/candle,Candle brands,791,630,3403,41,41,0,3,3,0.064,0.056,/guide/legal,0.109,0.114,0.341,
guide,zh,/guide/candle,香薰蜡烛,1319,1044,1273,45,45,0,3,3,0.083,0.077,/guide/soapmaking,0.136,0.144,0.356,
guide,en,/guide/careercoach,Career coaching,923,787,4281,48,48,0,3,3,0.057,0.047,/guide/realestate,0.093,0.096,0.292,
guide,zh,/guide/careercoach,职业规划咨询,1571,1313,1625,49,49,0,3,3,0.075,0.063,/guide/mealprep,0.114,0.124,0.347,
guide,en,/guide/carrental,Car rental & mobility,944,815,4569,50,50,0,3,3,0.057,0.045,/guide/stationery,0.086,0.095,0.22,
guide,zh,/guide/carrental,租车出行,1634,1408,1693,50,50,0,3,3,0.073,0.062,/guide/errand,0.105,0.113,0.32,
guide,en,/guide/carwash,Car wash & detailing,938,792,4236,50,50,0,3,3,0.059,0.046,/guide/fitness,0.093,0.102,0.22,
guide,zh,/guide/carwash,汽车美容洗车,1634,1366,1684,52,52,0,3,3,0.08,0.068,/guide/petboarding,0.109,0.117,0.308,
guide,en,/guide/catering,Catering,1003,850,4811,55,55,0,3,3,0.054,0.044,/guide/legal,0.081,0.089,0.2,
guide,zh,/guide/catering,宴会团餐,1663,1413,1779,49,49,0,3,3,0.07,0.058,/guide/plumber,0.099,0.106,0.327,
guide,en,/guide/cheerleading,Cheerleading,798,651,3543,43,43,0,3,3,0.067,0.055,/guide/gymnastics,0.105,0.105,0.256,
guide,zh,/guide/cheerleading,啦啦操,1317,1059,1421,46,46,0,3,3,0.089,0.069,/guide/gymnastics,0.132,0.139,0.348,
guide,en,/guide/cheesemaking,Cheesemaking studios,863,713,3774,46,46,0,3,3,0.072,0.057,/guide/bookbinding,0.099,0.116,0.304,
guide,zh,/guide/cheesemaking,奶酪工坊,1348,1063,1299,43,43,0,3,3,0.092,0.074,/guide/meadery,0.135,0.149,0.395,
guide,en,/guide/chess,Chess & Go academies,926,802,4505,49,49,0,3,3,0.058,0.045,/guide/legal,0.09,0.096,0.224,
guide,zh,/guide/chess,棋类培训,1532,1314,1624,49,49,0,3,3,0.077,0.067,/guide/musicschool,0.112,0.125,0.327,
guide,en,/guide/chocolate,Craft chocolate,889,739,3966,43,43,0,3,3,0.066,0.051,/guide/kombucha,0.098,0.11,0.326,
guide,zh,/guide/chocolate,手工巧克力,1474,1186,1494,44,44,0,3,3,0.083,0.068,/guide/succulent,0.123,0.132,0.364,
guide,en,/guide/cidery,Craft cideries,805,660,3579,47,47,0,3,3,0.067,0.059,/guide/terrarium,0.104,0.112,0.298,
guide,zh,/guide/cidery,苹果酒坊,1336,1057,1378,45,45,0,3,3,0.087,0.071,/guide/terrarium,0.133,0.144,0.378,
guide,en,/guide/claysculpture,Clay sculpture studios,1000,832,4435,51,51,0,3,3,0.091,0.078,/guide/pyrography,0.087,0.11,0.216,
guide,zh,/guide/claysculpture,泥塑工作室,1448,1160,1364,41,41,0,3,3,0.139,0.136,/guide/pyrography,0.132,0.146,0.415,
guide,en,/guide/cleaning,Cleaning services,855,704,3781,47,47,0,3,3,0.062,0.049,/guide/realestate,0.099,0.101,0.298,
guide,zh,/guide/cleaning,家政清洁,1449,1175,1489,46,46,0,3,3,0.077,0.068,/guide/housekeeping,0.119,0.125,0.348,
guide,en,/guide/climbing,Climbing gyms,883,747,4218,47,47,0,3,3,0.064,0.066,/guide/boxing,0.096,0.1,0.298,
guide,zh,/guide/climbing,攀岩馆,1528,1267,1649,48,48,0,3,3,0.084,0.086,/guide/climbinggym,0.106,0.116,0.354,
guide,en,/guide/climbinggym,Climbing gyms,883,735,3790,43,43,0,3,3,0.068,0.066,/guide/kombucha,0.097,0.106,0.326,
guide,zh,/guide/climbinggym,攀岩馆,1351,1071,1323,43,43,0,3,3,0.098,0.086,/guide/minigolf,0.132,0.146,0.395,
guide,en,/guide/clinic,Clinics & outpatient care,981,834,4953,53,53,0,3,3,0.057,0.047,/guide/realtor,0.086,0.092,0.208,
guide,zh,/guide/clinic,诊所门诊,1615,1350,1618,50,50,0,3,3,0.071,0.058,/guide/podcast,0.111,0.119,0.32,
guide,en,/guide/cloisonne,Cloisonné studios,965,807,4091,50,50,0,3,3,0.081,0.07,/guide/papermaking,0.09,0.114,0.28,
guide,zh,/guide/cloisonne,掐丝珐琅工作室,1496,1213,1436,43,43,0,3,3,0.111,0.1,/guide/inkstone,0.127,0.141,0.395,
guide,en,/guide/cn-dns-inland-vs-overseas,Inland vs overseas hosting,958,841,4514,65,65,0,4,4,0.015,0.028,/guide/cn-icp-beian,0.001,0.001,0.031,
guide,zh,/guide/cn-dns-inland-vs-overseas,境内 vs 境外解析,1668,1463,1713,60,60,0,4,4,0.05,0.056,/guide/cn-icp-beian,0.006,0.006,0.05,
guide,en,/guide/cn-expiry-redemption,.cn expiry & redemption,1017,912,4707,64,64,0,4,4,0.007,0.011,/guide/cn-realname,0.001,0.001,0.031,
guide,zh,/guide/cn-expiry-redemption,.cn 到期与赎回,1707,1536,1858,58,58,0,4,4,0.031,0.036,/guide/cn-vs-comcn-registrar,0.006,0.006,0.052,
guide,en,/guide/cn-icp-beian,ICP filing vs real-name,1128,1011,5530,73,73,0,4,4,0.015,0.028,/guide/cn-dns-inland-vs-overseas,0.001,0.001,0.027,
guide,zh,/guide/cn-icp-beian,ICP 备案与实名,1930,1729,1980,67,67,0,4,4,0.05,0.056,/guide/cn-dns-inland-vs-overseas,0.005,0.005,0.045,
guide,en,/guide/cn-realname,.cn real-name verification,1173,1052,5714,74,74,0,4,4,0.02,0.02,/guide/cn-serverhold,0.001,0.001,0.027,
guide,zh,/guide/cn-realname,.cn 实名认证,2046,1845,2135,66,66,0,4,4,0.044,0.05,/guide/cn-serverhold,0.005,0.005,0.045,
guide,en,/guide/cn-serverhold,Fixing serverHold,957,847,4487,58,58,0,4,4,0.02,0.02,/guide/cn-realname,0.001,0.001,0.034,
guide,zh,/guide/cn-serverhold,serverHold 解除,1600,1410,1836,60,60,0,4,4,0.044,0.05,/guide/cn-realname,0.007,0.007,0.05,
guide,en,/guide/cn-vs-comcn-registrar,.cn/.com.cn & registrars,1114,988,5607,76,76,0,4,4,0.012,0.011,/guide/cn-dns-inland-vs-overseas,0.002,0.002,0.026,
guide,zh,/guide/cn-vs-comcn-registrar,.cn/.com.cn 与注册商,1968,1753,2265,70,70,0,4,4,0.038,0.044,/guide/cn-realname,0.006,0.006,0.043,
guide,en,/guide/coach,Personal training,905,758,3985,47,47,0,3,3,0.061,0.047,/guide/photography,0.093,0.096,0.298,
guide,zh,/guide/coach,健身私教,1530,1262,1620,50,50,0,3,3,0.069,0.061,/guide/fitness,0.107,0.108,0.32,
guide,en,/guide/codingschool,Coding bootcamps,859,743,4069,43,43,0,3,3,0.056,0.047,/guide/realestate,0.092,0.092,0.326,
guide,zh,/guide/codingschool,编程培训,1465,1259,1687,46,46,0,3,3,0.068,0.058,/guide/organicfood,0.107,0.107,0.348,
guide,en,/guide/coffee,Coffee & tea,790,626,3202,43,43,0,3,3,0.064,0.052,/guide/photography,0.114,0.115,0.256,
guide,zh,/guide/coffee,咖啡茶饮,1224,979,1226,43,43,0,3,3,0.071,0.059,/guide/taekwondo,0.129,0.131,0.372,
guide,en,/guide/community,Communities,756,618,3312,43,43,0,3,3,0.064,0.053,/guide/legal,0.115,0.116,0.256,
guide,zh,/guide/community,社区俱乐部,1253,995,1309,43,43,0,3,3,0.073,0.061,/guide/cricket,0.124,0.126,0.372,
guide,en,/guide/companyreg,Company formation services,918,778,4344,54,54,0,3,3,0.056,0.047,/guide/travel,0.09,0.094,0.204,
guide,zh,/guide/companyreg,公司注册代办,1556,1289,1684,48,48,0,3,3,0.073,0.062,/guide/legal,0.108,0.123,0.333,
guide,en,/guide/construction,Construction & contracting,971,819,4704,54,54,0,3,3,0.059,0.047,/guide/realtor,0.088,0.096,0.204,
guide,zh,/guide/construction,建筑施工,1614,1351,1657,50,50,0,3,3,0.075,0.061,/guide/realtor,0.109,0.117,0.32,
guide,en,/guide/consulting,Management consulting,893,751,4452,58,58,0,3,3,0.06,0.048,/guide/legal,0.094,0.1,0.241,
guide,zh,/guide/consulting,管理咨询,1552,1281,1799,51,51,0,3,3,0.069,0.06,/guide/deli,0.105,0.113,0.314,
guide,en,/guide/convenience,Convenience stores,884,728,4410,52,52,0,3,3,0.061,0.049,/guide/legal,0.097,0.106,0.269,
guide,zh,/guide/convenience,社区便利店,1605,1339,1606,46,46,0,3,3,0.073,0.061,/guide/deli,0.114,0.122,0.348,
guide,en,/guide/cookingclass,Cooking classes,787,630,3513,46,46,0,3,3,0.068,0.053,/guide/seafishing,0.114,0.114,0.304,
guide,zh,/guide/cookingclass,烹饪教室,1368,1119,1371,44,44,0,3,3,0.079,0.061,/guide/organicfood,0.132,0.133,0.364,
guide,en,/guide/cooperage,Cooperages,887,737,3814,47,47,0,3,3,0.071,0.06,/guide/indigodye,0.095,0.104,0.234,
guide,zh,/guide/cooperage,制桶工坊,1409,1128,1358,43,43,0,3,3,0.101,0.09,/guide/indigodye,0.129,0.141,0.395,
guide,en,/guide/coupon,Coupon & deals platforms,913,761,4167,55,55,0,3,3,0.058,0.048,/guide/photography,0.093,0.097,0.2,
guide,zh,/guide/coupon,优惠券导购,1572,1304,1659,50,50,0,3,3,0.069,0.056,/guide/fanclub,0.109,0.114,0.32,
guide,en,/guide/courses,Online courses,826,703,3762,41,41,0,3,3,0.06,0.049,/guide/realestate,0.1,0.1,0.341,
guide,zh,/guide/courses,在线课程,1416,1196,1576,47,47,0,3,3,0.07,0.056,/guide/edu,0.108,0.108,0.34,
guide,en,/guide/coworking,Coworking spaces,886,745,4065,44,44,0,3,3,0.059,0.047,/guide/legal,0.094,0.098,0.318,
guide,zh,/guide/coworking,联合办公,1536,1275,1594,43,43,0,3,3,0.072,0.058,/guide/food,0.111,0.116,0.372,
guide,en,/guide/craftvodka,Craft vodka,817,655,3395,44,44,0,3,3,0.07,0.057,/guide/basketball,0.11,0.113,0.318,
guide,zh,/guide/craftvodka,精酿伏特加,1349,1094,1359,44,44,0,3,3,0.088,0.068,/guide/aquascaping,0.134,0.137,0.364,
guide,en,/guide/creator,Creators,804,661,3287,43,43,0,3,3,0.061,0.051,/guide/realestate,0.105,0.105,0.256,
guide,zh,/guide/creator,视频创作者,1255,993,1239,44,44,0,3,3,0.074,0.059,/guide/freelance,0.128,0.128,0.364,
guide,en,/guide/cricket,Cricket communities,824,678,3508,41,41,0,3,3,0.07,0.055,/guide/giveaway,0.108,0.109,0.341,
guide,zh,/guide/cricket,板球社区,1274,1016,1274,44,44,0,3,3,0.091,0.07,/guide/fanclub,0.143,0.147,0.364,
guide,en,/guide/crossborder,Cross-border e-commerce,891,741,4199,45,45,0,3,3,0.061,0.051,/guide/legal,0.094,0.097,0.311,
guide,zh,/guide/crossborder,跨境电商,1534,1271,1592,48,48,0,3,3,0.079,0.068,/guide/ecommerce,0.109,0.111,0.333,
guide,en,/guide/crossfit,CrossFit & functional fitness,947,793,4160,49,49,0,3,3,0.059,0.046,/guide/legal,0.091,0.095,0.224,
guide,zh,/guide/crossfit,CrossFit 综合体能,1535,1265,1683,49,49,0,3,3,0.065,0.057,/guide/web3,0.098,0.102,0.265,
guide,en,/guide/cruise,Cruise agencies,722,596,3361,42,42,0,3,3,0.07,0.054,/guide/flowerdelivery,0.119,0.119,0.333,
guide,zh,/guide/cruise,邮轮旅行社,1277,1049,1365,44,44,0,3,3,0.077,0.06,/guide/snacks,0.13,0.133,0.364,
guide,en,/guide/curling,Curling clubs,775,631,3561,40,40,0,3,3,0.081,0.066,/guide/handball,0.111,0.113,0.35,
guide,zh,/guide/curling,冰壶俱乐部,1341,1074,1377,44,44,0,3,3,0.083,0.077,/guide/handball,0.127,0.13,0.386,
guide,en,/guide/customtour,Bespoke travel,731,608,3525,43,43,0,3,3,0.065,0.053,/guide/realestate,0.114,0.115,0.326,
guide,zh,/guide/customtour,定制旅行,1285,1065,1375,44,44,0,3,3,0.077,0.062,/guide/taekwondo,0.133,0.135,0.364,
guide,en,/guide/cybercafe,Esports cafés,950,805,4071,53,53,0,3,3,0.058,0.046,/guide/legal,0.089,0.094,0.264,
guide,zh,/guide/cybercafe,电竞网咖,1599,1330,1628,49,49,0,3,3,0.076,0.069,/guide/vr,0.108,0.115,0.327,
guide,en,/guide/danceschool,Dance studios,915,802,4345,46,46,0,3,3,0.07,0.051,/guide/pottery,0.09,0.106,0.304,
guide,zh,/guide/danceschool,舞蹈工作室,1542,1337,1718,49,49,0,3,3,0.08,0.072,/guide/martialarts,0.105,0.119,0.347,
guide,en,/guide/datingapp,Dating apps,753,634,3300,42,42,0,3,3,0.069,0.054,/guide/souvenir,0.115,0.117,0.333,
guide,zh,/guide/datingapp,交友App,1253,1061,1306,44,44,0,3,3,0.091,0.068,/guide/luxuryresale,0.141,0.149,0.364,
guide,en,/guide/dayspa,Day spas,771,631,3359,48,48,0,3,3,0.066,0.052,/guide/flowerdelivery,0.109,0.109,0.292,
guide,zh,/guide/dayspa,水疗会所,1304,1042,1310,44,44,0,3,3,0.083,0.062,/guide/seafishing,0.136,0.144,0.364,
guide,en,/guide/deli,Deli & braised food,920,764,3976,43,43,0,3,3,0.077,0.063,/guide/fruitshop,0.095,0.102,0.256,
guide,zh,/guide/deli,卤味熟食,1454,1194,1420,44,44,0,3,3,0.111,0.097,/guide/fruitshop,0.132,0.142,0.364,
guide,en,/guide/dental,Dental clinics,930,782,4381,51,51,0,3,3,0.058,0.046,/guide/legal,0.089,0.093,0.275,
guide,zh,/guide/dental,口腔诊所,1539,1276,1600,48,48,0,3,3,0.071,0.058,/guide/orthodontics,0.107,0.113,0.333,
guide,en,/guide/deskcraft,Desk & stationery,905,767,4225,44,44,0,3,3,0.057,0.047,/guide/photography,0.092,0.096,0.25,
guide,zh,/guide/deskcraft,桌面文创,1535,1271,1549,46,46,0,3,3,0.071,0.057,/guide/giftcustom,0.113,0.114,0.348,
guide,en,/guide/dessert,Dessert & ice cream,917,758,4117,54,54,0,3,3,0.061,0.047,/guide/fruitshop,0.096,0.106,0.204,
guide,zh,/guide/dessert,甜品冰淇淋,1581,1329,1617,48,48,0,3,3,0.082,0.069,/guide/icecream,0.111,0.119,0.333,
guide,en,/guide/devtools,Dev tools,693,589,3147,48,48,0,3,3,0.066,0.054,/guide/legal,0.119,0.119,0.292,
guide,zh,/guide/devtools,开发者工具,1154,961,1327,51,51,0,3,3,0.084,0.073,/guide/opensource,0.131,0.135,0.333,
guide,en,/guide/distillery,Craft distilleries,870,722,3769,43,43,0,3,3,0.069,0.059,/guide/kombucha,0.098,0.104,0.326,
guide,zh,/guide/distillery,精酿蒸馏厂,1402,1122,1341,42,42,0,3,3,0.089,0.074,/guide/blacksmith,0.129,0.138,0.405,
guide,en,/guide/diving,Diving & scuba,949,807,4376,48,48,0,3,3,0.055,0.046,/guide/realestate,0.089,0.091,0.229,
guide,zh,/guide/diving,潜水俱乐部,1625,1361,1714,51,51,0,3,3,0.072,0.062,/guide/careercoach,0.106,0.118,0.333,
guide,en,/guide/documentary,Documentary studios,940,790,4294,57,57,0,3,3,0.06,0.047,/guide/meditation,0.091,0.108,0.246,
guide,zh,/guide/documentary,纪录片工作室,1585,1303,1622,50,50,0,3,3,0.074,0.064,/guide/fruitshop,0.112,0.124,0.34,
guide,en,/guide/dollarstore,Dollar stores,783,632,3411,43,43,0,3,3,0.064,0.053,/guide/realestate,0.111,0.111,0.326,
guide,zh,/guide/dollarstore,一元折扣店,1355,1084,1501,47,47,0,3,3,0.081,0.07,/guide/outlet,0.122,0.123,0.34,
guide,en,/guide/doughsculpture,Dough sculpture studios,1007,836,4441,53,53,0,3,3,0.122,0.109,/guide/pyrography,0.089,0.112,0.208,
guide,zh,/guide/doughsculpture,面塑工作室,1506,1210,1420,41,41,0,3,3,0.157,0.154,/guide/eggcarving,0.127,0.14,0.415,
guide,en,/guide/drivingschool,Driving schools,881,769,4401,42,42,0,3,3,0.064,0.054,/guide/swimschool,0.092,0.097,0.333,
guide,zh,/guide/drivingschool,驾校驾培,1491,1290,1593,46,46,0,3,3,0.077,0.065,/guide/mealprep,0.111,0.118,0.348,
guide,en,/guide/drone,Drone & aerial,879,766,4204,45,45,0,3,3,0.06,0.047,/guide/legal,0.093,0.099,0.244,
guide,zh,/guide/drone,无人机航拍,1499,1297,1677,47,47,0,3,3,0.068,0.056,/guide/podcast,0.104,0.106,0.34,
guide,en,/guide/ecommerce,E-commerce,770,623,3345,50,50,0,3,3,0.063,0.052,/guide/realestate,0.111,0.111,0.22,
guide,zh,/guide/ecommerce,电商品牌,1367,1104,1439,53,53,0,3,3,0.079,0.068,/guide/crossborder,0.12,0.122,0.321,
guide,en,/guide/edu,Education,758,644,3602,44,44,0,3,3,0.062,0.052,/guide/realestate,0.108,0.108,0.25,
guide,zh,/guide/edu,教育产品,1298,1095,1531,46,46,0,3,3,0.076,0.064,/guide/basketball,0.12,0.126,0.37,
guide,en,/guide/eggcarving,Egg carving studios,1009,840,4383,53,53,0,3,3,0.124,0.117,/guide/pyrography,0.087,0.102,0.208,
guide,zh,/guide/eggcarving,蛋雕工作室,1506,1212,1426,42,42,0,3,3,0.168,0.164,/guide/pyrography,0.125,0.137,0.405,
guide,en,/guide/eldercare,Senior care,893,743,3997,51,51,0,3,3,0.059,0.048,/guide/parenting,0.095,0.097,0.275,
guide,zh,/guide/eldercare,养老服务,1484,1207,1525,54,54,0,3,3,0.072,0.06,/guide/podcast,0.117,0.12,0.296,
guide,en,/guide/electrician,Electricians,795,650,3659,46,46,0,3,3,0.065,0.056,/guide/legal,0.106,0.111,0.239,
guide,zh,/guide/electrician,电工电气服务,1402,1132,1636,47,47,0,3,3,0.071,0.068,/guide/painting,0.109,0.111,0.34,
guide,en,/guide/embroidery,Embroidery studios,862,715,3953,45,45,0,3,3,0.07,0.064,/guide/incense,0.1,0.11,0.311,
guide,zh,/guide/embroidery,刺绣工作室,1356,1084,1309,43,43,0,3,3,0.105,0.098,/guide/sealcarving,0.137,0.149,0.395,
guide,en,/guide/energystorage,Energy storage,805,681,3829,45,45,0,3,3,0.064,0.052,/guide/watertreatment,0.105,0.107,0.311,
guide,zh,/guide/energystorage,储能系统,1409,1197,1536,48,48,0,3,3,0.074,0.061,/guide/watertreatment,0.116,0.117,0.333,
guide,en,/guide/equestrian,Equestrian clubs,849,703,4042,49,49,0,3,3,0.069,0.053,/guide/archery,0.1,0.105,0.286,
guide,zh,/guide/equestrian,马术俱乐部,1502,1233,1504,47,47,0,3,3,0.08,0.07,/guide/fruitshop,0.121,0.135,0.34,
guide,en,/guide/equipmentrental,Equipment rental,942,801,4432,52,52,0,3,3,0.058,0.046,/guide/legal,0.089,0.098,0.269,
guide,zh,/guide/equipmentrental,设备租赁,1628,1359,1718,53,53,0,3,3,0.074,0.057,/guide/apartment,0.11,0.123,0.302,
guide,en,/guide/errand,Errand & courier services,1000,848,4617,58,58,0,3,3,0.056,0.044,/guide/legal,0.083,0.09,0.19,
guide,zh,/guide/errand,同城跑腿,1656,1405,1722,47,47,0,3,3,0.073,0.064,/guide/carrental,0.104,0.113,0.34,
guide,en,/guide/escaperoom,Escape rooms,838,695,3775,53,53,0,3,3,0.06,0.05,/guide/podcast,0.1,0.1,0.264,
guide,zh,/guide/escaperoom,剧本杀密室,1454,1196,1501,51,50,0.02,3,3,0.076,0.06,/guide/giftcustom,0.12,0.121,0.32,
guide,en,/guide/esports,Esports teams,906,762,4017,45,45,0,3,3,0.057,0.047,/guide/realestate,0.092,0.092,0.311,
guide,zh,/guide/esports,电竞战队,1551,1286,1724,45,45,0,3,3,0.068,0.051,/guide/taekwondo,0.103,0.111,0.356,
guide,en,/guide/esportsnews,Esports & gaming news,842,694,3602,44,44,0,3,3,0.081,0.065,/guide/giveaway,0.105,0.105,0.25,
guide,zh,/guide/esportsnews,棋牌电竞资讯,1316,1041,1310,46,46,0,3,3,0.105,0.094,/guide/sportsodds,0.14,0.143,0.348,
guide,en,/guide/evcharging,EV charging,795,673,3703,46,46,0,3,3,0.067,0.053,/guide/babystore,0.105,0.106,0.304,
guide,zh,/guide/evcharging,充电桩运营,1343,1130,1413,46,46,0,3,3,0.079,0.064,/guide/babystore,0.127,0.129,0.348,
guide,en,/guide/events,Event planning,893,746,4002,48,48,0,3,3,0.057,0.048,/guide/podcast,0.093,0.093,0.292,
guide,zh,/guide/events,活动策划,1565,1302,1659,48,48,0,3,3,0.073,0.059,/guide/ticketing,0.104,0.109,0.333,
guide,en,/guide/falconry,Falconry experiences,845,700,3786,47,47,0,3,3,0.067,0.054,/guide/taxidermy,0.103,0.114,0.298,
guide,zh,/guide/falconry,猛禽体验基地,1384,1102,1329,45,45,0,3,3,0.088,0.069,/guide/meadery,0.135,0.148,0.378,
guide,en,/guide/fanclub,Fan clubs,782,640,3346,43,43,0,3,3,0.064,0.053,/guide/fencing,0.113,0.116,0.326,
guide,zh,/guide/fanclub,粉丝应援站,1242,972,1212,44,44,0,3,3,0.092,0.072,/guide/giveaway,0.15,0.156,0.364,
guide,en,/guide/fanmaking,Fan-making studios,1002,840,4456,53,53,0,3,3,0.103,0.089,/guide/brocade,0.085,0.108,0.264,
guide,zh,/guide/fanmaking,制扇工坊,1477,1188,1406,41,41,0,3,3,0.143,0.137,/guide/swordsmith,0.127,0.144,0.415,
guide,en,/guide/farm,Farms & fresh food,865,712,3841,47,47,0,3,3,0.062,0.048,/guide/realestate,0.098,0.098,0.234,
guide,zh,/guide/farm,农场生鲜,1487,1239,1513,42,42,0,3,3,0.071,0.058,/guide/podcast,0.115,0.117,0.381,
guide,en,/guide/fashion,Fashion labels,727,583,3162,44,44,0,3,3,0.068,0.055,/guide/legal,0.123,0.125,0.318,
guide,zh,/guide/fashion,服饰潮牌,1212,951,1234,45,45,0,3,3,0.072,0.057,/guide/organicfood,0.127,0.127,0.356,
guide,en,/guide/fashionbuyer,Fashion select shops,809,659,3414,43,43,0,3,3,0.065,0.055,/guide/homedecor,0.108,0.108,0.256,
guide,zh,/guide/fashionbuyer,快时尚买手店,1287,1028,1310,44,44,0,3,3,0.082,0.066,/guide/organicfood,0.139,0.141,0.364,
guide,en,/guide/fencing,Fencing clubs,763,624,3325,43,43,0,3,3,0.075,0.058,/guide/lacrosse,0.117,0.12,0.326,
guide,zh,/guide/fencing,击剑俱乐部,1284,1023,1334,46,46,0,3,3,0.094,0.087,/guide/tabletennis,0.138,0.147,0.37,
guide,en,/guide/fintech,Fintech,771,641,3604,51,51,0,3,3,0.062,0.052,/guide/realestate,0.108,0.108,0.216,
guide,zh,/guide/fintech,金融科技,1385,1126,1515,50,50,0,3,3,0.07,0.056,/guide/datingapp,0.115,0.115,0.32,
guide,en,/guide/fishing,Fishing & tackle,916,800,4463,45,45,0,3,3,0.062,0.05,/guide/villarental,0.089,0.096,0.244,
guide,zh,/guide/fishing,垂钓渔具,1526,1310,1638,48,48,0,3,3,0.074,0.06,/guide/seafishing,0.11,0.118,0.333,
guide,en,/guide/fitness,Fitness & health,735,600,3202,49,49,0,3,3,0.074,0.055,/guide/legal,0.12,0.129,0.224,
guide,zh,/guide/fitness,健身健康,1249,1004,1288,51,51,0,3,3,0.078,0.069,/guide/taekwondo,0.135,0.135,0.314,
guide,en,/guide/flashsale,Flash sale e-commerce,947,797,4380,57,57,0,3,3,0.056,0.046,/guide/realestate,0.089,0.093,0.193,
guide,zh,/guide/flashsale,限时特卖电商,1595,1334,1671,50,50,0,3,3,0.07,0.058,/guide/podcast,0.112,0.117,0.32,
guide,en,/guide/fleamarket,Markets & pop-ups,887,736,3876,39,39,0,3,3,0.059,0.048,/guide/legal,0.096,0.097,0.282,
guide,zh,/guide/fleamarket,线下市集,1558,1287,1539,43,43,0,3,3,0.069,0.055,/guide/organicfood,0.109,0.109,0.372,
guide,en,/guide/fletching,Fletching workshops,935,775,4160,47,47,0,3,3,0.074,0.063,/guide/saddlery,0.093,0.101,0.298,
guide,zh,/guide/fletching,制箭工坊,1450,1162,1386,43,43,0,3,3,0.1,0.089,/guide/lutherie,0.129,0.146,0.395,
guide,en,/guide/florist,Florists,840,691,3724,48,48,0,3,3,0.06,0.05,/guide/photography,0.099,0.099,0.229,
guide,zh,/guide/florist,花店花艺,1508,1249,1526,49,49,0,3,3,0.085,0.07,/guide/flowerdelivery,0.112,0.115,0.327,
guide,en,/guide/flowerdelivery,Flower delivery,765,616,3383,45,45,0,3,3,0.076,0.057,/guide/snacks,0.118,0.12,0.311,
guide,zh,/guide/flowerdelivery,鲜花电商,1293,1031,1372,44,44,0,3,3,0.085,0.07,/guide/florist,0.133,0.141,0.364,
guide,en,/guide/food,Food & dining,745,595,3098,49,49,0,3,3,0.069,0.054,/guide/legal,0.117,0.122,0.224,
guide,zh,/guide/food,餐饮美食,1244,998,1230,49,49,0,3,3,0.079,0.063,/guide/podcast,0.141,0.145,0.327,
guide,en,/guide/foodreview,Food reviews,842,701,3865,46,46,0,3,3,0.061,0.053,/guide/datingapp,0.104,0.105,0.304,
guide,zh,/guide/foodreview,探店测评,1473,1198,1472,48,48,0,3,3,0.077,0.058,/guide/datingapp,0.126,0.131,0.333,
guide,en,/guide/foodtruck,Food trucks & street food,980,833,4376,50,50,0,3,3,0.058,0.048,/guide/fitness,0.089,0.096,0.22,
guide,zh,/guide/foodtruck,餐车小吃,1554,1313,1647,49,49,0,3,3,0.069,0.059,/guide/podcast,0.108,0.113,0.327,
guide,en,/guide/football,Flag football,914,771,4075,44,44,0,3,3,0.065,0.052,/guide/hockey,0.093,0.093,0.318,
guide,zh,/guide/football,腰旗橄榄球,1486,1236,1550,48,48,0,3,3,0.082,0.068,/guide/hockey,0.116,0.116,0.333,
guide,en,/guide/footspa,Foot spas & wellness lounges,978,833,4667,56,56,0,3,3,0.057,0.045,/guide/legal,0.088,0.094,0.196,
guide,zh,/guide/footspa,足疗采耳,1619,1363,1641,48,48,0,3,3,0.074,0.062,/guide/petcafe,0.111,0.121,0.333,
guide,en,/guide/forwarder,Cross-border logistics,875,727,4149,44,44,0,3,3,0.059,0.051,/guide/food,0.096,0.096,0.318,
guide,zh,/guide/forwarder,跨境物流,1446,1187,1528,43,43,0,3,3,0.079,0.07,/guide/logistics,0.114,0.12,0.372,
guide,en,/guide/fragrance,Home fragrance & candles,949,803,4253,50,50,0,3,3,0.057,0.049,/guide/candle,0.092,0.096,0.22,
guide,zh,/guide/fragrance,香氛蜡烛,1598,1335,1621,49,49,0,3,3,0.082,0.077,/guide/candle,0.111,0.12,0.327,
guide,en,/guide/framing,Framing shops,787,633,3544,40,40,0,3,3,0.068,0.053,/guide/watchrepair,0.11,0.111,0.35,
guide,zh,/guide/framing,装裱画框店,1355,1084,1346,42,42,0,3,3,0.083,0.074,/guide/calligraphy,0.133,0.137,0.405,
guide,en,/guide/franchise,Franchise brands,818,679,3707,43,43,0,3,3,0.064,0.051,/guide/legal,0.104,0.107,0.326,
guide,zh,/guide/franchise,连锁加盟,1405,1132,1372,44,44,0,3,3,0.074,0.058,/guide/taekwondo,0.126,0.126,0.364,
guide,en,/guide/freelance,Freelancers,750,610,3184,42,42,0,3,3,0.064,0.053,/guide/legal,0.115,0.115,0.262,
guide,zh,/guide/freelance,自由职业,1251,985,1301,44,44,0,3,3,0.074,0.059,/guide/creator,0.123,0.125,0.364,
guide,en,/guide/fruitshop,Fruit shops,866,706,3719,44,44,0,3,3,0.077,0.063,/guide/deli,0.105,0.113,0.318,
guide,zh,/guide/fruitshop,水果店,1410,1153,1427,47,47,0,3,3,0.111,0.097,/guide/deli,0.13,0.146,0.34,
guide,en,/guide/funeral,Funeral & memorial services,906,749,4096,49,49,0,3,3,0.062,0.047,/guide/tailor,0.095,0.103,0.224,
guide,zh,/guide/funeral,殡葬服务,1468,1194,1493,44,44,0,3,3,0.078,0.064,/guide/seafood,0.12,0.134,0.364,
guide,en,/guide/furniture,Furniture,946,793,4336,45,45,0,3,3,0.058,0.045,/guide/legal,0.09,0.095,0.244,
guide,zh,/guide/furniture,家具品牌,1539,1269,1625,47,47,0,3,3,0.07,0.057,/guide/woodworking,0.107,0.108,0.362,
guide,en,/guide/futsal,Futsal venues,787,640,3468,43,43,0,3,3,0.064,0.054,/guide/realestate,0.107,0.11,0.326,
guide,zh,/guide/futsal,五人制足球场馆,1346,1077,1361,45,45,0,3,3,0.089,0.074,/guide/tabletopclub,0.137,0.144,0.378,
guide,en,/guide/game,Games,784,655,3362,50,50,0,3,3,0.063,0.051,/guide/photography,0.109,0.111,0.22,
guide,zh,/guide/game,游戏,1350,1094,1455,48,48,0,3,3,0.073,0.057,/guide/taekwondo,0.121,0.122,0.333,
guide,en,/guide/gardening,Gardening & plants,890,735,4153,45,45,0,3,3,0.061,0.048,/guide/legal,0.095,0.101,0.244,
guide,zh,/guide/gardening,园艺绿植,1474,1215,1543,43,43,0,3,3,0.074,0.06,/guide/flowerdelivery,0.113,0.117,0.372,
guide,en,/guide/gearrental,Gear & studio rentals,923,774,4087,44,44,0,3,3,0.063,0.051,/guide/villarental,0.094,0.095,0.25,
guide,zh,/guide/gearrental,影棚器材租赁,1555,1292,1608,46,46,0,3,3,0.068,0.054,/guide/podcast,0.106,0.11,0.348,
guide,en,/guide/giftcustom,Custom gifts,864,699,3764,44,44,0,3,3,0.062,0.05,/guide/legal,0.105,0.11,0.318,
guide,zh,/guide/giftcustom,礼品定制,1402,1119,1369,45,45,0,3,3,0.081,0.064,/guide/housekeeping,0.134,0.137,0.356,
guide,en,/guide/gilding,Gilding studios,940,783,4320,48,48,0,3,3,0.101,0.088,/guide/batik,0.092,0.117,0.292,
guide,zh,/guide/gilding,贴金工坊,1489,1199,1413,42,42,0,3,3,0.141,0.136,/guide/batik,0.128,0.145,0.405,
guide,en,/guide/giveaway,Giveaway platforms,773,639,3485,41,41,0,3,3,0.081,0.065,/guide/esportsnews,0.111,0.113,0.341,
guide,zh,/guide/giveaway,抽奖活动平台,1276,1022,1264,45,45,0,3,3,0.1,0.081,/guide/esportsnews,0.146,0.155,0.378,
guide,en,/guide/glassblowing,Glass studios,812,669,3661,48,48,0,3,3,0.069,0.064,/guide/embroidery,0.108,0.119,0.292,
guide,zh,/guide/glassblowing,玻璃工作室,1381,1110,1356,45,45,0,3,3,0.095,0.094,/guide/embroidery,0.133,0.144,0.378,
guide,en,/guide/gokart,Go-kart venues,829,688,3749,42,42,0,3,3,0.061,0.049,/guide/legal,0.101,0.103,0.333,
guide,zh,/guide/gokart,卡丁车馆,1443,1182,1511,46,46,0,3,3,0.073,0.064,/guide/kidsphoto,0.114,0.115,0.37,
guide,en,/guide/golf,Golf,889,746,4242,46,46,0,3,3,0.058,0.047,/guide/legal,0.094,0.099,0.239,
guide,zh,/guide/golf,高尔夫,1575,1304,1664,48,48,0,3,3,0.071,0.057,/guide/luxuryresale,0.108,0.118,0.333,
guide,en,/guide/grocery,Fresh groceries,953,800,4395,54,54,0,3,3,0.057,0.049,/guide/legal,0.088,0.096,0.259,
guide,zh,/guide/grocery,社区生鲜,1629,1367,1658,46,46,0,3,3,0.079,0.074,/guide/fruitshop,0.109,0.117,0.348,
guide,en,/guide/guqin,Guqin workshops,991,826,4369,54,54,0,3,3,0.094,0.086,/guide/swordsmith,0.088,0.101,0.259,
guide,zh,/guide/guqin,斫琴工坊,1447,1160,1373,42,42,0,3,3,0.137,0.131,/guide/swordsmith,0.131,0.147,0.405,
guide,en,/guide/gymnastics,Gymnastics academies,785,646,3586,42,42,0,3,3,0.079,0.067,/guide/wrestling,0.113,0.113,0.333,
guide,zh,/guide/gymnastics,体操培训,1347,1083,1397,46,46,0,3,3,0.102,0.087,/guide/wrestling,0.13,0.137,0.37,
guide,en,/guide/handball,Handball clubs,773,626,3407,41,41,0,3,3,0.081,0.066,/guide/curling,0.113,0.113,0.341,
guide,zh,/guide/handball,手球俱乐部,1304,1041,1359,45,45,0,3,3,0.083,0.082,/guide/curling,0.131,0.133,0.378,
guide,en,/guide/hanfu,Hanfu & guochao,987,832,4706,45,45,0,3,3,0.055,0.044,/guide/nonprofit,0.085,0.086,0.244,
guide,zh,/guide/hanfu,汉服国潮,1610,1340,1600,43,43,0,3,3,0.067,0.054,/guide/organicfood,0.107,0.11,0.372,
guide,en,/guide/hardware,Hardware & IoT,785,671,3701,43,43,0,3,3,0.062,0.05,/guide/photography,0.107,0.11,0.256,
guide,zh,/guide/hardware,智能硬件,1283,1074,1350,45,45,0,3,3,0.066,0.052,/guide/taekwondo,0.113,0.114,0.356,
guide,en,/guide/health,Health,693,563,3048,45,45,0,3,3,0.072,0.055,/guide/legal,0.125,0.128,0.244,
guide,zh,/guide/health,医疗健康,1213,964,1192,46,46,0,3,3,0.08,0.069,/guide/realestate,0.146,0.146,0.348,
guide,en,/guide/hearingaid,Hearing aid centers,830,681,3760,42,42,0,3,3,0.062,0.052,/guide/podcast,0.106,0.109,0.262,
guide,zh,/guide/hearingaid,助听器验配,1367,1098,1393,43,43,0,3,3,0.078,0.06,/guide/basketball,0.129,0.131,0.372,
guide,en,/guide/hockey,Hockey clubs,914,769,3967,44,44,0,3,3,0.065,0.052,/guide/soccer,0.095,0.095,0.318,
guide,zh,/guide/hockey,冰球俱乐部,1492,1235,1518,48,48,0,3,3,0.082,0.071,/guide/football,0.118,0.118,0.333,
guide,en,/guide/homedecor,Home decor,790,636,3325,43,43,0,3,3,0.065,0.052,/guide/realestate,0.112,0.114,0.326,
guide,zh,/guide/homedecor,家居饰品,1328,1066,1305,44,44,0,3,3,0.088,0.07,/guide/luxuryresale,0.14,0.145,0.364,
guide,en,/guide/homestaging,Home staging,840,690,3779,48,48,0,3,3,0.062,0.051,/guide/legal,0.102,0.107,0.292,
guide,zh,/guide/homestaging,房屋整备布置,1447,1180,1529,47,47,0,3,3,0.079,0.064,/guide/makeupartist,0.119,0.133,0.34,
guide,en,/guide/horology,Watchmaking ateliers,921,762,4268,49,49,0,3,3,0.072,0.06,/guide/gilding,0.093,0.107,0.286,
guide,zh,/guide/horology,独立制表工作室,1516,1230,1497,41,41,0,3,3,0.097,0.085,/guide/ikebana,0.119,0.134,0.415,
guide,en,/guide/horseranch,Horse ranches,762,636,3446,45,45,0,3,3,0.069,0.054,/guide/partyplanner,0.109,0.109,0.311,
guide,zh,/guide/horseranch,马场骑乘,1327,1104,1340,44,44,0,3,3,0.083,0.062,/guide/seafishing,0.134,0.138,0.364,
guide,en,/guide/hostel,Hostels,853,720,3925,44,44,0,3,3,0.062,0.05,/guide/legal,0.101,0.107,0.25,
guide,zh,/guide/hostel,青年旅舍,1475,1238,1534,47,47,0,3,3,0.077,0.066,/guide/deli,0.118,0.129,0.34,
guide,en,/guide/hotel,Hotels & lodging,951,817,4346,48,48,0,3,3,0.061,0.05,/guide/apartment,0.088,0.094,0.229,
guide,zh,/guide/hotel,酒店旅宿,1596,1357,1672,45,45,0,3,3,0.08,0.065,/guide/realtor,0.107,0.115,0.356,
guide,en,/guide/hotpot,Hotpot & BBQ,928,770,4255,51,51,0,3,3,0.058,0.046,/guide/legal,0.09,0.098,0.216,
guide,zh,/guide/hotpot,火锅烧烤,1580,1326,1586,44,44,0,3,3,0.074,0.064,/guide/bbq,0.112,0.121,0.364,
guide,en,/guide/hotspring,Hot spring resorts,920,784,4070,47,47,0,3,3,0.065,0.05,/guide/bowling,0.094,0.098,0.234,
guide,zh,/guide/hotspring,温泉度假,1433,1192,1448,43,43,0,3,3,0.088,0.073,/guide/bowling,0.128,0.14,0.372,
guide,en,/guide/housekeeping,Housekeeping services,869,713,4040,43,43,0,3,3,0.061,0.049,/guide/legal,0.1,0.104,0.326,
guide,zh,/guide/housekeeping,家政服务,1386,1116,1355,44,44,0,3,3,0.081,0.068,/guide/giftcustom,0.136,0.136,0.364,
guide,en,/guide/hvac,HVAC services,847,693,3829,46,46,0,3,3,0.065,0.05,/guide/evcharging,0.1,0.102,0.304,
guide,zh,/guide/hvac,暖通空调,1440,1172,1449,47,47,0,3,3,0.079,0.063,/guide/babystore,0.128,0.132,0.34,
guide,en,/guide/icecream,Ice cream brands,866,713,3697,43,43,0,3,3,0.074,0.059,/guide/fruitshop,0.102,0.11,0.256,
guide,zh,/guide/icecream,冰淇淋品牌,1434,1175,1435,45,45,0,3,3,0.1,0.088,/guide/fruitshop,0.13,0.139,0.356,
guide,en,/guide/ikebana,Ikebana schools,977,819,4448,53,53,0,3,3,0.068,0.059,/guide/horology,0.087,0.1,0.264,
guide,zh,/guide/ikebana,花道教室,1505,1218,1444,42,42,0,3,3,0.103,0.091,/guide/gilding,0.126,0.14,0.405,
guide,en,/guide/immigration,Immigration consulting,817,677,4028,44,44,0,3,3,0.064,0.05,/guide/legal,0.103,0.108,0.318,
guide,zh,/guide/immigration,移民咨询,1449,1180,1494,46,46,0,3,3,0.078,0.062,/guide/fruitshop,0.126,0.137,0.348,
guide,en,/guide/incense,Incense studios,854,697,3735,43,43,0,3,3,0.07,0.06,/guide/embroidery,0.103,0.116,0.326,
guide,zh,/guide/incense,香道工作室,1438,1157,1389,43,43,0,3,3,0.095,0.087,/guide/embroidery,0.131,0.139,0.395,
guide,en,/guide/indiegame,Indie games,892,777,4002,49,49,0,3,3,0.056,0.046,/guide/ecommerce,0.09,0.09,0.286,
guide,zh,/guide/indiegame,独立游戏,1485,1279,1753,48,48,0,3,3,0.068,0.055,/guide/giveaway,0.1,0.106,0.354,
guide,en,/guide/indiehacker,Indie hackers,846,730,3775,46,46,0,3,3,0.064,0.053,/guide/saas,0.099,0.099,0.304,
guide,zh,/guide/indiehacker,独立开发者,1433,1227,1572,44,44,0,3,3,0.074,0.062,/guide/devtools,0.114,0.12,0.364,
guide,en,/guide/indigodye,Indigo dye studios,914,764,3835,45,45,0,3,3,0.073,0.067,/guide/lapidary,0.095,0.112,0.244,
guide,zh,/guide/indigodye,蓝染工坊,1421,1142,1351,42,42,0,3,3,0.103,0.094,/guide/penmaking,0.132,0.148,0.405,
guide,en,/guide/inkstone,Inkstone studios,932,775,4162,46,46,0,3,3,0.078,0.073,/guide/marquetry,0.091,0.106,0.304,
guide,zh,/guide/inkstone,制砚工坊,1435,1150,1363,44,44,0,3,3,0.115,0.106,/guide/lapidary,0.132,0.148,0.386,
guide,en,/guide/insidepainting,Inside painting studios,1011,842,4538,54,54,0,3,3,0.12,0.104,/guide/eggcarving,0.087,0.101,0.204,
guide,zh,/guide/insidepainting,内画工作室,1521,1225,1424,42,42,0,3,3,0.151,0.151,/guide/pyrography,0.125,0.137,0.405,
guide,en,/guide/instrumentstore,Instrument stores,746,597,3344,41,41,0,3,3,0.065,0.053,/guide/legal,0.117,0.117,0.341,
guide,zh,/guide/instrumentstore,乐器行,1260,1000,1297,45,45,0,3,3,0.083,0.062,/guide/taekwondo,0.139,0.147,0.378,
guide,en,/guide/insurance,Insurance,857,720,3996,51,50,0.02,3,3,0.06,0.049,/guide/realestate,0.097,0.097,0.22,
guide,zh,/guide/insurance,保险经纪,1511,1246,1581,46,46,0,3,3,0.069,0.055,/guide/sportsodds,0.11,0.113,0.348,
guide,en,/guide/interior,Interior & renovation,906,760,4102,48,47,0.021,3,3,0.057,0.047,/guide/realestate,0.092,0.092,0.234,
guide,zh,/guide/interior,装修设计,1531,1266,1576,45,45,0,3,3,0.073,0.062,/guide/florist,0.109,0.114,0.356,
guide,en,/guide/ipagency,IP & patent services,901,760,4352,47,47,0,3,3,0.063,0.052,/guide/securityguard,0.094,0.098,0.234,
guide,zh,/guide/ipagency,知识产权代理,1539,1267,1591,45,45,0,3,3,0.081,0.068,/guide/securityguard,0.115,0.132,0.356,
guide,en,/guide/izakaya,Izakayas,758,608,3407,45,45,0,3,3,0.064,0.053,/guide/nonprofit,0.115,0.115,0.244,
guide,zh,/guide/izakaya,居酒屋,1296,1048,1273,40,40,0,3,3,0.083,0.063,/guide/taekwondo,0.144,0.152,0.4,
guide,en,/guide/jadecarving,Jade carving studios,1039,873,4533,53,53,0,3,3,0.113,0.104,/guide/swordsmith,0.085,0.107,0.208,
guide,zh,/guide/jadecarving,玉雕工作室,1479,1191,1409,41,41,0,3,3,0.152,0.137,/guide/swordsmith,0.127,0.142,0.415,
guide,en,/guide/jewelry,Jewelry,918,767,4121,46,46,0,3,3,0.061,0.048,/guide/legal,0.094,0.1,0.239,
guide,zh,/guide/jewelry,珠宝首饰,1538,1273,1639,47,47,0,3,3,0.067,0.054,/guide/podcast,0.106,0.108,0.34,
guide,en,/guide/jobboard,Job boards,774,624,3443,42,42,0,3,3,0.068,0.055,/guide/sneakers,0.112,0.117,0.333,
guide,zh,/guide/jobboard,招聘求职平台,1348,1079,1491,46,46,0,3,3,0.074,0.062,/guide/basketball,0.122,0.123,0.37,
guide,en,/guide/judo,Judo dojos,808,663,3581,42,42,0,3,3,0.077,0.066,/guide/squash,0.112,0.113,0.333,
guide,zh,/guide/judo,柔道馆,1333,1068,1334,46,46,0,3,3,0.105,0.088,/guide/squash,0.136,0.142,0.37,
guide,en,/guide/juicebar,Juice bars,773,609,3241,41,41,0,3,3,0.065,0.052,/guide/legal,0.117,0.117,0.341,
guide,zh,/guide/juicebar,果汁轻食吧,1265,1016,1298,45,45,0,3,3,0.087,0.07,/guide/soapmaking,0.14,0.147,0.378,
guide,en,/guide/karaoke,Karaoke lounges,964,810,4373,49,49,0,3,3,0.057,0.046,/guide/legal,0.088,0.094,0.286,
guide,zh,/guide/karaoke,量贩KTV,1573,1308,1607,48,48,0,3,3,0.074,0.06,/guide/bbq,0.11,0.119,0.333,
guide,en,/guide/kidsart,Kids' art schools,913,797,4305,43,43,0,3,3,0.061,0.05,/guide/swimschool,0.086,0.093,0.256,
guide,zh,/guide/kidsart,少儿美术,1507,1304,1582,45,45,0,3,3,0.074,0.066,/guide/swimschool,0.115,0.122,0.356,
guide,en,/guide/kidsphoto,Kids' photography,843,698,3868,43,43,0,3,3,0.061,0.05,/guide/meditation,0.099,0.107,0.326,
guide,zh,/guide/kidsphoto,儿童摄影,1426,1137,1380,46,46,0,3,3,0.081,0.069,/guide/babystore,0.132,0.139,0.348,
guide,en,/guide/kidsplayground,Kids' playgrounds,902,743,3951,47,47,0,3,3,0.057,0.05,/guide/realestate,0.096,0.097,0.298,
guide,zh,/guide/kidsplayground,亲子乐园,1426,1152,1407,48,48,0,3,3,0.078,0.061,/guide/taekwondo,0.126,0.134,0.333,
guide,en,/guide/kidswear,Kidswear brands,783,628,3410,43,43,0,3,3,0.073,0.056,/guide/flowerdelivery,0.115,0.117,0.326,
guide,zh,/guide/kidswear,童装品牌,1369,1101,1388,46,46,0,3,3,0.083,0.073,/guide/organicfood,0.129,0.135,0.348,
guide,en,/guide/kintsugi,Kintsugi studios,899,747,4000,47,47,0,3,3,0.084,0.071,/guide/taxidermy,0.098,0.122,0.298,
guide,zh,/guide/kintsugi,金缮修复工作室,1418,1132,1361,42,42,0,3,3,0.104,0.102,/guide/taxidermy,0.134,0.15,0.405,
guide,en,/guide/kite,Kite workshops,937,778,4104,41,41,0,3,3,0.069,0.057,/guide/puppet,0.091,0.1,0.341,
guide,zh,/guide/kite,风筝工坊,1449,1158,1373,43,43,0,3,3,0.107,0.089,/guide/puppet,0.127,0.134,0.395,
guide,en,/guide/knowledgepay,Paid knowledge & communities,887,774,4434,51,51,0,3,3,0.061,0.047,/guide/legal,0.092,0.101,0.216,
guide,zh,/guide/knowledgepay,知识付费,1517,1305,1631,50,50,0,3,3,0.071,0.057,/guide/taekwondo,0.111,0.115,0.32,
guide,en,/guide/kombucha,Kombucha brands,872,722,3701,40,40,0,3,3,0.072,0.059,/guide/minigolf,0.1,0.11,0.35,
guide,zh,/guide/kombucha,康普茶品牌,1371,1090,1334,42,42,0,3,3,0.088,0.073,/guide/climbinggym,0.132,0.139,0.405,
guide,en,/guide/lacquerware,Lacquerware studios,926,767,4286,50,50,0,3,3,0.097,0.085,/guide/gilding,0.092,0.118,0.28,
guide,zh,/guide/lacquerware,漆艺工坊,1477,1190,1418,41,41,0,3,3,0.135,0.13,/guide/gilding,0.126,0.144,0.415,
guide,en,/guide/lacrosse,Lacrosse clubs,785,640,3542,40,40,0,3,3,0.075,0.06,/guide/tabletennis,0.111,0.112,0.35,
guide,zh,/guide/lacrosse,长曲棍球,1384,1123,1470,44,44,0,3,3,0.091,0.081,/guide/tabletennis,0.122,0.128,0.364,
guide,en,/guide/landscaping,Landscaping,802,662,3554,48,48,0,3,3,0.068,0.051,/guide/medicalsupplies,0.106,0.111,0.229,
guide,zh,/guide/landscaping,园林景观,1336,1071,1540,48,48,0,3,3,0.074,0.058,/guide/boxing,0.115,0.117,0.333,
guide,en,/guide/language,Language learning,838,716,3945,42,42,0,3,3,0.066,0.051,/guide/villarental,0.1,0.1,0.333,
guide,zh,/guide/language,语言学习,1442,1233,1594,44,44,0,3,3,0.076,0.064,/guide/edu,0.109,0.113,0.364,
guide,en,/guide/lantern,Lantern workshops,868,716,3890,41,41,0,3,3,0.062,0.055,/guide/leathercraft,0.099,0.102,0.341,
guide,zh,/guide/lantern,灯笼工坊,1451,1164,1376,46,46,0,3,3,0.09,0.079,/guide/papercut,0.129,0.138,0.37,
guide,en,/guide/lapidary,Lapidary studios,915,758,3910,48,48,0,3,3,0.083,0.067,/guide/marquetry,0.096,0.122,0.292,
guide,zh,/guide/lapidary,宝石切磨工作室,1446,1155,1380,42,42,0,3,3,0.115,0.105,/guide/inkstone,0.132,0.148,0.405,
guide,en,/guide/lasertag,Laser tag arenas,862,711,3775,43,43,0,3,3,0.094,0.08,/guide/axethrowing,0.099,0.111,0.256,
guide,zh,/guide/lasertag,镭射对战馆,1368,1090,1355,45,45,0,3,3,0.119,0.104,/guide/axethrowing,0.132,0.145,0.378,
guide,en,/guide/laundry,Laundry & garment care,907,768,4182,43,43,0,3,3,0.063,0.048,/guide/postpartum,0.094,0.102,0.256,
guide,zh,/guide/laundry,洗衣洗护,1522,1261,1611,47,47,0,3,3,0.071,0.057,/guide/matchmaking,0.111,0.116,0.34,
guide,en,/guide/lawfirm,Law firms,775,643,3590,47,47,0,3,3,0.064,0.052,/guide/villarental,0.11,0.11,0.298,
guide,zh,/guide/lawfirm,律师事务所,1325,1067,1301,41,41,0,3,3,0.081,0.063,/guide/snacks,0.137,0.143,0.415,
guide,en,/guide/leathercraft,Leather studios,782,642,3554,42,42,0,3,3,0.063,0.052,/guide/nonprofit,0.111,0.113,0.333,
guide,zh,/guide/leathercraft,皮具工作室,1316,1043,1351,45,45,0,3,3,0.082,0.075,/guide/woodworking,0.131,0.141,0.378,
guide,en,/guide/legal,Legal,664,541,3118,44,44,0,3,3,0.074,0.056,/guide/fitness,0.128,0.138,0.25,
guide,zh,/guide/legal,法律服务,1231,980,1227,45,45,0,3,3,0.08,0.066,/guide/boxing,0.142,0.142,0.356,
guide,en,/guide/letterpress,Letterpress studios,896,741,3918,47,47,0,3,3,0.105,0.088,/guide/bookbinding,0.097,0.122,0.298,
guide,zh,/guide/letterpress,活版印刷工作室,1434,1153,1408,43,43,0,3,3,0.118,0.112,/guide/bookbinding,0.131,0.147,0.395,
guide,en,/guide/lightingbrand,Lighting brands,775,638,3558,45,45,0,3,3,0.071,0.053,/guide/motorcycleparts,0.111,0.119,0.311,
guide,zh,/guide/lightingbrand,灯具照明品牌,1307,1050,1459,45,45,0,3,3,0.075,0.061,/guide/watches,0.122,0.124,0.356,
guide,en,/guide/limoservice,Limo services,765,635,3508,46,46,0,3,3,0.066,0.051,/guide/flowerdelivery,0.109,0.11,0.304,
guide,zh,/guide/limoservice,豪车接送,1287,1063,1360,46,46,0,3,3,0.076,0.057,/guide/seafishing,0.129,0.129,0.348,
guide,en,/guide/livestream,Livestream commerce,897,749,4116,45,45,0,3,3,0.059,0.047,/guide/podcast,0.095,0.098,0.311,
guide,zh,/guide/livestream,直播电商,1576,1310,1527,45,45,0,3,3,0.078,0.065,/guide/podcast,0.112,0.117,0.356,
guide,en,/guide/locksmith,Locksmiths,923,773,4287,51,51,0,3,3,0.056,0.045,/guide/legal,0.088,0.092,0.216,
guide,zh,/guide/locksmith,开锁换锁,1612,1348,1665,51,51,0,3,3,0.078,0.067,/guide/carwash,0.108,0.117,0.314,
guide,en,/guide/logistics,Logistics & freight,869,730,4157,46,46,0,3,3,0.06,0.048,/guide/realestate,0.096,0.097,0.239,
guide,zh,/guide/logistics,物流货运,1442,1208,1621,48,48,0,3,3,0.079,0.07,/guide/forwarder,0.11,0.113,0.333,
guide,en,/guide/lutherie,Lutherie studios,931,774,3962,44,44,0,3,3,0.088,0.072,/guide/marquetry,0.095,0.121,0.318,
guide,zh,/guide/lutherie,制琴工作室,1438,1147,1373,42,42,0,3,3,0.108,0.105,/guide/marquetry,0.13,0.146,0.405,
guide,en,/guide/luxuryresale,Luxury resale,787,631,3471,42,42,0,3,3,0.071,0.055,/guide/souvenir,0.116,0.119,0.333,
guide,zh,/guide/luxuryresale,中古奢侈品,1304,1042,1341,44,44,0,3,3,0.098,0.076,/guide/organicfood,0.144,0.15,0.364,
guide,en,/guide/makeupartist,Makeup artists,890,738,3844,41,41,0,3,3,0.061,0.049,/guide/legal,0.097,0.103,0.341,
guide,zh,/guide/makeupartist,化妆造型工作室,1451,1179,1464,43,43,0,3,3,0.079,0.068,/guide/homestaging,0.124,0.136,0.372,
guide,en,/guide/marketing,Digital marketing,857,708,3795,46,46,0,3,3,0.062,0.049,/guide/cruise,0.1,0.1,0.304,
guide,zh,/guide/marketing,数字营销,1477,1204,1620,47,47,0,3,3,0.068,0.054,/guide/luxuryresale,0.107,0.11,0.34,
guide,en,/guide/marquetry,Marquetry studios,950,792,4205,48,48,0,3,3,0.088,0.073,/guide/lutherie,0.091,0.114,0.292,
guide,zh,/guide/marquetry,细木镶嵌工作室,1491,1202,1452,43,43,0,3,3,0.111,0.103,/guide/papermaking,0.124,0.139,0.395,
guide,en,/guide/martialarts,Martial arts gyms,928,795,4406,44,44,0,3,3,0.062,0.05,/guide/danceschool,0.091,0.095,0.25,
guide,zh,/guide/martialarts,武术格斗馆,1563,1303,1612,48,48,0,3,3,0.08,0.069,/guide/danceschool,0.112,0.121,0.354,
guide,en,/guide/massage,Massage & bodywork,925,793,4398,45,45,0,3,3,0.064,0.05,/guide/pottery,0.09,0.107,0.244,
guide,zh,/guide/massage,按摩推拿,1546,1285,1553,46,46,0,3,3,0.079,0.064,/guide/billiards,0.115,0.122,0.348,
guide,en,/guide/matchmaking,Matchmaking & dating,933,795,4394,49,49,0,3,3,0.06,0.047,/guide/laundry,0.092,0.098,0.224,
guide,zh,/guide/matchmaking,婚恋相亲,1563,1301,1637,49,49,0,3,3,0.072,0.058,/guide/datingapp,0.11,0.114,0.327,
guide,en,/guide/mcn,Short-video MCN,903,762,4141,43,43,0,3,3,0.057,0.047,/guide/legal,0.092,0.093,0.326,
guide,zh,/guide/mcn,短视频 MCN,1537,1270,1573,46,46,0,3,3,0.066,0.06,/guide/basketball,0.101,0.11,0.283,
guide,en,/guide/meadery,Meaderies,888,732,3710,45,45,0,3,3,0.068,0.056,/guide/taxidermy,0.098,0.107,0.244,
guide,zh,/guide/meadery,蜂蜜酒厂,1358,1076,1295,43,43,0,3,3,0.092,0.073,/guide/cheesemaking,0.138,0.151,0.395,
guide,en,/guide/mealprep,Meal prep & healthy eats,902,759,4189,46,46,0,3,3,0.062,0.05,/guide/legal,0.096,0.108,0.239,
guide,zh,/guide/mealprep,轻食健康餐,1482,1238,1606,47,47,0,3,3,0.077,0.062,/guide/drivingschool,0.114,0.128,0.362,
guide,en,/guide/medicalsupplies,Medical supplies,755,616,3508,44,44,0,3,3,0.068,0.054,/guide/landscaping,0.115,0.117,0.318,
guide,zh,/guide/medicalsupplies,医疗用品,1366,1092,1402,44,44,0,3,3,0.077,0.066,/guide/health,0.127,0.13,0.364,
guide,en,/guide/meditation,Meditation studios,739,596,3477,41,41,0,3,3,0.068,0.053,/guide/calligraphy,0.119,0.133,0.341,
guide,zh,/guide/meditation,冥想馆,1308,1041,1299,44,44,0,3,3,0.082,0.065,/guide/taekwondo,0.137,0.143,0.386,
guide,en,/guide/millinery,Millinery studios,889,740,3866,45,45,0,3,3,0.089,0.069,/guide/stainedglass,0.097,0.118,0.311,
guide,zh,/guide/millinery,制帽工作室,1383,1105,1397,44,44,0,3,3,0.109,0.103,/guide/neonsign,0.128,0.146,0.386,
guide,en,/guide/minigolf,Mini golf courses,887,737,3742,46,46,0,3,3,0.072,0.055,/guide/kombucha,0.098,0.107,0.239,
guide,zh,/guide/minigolf,迷你高尔夫球场,1402,1128,1382,43,43,0,3,3,0.098,0.083,/guide/climbinggym,0.126,0.136,0.395,
guide,en,/guide/modelkit,Model kit stores,815,659,3616,41,41,0,3,3,0.065,0.052,/guide/recordstore,0.106,0.106,0.268,
guide,zh,/guide/modelkit,模型手办店,1356,1082,1358,45,45,0,3,3,0.082,0.073,/guide/recordstore,0.133,0.14,0.378,
guide,en,/guide/mosaic,Mosaic studios,922,770,4051,42,42,0,3,3,0.092,0.078,/guide/stainedglass,0.095,0.115,0.333,
guide,zh,/guide/mosaic,马赛克工作室,1421,1144,1386,42,42,0,3,3,0.112,0.11,/guide/stainedglass,0.131,0.146,0.405,
guide,en,/guide/motorcycleparts,Motorcycle parts,767,626,3559,46,46,0,3,3,0.071,0.053,/guide/lightingbrand,0.112,0.117,0.304,
guide,zh,/guide/motorcycleparts,摩托车配件,1339,1076,1455,45,45,0,3,3,0.072,0.059,/guide/lightingbrand,0.12,0.121,0.356,
guide,en,/guide/moving,Moving services,877,751,3813,46,46,0,3,3,0.059,0.049,/guide/realestate,0.093,0.093,0.304,
guide,zh,/guide/moving,搬家服务,1486,1260,1554,47,47,0,3,3,0.068,0.063,/guide/beekeeping,0.111,0.114,0.34,
guide,en,/guide/muaythai,Muay Thai gyms,805,660,3512,43,43,0,3,3,0.07,0.055,/guide/boxing,0.111,0.111,0.256,
guide,zh,/guide/muaythai,泰拳馆,1325,1052,1335,45,45,0,3,3,0.082,0.068,/guide/rowing,0.13,0.134,0.378,
guide,en,/guide/mushroomfarm,Mushroom farms,886,735,3871,42,42,0,3,3,0.069,0.058,/guide/terrarium,0.097,0.106,0.333,
guide,zh,/guide/mushroomfarm,菌菇农场,1370,1093,1323,44,44,0,3,3,0.096,0.076,/guide/terrarium,0.136,0.149,0.386,
guide,en,/guide/music,Music & labels,762,623,3342,46,46,0,3,3,0.064,0.053,/guide/realestate,0.113,0.113,0.239,
guide,zh,/guide/music,音乐人,1317,1051,1449,46,46,0,3,3,0.066,0.051,/guide/podcast,0.11,0.112,0.348,
guide,en,/guide/musicschool,Music schools,909,785,4324,47,47,0,3,3,0.059,0.048,/guide/legal,0.093,0.099,0.298,
guide,zh,/guide/musicschool,音乐培训琴行,1533,1322,1642,49,49,0,3,3,0.077,0.067,/guide/chess,0.111,0.121,0.327,
guide,en,/guide/nailsalon,Nail & lash studios,935,792,4378,42,42,0,3,3,0.065,0.053,/guide/tattoo,0.089,0.096,0.262,
guide,zh,/guide/nailsalon,美甲美睫,1568,1305,1630,47,47,0,3,3,0.081,0.071,/guide/tattoo,0.106,0.113,0.34,
guide,en,/guide/neonsign,Neon sign studios,882,734,3813,43,43,0,3,3,0.083,0.064,/guide/millinery,0.1,0.121,0.256,
guide,zh,/guide/neonsign,霓虹灯工作室,1388,1111,1383,45,45,0,3,3,0.109,0.103,/guide/millinery,0.131,0.149,0.378,
guide,en,/guide/newsletter,Newsletters,690,555,3040,48,48,0,3,3,0.068,0.056,/guide/legal,0.126,0.126,0.229,
guide,zh,/guide/newsletter,Newsletter,1198,940,1332,47,47,0,3,3,0.086,0.068,/guide/podcast,0.14,0.143,0.362,
guide,en,/guide/newsmedia,Independent news media,923,778,4198,56,56,0,3,3,0.06,0.047,/guide/legal,0.095,0.1,0.196,
guide,zh,/guide/newsmedia,独立新闻媒体,1559,1283,1614,48,48,0,3,3,0.076,0.062,/guide/seafood,0.113,0.125,0.333,
guide,en,/guide/nocode,No-code tools,805,692,3657,46,46,0,3,3,0.06,0.05,/guide/realestate,0.101,0.101,0.304,
guide,zh,/guide/nocode,无代码工具,1384,1190,1590,46,46,0,3,3,0.072,0.058,/guide/fanclub,0.113,0.117,0.37,
guide,en,/guide/nonprofit,Nonprofit,721,588,3356,48,48,0,3,3,0.067,0.054,/guide/realestate,0.12,0.122,0.229,
guide,zh,/guide/nonprofit,公益组织,1297,1032,1379,48,48,0,3,3,0.068,0.053,/guide/organicfood,0.116,0.117,0.333,
guide,en,/guide/noodle,Noodle shops,963,809,4330,50,50,0,3,3,0.057,0.046,/guide/legal,0.088,0.095,0.28,
guide,zh,/guide/noodle,粉面小吃,1588,1342,1600,47,47,0,3,3,0.076,0.066,/guide/fruitshop,0.112,0.123,0.34,
guide,en,/guide/nutcarving,Nut carving studios,1024,855,4512,53,53,0,3,3,0.103,0.096,/guide/insidepainting,0.086,0.108,0.208,
guide,zh,/guide/nutcarving,核雕工作室,1496,1200,1403,44,44,0,3,3,0.138,0.136,/guide/insidepainting,0.127,0.141,0.386,
guide,en,/guide/nutrition,Nutrition coaching,833,692,3911,45,45,0,3,3,0.061,0.049,/guide/legal,0.101,0.106,0.311,
guide,zh,/guide/nutrition,营养师咨询,1445,1185,1480,49,49,0,3,3,0.076,0.06,/guide/taekwondo,0.125,0.13,0.327,
guide,en,/guide/officesupplies,Office supplies,741,598,3371,49,49,0,3,3,0.067,0.055,/guide/villarental,0.116,0.116,0.286,
guide,zh,/guide/officesupplies,办公用品,1325,1056,1422,44,44,0,3,3,0.078,0.067,/guide/buildingmaterials,0.128,0.13,0.364,
guide,en,/guide/oilpaperumbrella,Oil-paper umbrella workshops,1028,858,4485,53,53,0,3,3,0.077,0.069,/guide/strawpainting,0.086,0.097,0.208,
guide,zh,/guide/oilpaperumbrella,油纸伞工坊,1489,1195,1401,42,42,0,3,3,0.12,0.107,/guide/claysculpture,0.13,0.144,0.405,
guide,en,/guide/opensource,Open source,889,774,4228,45,45,0,3,3,0.061,0.048,/guide/music,0.092,0.092,0.311,
guide,zh,/guide/opensource,开源项目,1451,1245,1754,47,47,0,3,3,0.084,0.073,/guide/devtools,0.101,0.105,0.362,
guide,en,/guide/optician,Opticians & eyewear,893,752,4357,46,46,0,3,3,0.061,0.05,/guide/pottery,0.092,0.099,0.239,
guide,zh,/guide/optician,眼镜视光,1546,1286,1592,49,49,0,3,3,0.074,0.062,/guide/drivingschool,0.109,0.118,0.327,
guide,en,/guide/organicfood,Organic food,775,624,3388,44,44,0,3,3,0.068,0.055,/guide/luxuryresale,0.117,0.119,0.318,
guide,zh,/guide/organicfood,有机食品电商,1294,1036,1308,45,45,0,3,3,0.098,0.076,/guide/luxuryresale,0.148,0.152,0.356,
guide,en,/guide/orthodontics,Orthodontics,721,584,3468,44,44,0,3,3,0.066,0.054,/guide/flowerdelivery,0.116,0.116,0.25,
guide,zh,/guide/orthodontics,正畸齿科,1301,1047,1350,44,44,0,3,3,0.08,0.062,/guide/snacks,0.132,0.134,0.364,
guide,en,/guide/outdoor,Outdoor & camping,856,719,3836,47,47,0,3,3,0.061,0.049,/guide/photography,0.1,0.102,0.234,
guide,zh,/guide/outdoor,户外露营,1412,1178,1480,47,47,0,3,3,0.074,0.062,/guide/campgear,0.12,0.122,0.34,
guide,en,/guide/outlet,Outlet & discount stores,806,669,3640,47,47,0,3,3,0.062,0.05,/guide/legal,0.105,0.106,0.234,
guide,zh,/guide/outlet,折扣特卖店,1303,1046,1479,46,46,0,3,3,0.081,0.07,/guide/dollarstore,0.122,0.126,0.348,
guide,en,/guide/paintball,Paintball fields,871,718,3868,42,42,0,3,3,0.081,0.069,/guide/axethrowing,0.099,0.104,0.333,
guide,zh,/guide/paintball,彩弹射击场,1345,1066,1335,45,45,0,3,3,0.113,0.095,/guide/axethrowing,0.136,0.148,0.378,
guide,en,/guide/painting,Painting contractors,761,624,3380,42,42,0,3,3,0.065,0.056,/guide/medicalsupplies,0.115,0.115,0.333,
guide,zh,/guide/painting,油漆粉刷,1306,1040,1492,46,46,0,3,3,0.073,0.068,/guide/aquascaping,0.12,0.122,0.348,
guide,en,/guide/papercut,Papercut studios,864,712,3796,40,40,0,3,3,0.072,0.063,/guide/teaware,0.101,0.118,0.35,
guide,zh,/guide/papercut,剪纸工作室,1404,1124,1320,42,42,0,3,3,0.095,0.09,/guide/embroidery,0.134,0.145,0.405,
guide,en,/guide/papermaking,Papermaking studios,959,804,4212,50,50,0,3,3,0.081,0.07,/guide/cloisonne,0.089,0.113,0.28,
guide,zh,/guide/papermaking,手工造纸工坊,1463,1179,1410,42,42,0,3,3,0.111,0.106,/guide/marquetry,0.128,0.144,0.405,
guide,en,/guide/parcel,Parcel stations & pickup points,1001,857,4893,58,58,0,3,3,0.057,0.046,/guide/realtor,0.083,0.091,0.19,
guide,zh,/guide/parcel,快递驿站,1666,1411,1702,50,50,0,3,3,0.084,0.072,/guide/realtor,0.106,0.115,0.32,
guide,en,/guide/parenting,Parenting & baby,744,595,3328,47,47,0,3,3,0.073,0.059,/guide/beauty,0.118,0.12,0.234,
guide,zh,/guide/parenting,母婴亲子,1294,1037,1318,45,45,0,3,3,0.074,0.067,/guide/babystore,0.122,0.124,0.356,
guide,en,/guide/partyplanner,Party planners,757,606,3416,45,45,0,3,3,0.071,0.054,/guide/kidswear,0.117,0.119,0.311,
guide,zh,/guide/partyplanner,派对策划,1334,1069,1357,45,45,0,3,3,0.088,0.063,/guide/seafishing,0.132,0.14,0.356,
guide,en,/guide/penmaking,Penmaking studios,939,789,4007,48,48,0,3,3,0.079,0.065,/guide/lutherie,0.091,0.114,0.292,
guide,zh,/guide/penmaking,手工制笔工作室,1447,1170,1384,43,43,0,3,3,0.106,0.105,/guide/lutherie,0.133,0.151,0.395,
guide,en,/guide/permanentmakeup,Permanent makeup,772,626,3521,45,45,0,3,3,0.065,0.053,/guide/luxuryresale,0.111,0.115,0.311,
guide,zh,/guide/permanentmakeup,半永久纹绣,1310,1056,1317,45,45,0,3,3,0.084,0.065,/guide/taekwondo,0.137,0.146,0.356,
guide,en,/guide/pestcontrol,Pest control,934,792,4550,58,58,0,3,3,0.059,0.045,/guide/plumber,0.088,0.094,0.241,
guide,zh,/guide/pestcontrol,害虫防治,1550,1299,1712,51,51,0,3,3,0.077,0.068,/guide/plumber,0.106,0.114,0.314,
guide,en,/guide/petboarding,Pet boarding,933,787,4151,52,52,0,3,3,0.059,0.049,/guide/legal,0.091,0.098,0.269,
guide,zh,/guide/petboarding,宠物寄养,1578,1316,1619,51,51,0,3,3,0.08,0.068,/guide/carwash,0.111,0.122,0.314,
guide,en,/guide/petcafe,Pet cafés,978,829,4288,59,59,0,3,3,0.056,0.047,/guide/coffee,0.087,0.09,0.237,
guide,zh,/guide/petcafe,宠物咖啡,1591,1340,1650,51,51,0,3,3,0.074,0.062,/guide/footspa,0.109,0.122,0.314,
guide,en,/guide/petgrooming,Pet grooming,846,693,3738,46,46,0,3,3,0.061,0.052,/guide/legal,0.1,0.104,0.304,
guide,zh,/guide/petgrooming,宠物美容,1383,1116,1346,43,43,0,3,3,0.081,0.065,/guide/babystore,0.131,0.132,0.372,
guide,en,/guide/petmemorial,Pet memorial,915,778,4251,47,47,0,3,3,0.055,0.049,/guide/realestate,0.089,0.089,0.298,
guide,zh,/guide/petmemorial,宠物殡葬,1583,1309,1606,45,45,0,3,3,0.068,0.055,/guide/taekwondo,0.109,0.11,0.356,
guide,en,/guide/petphoto,Pet photography,880,739,4042,47,47,0,3,3,0.06,0.049,/guide/meditation,0.096,0.109,0.298,
guide,zh,/guide/petphoto,宠物摄影,1530,1259,1620,48,48,0,3,3,0.072,0.06,/guide/fanclub,0.112,0.122,0.333,
guide,en,/guide/pets,Pet brands,763,624,3299,44,44,0,3,3,0.065,0.052,/guide/legal,0.113,0.118,0.318,
guide,zh,/guide/pets,宠物品牌,1302,1053,1379,48,48,0,3,3,0.078,0.07,/guide/petsupplies,0.127,0.128,0.354,
guide,en,/guide/petsupplies,Pet supplies e-commerce,862,711,3941,43,43,0,3,3,0.062,0.05,/guide/legal,0.1,0.101,0.256,
guide,zh,/guide/petsupplies,宠物用品电商,1482,1223,1512,44,44,0,3,3,0.078,0.07,/guide/pets,0.118,0.121,0.386,
guide,en,/guide/pettraining,Pet training,863,722,4104,43,43,0,3,3,0.062,0.05,/guide/legal,0.1,0.104,0.326,
guide,zh,/guide/pettraining,宠物训练,1517,1258,1703,49,49,0,3,3,0.076,0.063,/guide/swimschool,0.105,0.109,0.327,
guide,en,/guide/pharmacy,Pharmacies,932,784,4661,51,51,0,3,3,0.058,0.047,/guide/legal,0.089,0.096,0.216,
guide,zh,/guide/pharmacy,连锁药店,1579,1317,1616,46,46,0,3,3,0.076,0.063,/guide/bubbletea,0.111,0.119,0.348,
guide,en,/guide/photography,Photography,702,565,3092,45,45,0,3,3,0.068,0.056,/guide/agency,0.125,0.131,0.244,
guide,zh,/guide/photography,摄影工作室,1199,942,1309,47,47,0,3,3,0.078,0.069,/guide/realestate,0.132,0.133,0.362,
guide,en,/guide/physio,Physiotherapy & rehab,834,695,4015,44,44,0,3,3,0.063,0.05,/guide/health,0.102,0.106,0.25,
guide,zh,/guide/physio,康复理疗,1450,1188,1466,47,47,0,3,3,0.077,0.06,/guide/dayspa,0.122,0.125,0.34,
guide,en,/guide/pickleball,Pickleball,869,726,3955,45,45,0,3,3,0.062,0.05,/guide/football,0.095,0.095,0.244,
guide,zh,/guide/pickleball,匹克球,1500,1238,1479,47,47,0,3,3,0.078,0.064,/guide/football,0.12,0.121,0.34,
guide,en,/guide/pilates,Pilates studios,859,716,4082,45,45,0,3,3,0.062,0.049,/guide/meditation,0.1,0.108,0.311,
guide,zh,/guide/pilates,普拉提馆,1517,1254,1592,47,47,0,3,3,0.071,0.06,/guide/hockey,0.113,0.115,0.34,
guide,en,/guide/pizza,Pizza shops,833,687,3918,43,43,0,3,3,0.06,0.048,/guide/legal,0.099,0.101,0.326,
guide,zh,/guide/pizza,披萨店,1441,1197,1561,46,46,0,3,3,0.076,0.062,/guide/food,0.113,0.117,0.37,
guide,en,/guide/plumber,Plumbing & repair,994,845,4661,57,57,0,3,3,0.065,0.054,/guide/towing,0.083,0.091,0.193,
guide,zh,/guide/plumber,管道疏通维修,1672,1423,1782,51,51,0,3,3,0.091,0.078,/guide/roofing,0.103,0.111,0.314,
guide,en,/guide/podcast,Podcasts,686,557,2849,43,43,0,3,3,0.068,0.057,/guide/villarental,0.127,0.127,0.256,
guide,zh,/guide/podcast,播客节目,1191,943,1161,47,47,0,3,3,0.086,0.068,/guide/newsletter,0.149,0.154,0.362,
guide,en,/guide/portrait,Portrait studios,861,717,4048,51,51,0,3,3,0.062,0.049,/guide/meditation,0.097,0.107,0.275,
guide,zh,/guide/portrait,个人写真,1468,1193,1454,47,47,0,3,3,0.075,0.061,/guide/taekwondo,0.125,0.127,0.34,
guide,en,/guide/postpartum,Postpartum care,912,779,4280,44,44,0,3,3,0.063,0.048,/guide/laundry,0.091,0.1,0.318,
guide,zh,/guide/postpartum,月子中心,1567,1293,1599,45,45,0,3,3,0.072,0.055,/guide/taekwondo,0.112,0.118,0.378,
guide,en,/guide/postproduction,Post-production & VFX,949,804,4325,48,48,0,3,3,0.057,0.045,/guide/legal,0.089,0.093,0.229,
guide,zh,/guide/postproduction,影视后期,1613,1328,1749,48,48,0,3,3,0.069,0.056,/guide/equestrian,0.104,0.116,0.333,
guide,en,/guide/pottery,Pottery & ceramics,919,784,4204,44,44,0,3,3,0.07,0.051,/guide/danceschool,0.09,0.106,0.25,
guide,zh,/guide/pottery,陶艺手作,1567,1300,1591,47,47,0,3,3,0.078,0.072,/guide/danceschool,0.107,0.116,0.34,
guide,en,/guide/preschool,Early childhood education,852,738,4076,46,46,0,3,3,0.061,0.049,/guide/ecommerce,0.096,0.097,0.239,
guide,zh,/guide/preschool,儿童早教,1416,1219,1493,46,46,0,3,3,0.073,0.061,/guide/podcast,0.117,0.122,0.348,
guide,en,/guide/printshop,Print shops,976,828,4424,53,53,0,3,3,0.056,0.045,/guide/legal,0.086,0.093,0.264,
guide,zh,/guide/printshop,图文快印,1602,1349,1670,49,49,0,3,3,0.074,0.063,/guide/plumber,0.106,0.113,0.327,
guide,en,/guide/productphoto,Product photography,807,664,3795,48,48,0,3,3,0.063,0.052,/guide/legal,0.106,0.111,0.292,
guide,zh,/guide/productphoto,电商产品摄影,1445,1173,1531,47,47,0,3,3,0.074,0.069,/guide/taekwondo,0.119,0.124,0.34,
guide,en,/guide/propertymgmt,Property management,931,787,4562,54,54,0,3,3,0.059,0.047,/guide/legal,0.093,0.101,0.259,
guide,zh,/guide/propertymgmt,物业管理,1624,1355,1668,50,50,0,3,3,0.07,0.061,/guide/appliancerepair,0.11,0.118,0.32,
guide,en,/guide/puppet,Puppetry studios,938,784,4113,46,46,0,3,3,0.069,0.057,/guide/kite,0.092,0.112,0.304,
guide,zh,/guide/puppet,木偶皮影工作室,1468,1186,1425,44,44,0,3,3,0.107,0.089,/guide/kite,0.126,0.137,0.386,
guide,en,/guide/pyrography,Pyrography studios,969,798,4241,54,54,0,3,3,0.124,0.117,/guide/eggcarving,0.09,0.113,0.259,
guide,zh,/guide/pyrography,烙画工作室,1455,1158,1365,42,42,0,3,3,0.168,0.164,/guide/eggcarving,0.133,0.146,0.405,
guide,en,/guide/quilting,Quilting studios,868,715,3903,40,40,0,3,3,0.085,0.066,/guide/weaving,0.098,0.119,0.35,
guide,zh,/guide/quilting,拼布工作室,1432,1148,1372,44,44,0,3,3,0.109,0.102,/guide/weaving,0.129,0.139,0.386,
guide,en,/guide/realestate,Real estate,665,540,2989,43,43,0,3,3,0.068,0.057,/guide/photography,0.127,0.129,0.326,
guide,zh,/guide/realestate,房产家居,1199,946,1207,46,46,0,3,3,0.08,0.065,/guide/health,0.144,0.144,0.348,
guide,en,/guide/realtor,Real estate agencies,913,771,4292,50,50,0,3,3,0.06,0.057,/guide/hotel,0.095,0.102,0.22,
guide,zh,/guide/realtor,房产中介,1631,1357,1677,48,48,0,3,3,0.084,0.072,/guide/parcel,0.112,0.123,0.333,
guide,en,/guide/recordingstudio,Recording studios,805,662,3533,42,42,0,3,3,0.066,0.052,/guide/meditation,0.107,0.118,0.333,
guide,zh,/guide/recordingstudio,录音棚,1314,1037,1409,44,44,0,3,3,0.078,0.061,/guide/fanclub,0.127,0.131,0.386,
guide,en,/guide/recordstore,Record stores,817,665,3556,42,42,0,3,3,0.065,0.052,/guide/modelkit,0.106,0.107,0.333,
guide,zh,/guide/recordstore,黑胶唱片店,1354,1085,1369,45,45,0,3,3,0.082,0.073,/guide/modelkit,0.13,0.137,0.378,
guide,en,/guide/recruiting,Recruiting & HR,869,718,4009,47,47,0,3,3,0.06,0.049,/guide/realestate,0.097,0.098,0.234,
guide,zh,/guide/recruiting,招聘人力,1464,1190,1554,48,48,0,3,3,0.081,0.07,/guide/resume,0.112,0.116,0.333,
guide,en,/guide/recycling,Recycling & recovery,860,705,3933,48,48,0,3,3,0.063,0.049,/guide/watertreatment,0.101,0.109,0.229,
guide,zh,/guide/recycling,再生资源回收,1495,1225,1501,50,50,0,3,3,0.073,0.059,/guide/organicfood,0.121,0.124,0.32,
guide,en,/guide/repair,Repair & handyman services,954,815,4413,48,48,0,3,3,0.058,0.047,/guide/villarental,0.09,0.095,0.229,
guide,zh,/guide/repair,维修服务,1548,1298,1676,51,51,0,3,3,0.076,0.072,/guide/plumber,0.11,0.115,0.314,
guide,en,/guide/resale,Resale & recommerce,883,732,4056,46,46,0,3,3,0.06,0.049,/guide/realestate,0.097,0.098,0.239,
guide,zh,/guide/resale,二手循环,1486,1216,1571,48,48,0,3,3,0.083,0.078,/guide/thriftstore,0.113,0.117,0.333,
guide,en,/guide/restaurantsupply,Restaurant supply,776,635,3622,48,48,0,3,3,0.064,0.052,/guide/landscaping,0.109,0.109,0.292,
guide,zh,/guide/restaurantsupply,餐饮设备供应,1328,1065,1521,45,45,0,3,3,0.075,0.063,/guide/officesupplies,0.12,0.122,0.356,
guide,en,/guide/resume,Resume & job search,868,729,3798,47,47,0,3,3,0.06,0.049,/guide/realestate,0.098,0.098,0.234,
guide,zh,/guide/resume,简历求职,1486,1217,1623,46,46,0,3,3,0.081,0.07,/guide/recruiting,0.108,0.112,0.348,
guide,en,/guide/retrofit,Energy retrofits,841,694,4083,43,43,0,3,3,0.059,0.051,/guide/realestate,0.1,0.104,0.326,
guide,zh,/guide/retrofit,节能改造,1509,1231,1567,46,46,0,3,3,0.073,0.064,/guide/hvac,0.117,0.119,0.348,
guide,en,/guide/robotics,Robotics companies,804,688,3865,46,46,0,3,3,0.066,0.052,/guide/villarental,0.102,0.102,0.304,
guide,zh,/guide/robotics,机器人公司,1432,1236,1634,46,46,0,3,3,0.073,0.056,/guide/basketball,0.11,0.115,0.37,
guide,en,/guide/roofing,Roofing,978,834,4695,59,58,0.017,3,3,0.062,0.05,/guide/plumber,0.085,0.091,0.19,
guide,zh,/guide/roofing,屋顶施工,1630,1371,1754,50,50,0,3,3,0.091,0.078,/guide/plumber,0.102,0.111,0.32,
guide,en,/guide/rowing,Rowing clubs,786,643,3528,42,42,0,3,3,0.073,0.055,/guide/curling,0.11,0.113,0.333,
guide,zh,/guide/rowing,赛艇俱乐部,1341,1076,1377,46,46,0,3,3,0.082,0.077,/guide/curling,0.125,0.127,0.37,
guide,en,/guide/rugby,Rugby clubs,785,637,3162,40,40,0,3,3,0.068,0.054,/guide/cricket,0.111,0.113,0.35,
guide,zh,/guide/rugby,橄榄球俱乐部,1264,1006,1259,44,44,0,3,3,0.091,0.079,/guide/cricket,0.144,0.148,0.386,
guide,en,/guide/runclub,Run clubs,876,734,3919,46,46,0,3,3,0.067,0.051,/guide/tennis,0.097,0.099,0.304,
guide,zh,/guide/runclub,跑步俱乐部,1471,1211,1504,47,47,0,3,3,0.078,0.068,/guide/tennis,0.119,0.127,0.362,
guide,en,/guide/rvtravel,RV travel,904,781,4216,45,45,0,3,3,0.058,0.046,/guide/legal,0.089,0.095,0.311,
guide,zh,/guide/rvtravel,房车旅行,1473,1247,1630,48,48,0,3,3,0.07,0.058,/guide/taekwondo,0.112,0.115,0.333,
guide,en,/guide/saas,SaaS tools,768,660,3445,52,52,0,3,3,0.065,0.055,/guide/travel,0.11,0.112,0.269,
guide,zh,/guide/saas,SaaS 工具,1244,1044,1513,54,54,0,3,3,0.071,0.062,/guide/indiehacker,0.107,0.113,0.241,
guide,en,/guide/saddlery,Saddlery workshops,949,791,4229,49,49,0,3,3,0.074,0.063,/guide/fletching,0.091,0.104,0.286,
guide,zh,/guide/saddlery,马具工坊,1528,1239,1458,41,41,0,3,3,0.104,0.095,/guide/batik,0.124,0.139,0.415,
guide,en,/guide/sauna,Sauna studios,822,687,3740,47,47,0,3,3,0.063,0.05,/guide/photography,0.101,0.104,0.298,
guide,zh,/guide/sauna,汗蒸桑拿馆,1426,1171,1496,47,47,0,3,3,0.071,0.058,/guide/realestate,0.116,0.121,0.362,
guide,en,/guide/seafishing,Sea fishing charters,766,637,3387,48,48,0,3,3,0.072,0.055,/guide/villarental,0.113,0.113,0.229,
guide,zh,/guide/seafishing,海钓包船,1297,1078,1305,42,42,0,3,3,0.088,0.065,/guide/partyplanner,0.142,0.148,0.381,
guide,en,/guide/seafood,Seafood restaurants,874,718,3861,48,48,0,3,3,0.069,0.052,/guide/sushi,0.101,0.107,0.292,
guide,zh,/guide/seafood,海鲜餐厅,1410,1155,1443,46,46,0,3,3,0.086,0.08,/guide/deli,0.128,0.142,0.348,
guide,en,/guide/sealcarving,Seal carving studios,907,752,3950,41,41,0,3,3,0.077,0.06,/guide/quilting,0.097,0.112,0.268,
guide,zh,/guide/sealcarving,篆刻工作室,1405,1121,1320,42,42,0,3,3,0.105,0.098,/guide/embroidery,0.134,0.145,0.405,
guide,en,/guide/security,Cybersecurity,698,585,3431,48,48,0,3,3,0.065,0.054,/guide/realestate,0.116,0.116,0.229,
guide,zh,/guide/security,网络安全,1229,1017,1450,46,46,0,3,3,0.065,0.052,/guide/basketball,0.108,0.112,0.348,
guide,en,/guide/securityguard,Security services,897,754,4368,43,43,0,3,3,0.063,0.052,/guide/ipagency,0.097,0.101,0.326,
guide,zh,/guide/securityguard,安保服务,1493,1219,1539,44,44,0,3,3,0.081,0.068,/guide/ipagency,0.117,0.129,0.364,
guide,en,/guide/selfstorage,Self-storage,982,832,4658,59,59,0,3,3,0.057,0.044,/guide/legal,0.083,0.091,0.186,
guide,zh,/guide/selfstorage,自助仓储,1635,1375,1760,50,50,0,3,3,0.069,0.058,/guide/towing,0.104,0.113,0.32,
guide,en,/guide/shadowpuppet,Shadow puppet studios,1009,844,4432,54,54,0,3,3,0.092,0.079,/guide/bambooweaving,0.089,0.112,0.204,
guide,zh,/guide/shadowpuppet,皮影工作室,1483,1195,1409,42,42,0,3,3,0.12,0.109,/guide/brocade,0.13,0.146,0.405,
guide,en,/guide/shortvideo,Short-video production,968,816,4273,53,53,0,3,3,0.059,0.047,/guide/meditation,0.087,0.1,0.264,
guide,zh,/guide/shortvideo,短视频制作,1599,1312,1599,47,47,0,3,3,0.072,0.06,/guide/aquascaping,0.112,0.122,0.34,
guide,en,/guide/signage,Signage & signs,1022,870,4741,63,63,0,3,3,0.055,0.044,/guide/legal,0.082,0.088,0.175,
guide,zh,/guide/signage,广告标识,1641,1375,1791,51,51,0,3,3,0.069,0.058,/guide/towing,0.099,0.105,0.314,
guide,en,/guide/silversmith,Silversmith studios,880,728,3927,46,46,0,3,3,0.086,0.07,/guide/blacksmith,0.093,0.113,0.304,
guide,zh,/guide/silversmith,银匠工作室,1405,1120,1320,42,42,0,3,3,0.108,0.098,/guide/blacksmith,0.131,0.149,0.405,
guide,en,/guide/singlesevents,Singles events,772,619,3399,43,43,0,3,3,0.069,0.052,/guide/luxuryresale,0.113,0.117,0.326,
guide,zh,/guide/singlesevents,单身社交活动,1343,1087,1352,45,45,0,3,3,0.086,0.068,/guide/giveaway,0.139,0.145,0.356,
guide,en,/guide/skateshop,Skate shops,943,805,4277,51,51,0,3,3,0.058,0.045,/guide/legal,0.089,0.096,0.275,
guide,zh,/guide/skateshop,滑板店,1576,1317,1766,50,50,0,3,3,0.07,0.06,/guide/fruitshop,0.105,0.118,0.32,
guide,en,/guide/skating,Skating clubs,771,628,3492,42,42,0,3,3,0.068,0.054,/guide/volleyball,0.113,0.116,0.333,
guide,zh,/guide/skating,轮滑滑冰,1308,1041,1285,46,46,0,3,3,0.085,0.068,/guide/gymnastics,0.134,0.137,0.348,
guide,en,/guide/ski,Ski & snow,862,723,3861,43,43,0,3,3,0.064,0.05,/guide/villarental,0.1,0.106,0.256,
guide,zh,/guide/ski,滑雪户外,1522,1259,1539,47,47,0,3,3,0.071,0.06,/guide/fanclub,0.111,0.114,0.34,
guide,en,/guide/skincare,Skincare brands,834,682,3876,46,46,0,3,3,0.062,0.05,/guide/pets,0.101,0.108,0.304,
guide,zh,/guide/skincare,护肤品牌,1448,1177,1442,45,45,0,3,3,0.075,0.064,/guide/podcast,0.124,0.137,0.378,
guide,en,/guide/snacks,Snack brands,772,623,3331,43,43,0,3,3,0.076,0.057,/guide/flowerdelivery,0.112,0.116,0.326,
guide,zh,/guide/snacks,零食品牌,1294,1048,1247,44,44,0,3,3,0.083,0.068,/guide/dayspa,0.14,0.143,0.364,
guide,en,/guide/sneakers,Sneaker shops,781,641,3494,46,46,0,3,3,0.068,0.055,/guide/jobboard,0.11,0.115,0.304,
guide,zh,/guide/sneakers,球鞋潮鞋店,1299,1041,1506,45,45,0,3,3,0.078,0.065,/guide/watches,0.121,0.124,0.356,
guide,en,/guide/soapmaking,Soap brands,798,638,3472,42,42,0,3,3,0.063,0.056,/guide/candle,0.108,0.109,0.333,
guide,zh,/guide/soapmaking,手工皂,1356,1080,1314,45,45,0,3,3,0.087,0.072,/guide/juicebar,0.137,0.143,0.356,
guide,en,/guide/soccer,Soccer academies,898,751,4041,44,44,0,3,3,0.065,0.052,/guide/hockey,0.097,0.097,0.318,
guide,zh,/guide/soccer,足球青训,1483,1221,1533,49,49,0,3,3,0.081,0.067,/guide/football,0.119,0.121,0.327,
guide,en,/guide/solar,Solar & clean energy,901,790,4511,46,46,0,3,3,0.056,0.046,/guide/realestate,0.089,0.091,0.239,
guide,zh,/guide/solar,光伏新能源,1583,1379,1727,45,45,0,3,3,0.065,0.053,/guide/taekwondo,0.102,0.103,0.356,
guide,en,/guide/sourcing,Product sourcing,878,730,4081,42,42,0,3,3,0.068,0.054,/guide/villarental,0.096,0.097,0.333,
guide,zh,/guide/sourcing,电商选品,1515,1250,1636,45,45,0,3,3,0.069,0.056,/guide/cricket,0.105,0.11,0.356,
guide,en,/guide/souvenir,Souvenir brands,809,654,3444,44,44,0,3,3,0.071,0.055,/guide/luxuryresale,0.113,0.117,0.318,
guide,zh,/guide/souvenir,伴手礼品牌,1366,1096,1304,44,44,0,3,3,0.089,0.073,/guide/organicfood,0.142,0.145,0.364,
guide,en,/guide/sportsodds,Sports odds & analysis,807,662,3507,41,41,0,3,3,0.068,0.058,/guide/esportsnews,0.11,0.11,0.268,
guide,zh,/guide/sportsodds,体育竞猜资讯,1318,1042,1292,45,45,0,3,3,0.105,0.094,/guide/esportsnews,0.147,0.153,0.356,
guide,en,/guide/squash,Squash clubs,781,635,3444,41,41,0,3,3,0.091,0.072,/guide/tabletennis,0.113,0.113,0.341,
guide,zh,/guide/squash,壁球馆,1288,1032,1309,46,46,0,3,3,0.105,0.088,/guide/judo,0.137,0.146,0.37,
guide,en,/guide/stainedglass,Stained glass studios,935,787,3954,45,45,0,3,3,0.092,0.078,/guide/mosaic,0.094,0.112,0.244,
guide,zh,/guide/stainedglass,彩绘玻璃工作室,1405,1128,1353,43,43,0,3,3,0.112,0.11,/guide/mosaic,0.132,0.147,0.395,
guide,en,/guide/stargazing,Stargazing clubs,852,695,3777,44,44,0,3,3,0.089,0.072,/guide/birding,0.101,0.108,0.318,
guide,zh,/guide/stargazing,观星俱乐部,1420,1133,1419,45,45,0,3,3,0.11,0.106,/guide/birding,0.127,0.14,0.378,
guide,en,/guide/stationery,Stationery & paper goods,931,776,4309,51,51,0,3,3,0.059,0.047,/guide/legal,0.093,0.103,0.216,
guide,zh,/guide/stationery,文创文具,1602,1339,1609,47,47,0,3,3,0.07,0.058,/guide/deskcraft,0.109,0.12,0.34,
guide,en,/guide/strawpainting,Straw painting studios,987,820,4333,53,53,0,3,3,0.11,0.101,/guide/eggcarving,0.09,0.114,0.208,
guide,zh,/guide/strawpainting,麦秆画工作室,1509,1218,1420,42,42,0,3,3,0.145,0.143,/guide/eggcarving,0.127,0.14,0.405,
guide,en,/guide/studyabroad,Study abroad,840,720,3973,41,41,0,3,3,0.059,0.048,/guide/realestate,0.096,0.098,0.341,
guide,zh,/guide/studyabroad,留学教育,1420,1209,1548,42,42,0,3,3,0.072,0.058,/guide/basketball,0.112,0.114,0.381,
guide,en,/guide/studytour,Study camps & tours,895,774,4367,54,54,0,3,3,0.058,0.046,/guide/legal,0.091,0.099,0.204,
guide,zh,/guide/studytour,研学营地,1565,1351,1701,52,52,0,3,3,0.078,0.06,/guide/basketball,0.109,0.122,0.308,
guide,en,/guide/succulent,Succulent shops,893,739,4008,41,41,0,3,3,0.077,0.063,/guide/teaware,0.094,0.103,0.341,
guide,zh,/guide/succulent,多肉植物店,1422,1139,1388,44,44,0,3,3,0.098,0.077,/guide/teaware,0.127,0.136,0.386,
guide,en,/guide/sugarpainting,Sugar painting studios,1008,839,4317,53,53,0,3,3,0.073,0.057,/guide/bambooweaving,0.088,0.108,0.208,
guide,zh,/guide/sugarpainting,糖画工作室,1474,1178,1382,41,41,0,3,3,0.106,0.103,/guide/pyrography,0.129,0.139,0.415,
guide,en,/guide/surf,Surf clubs,899,757,4079,49,49,0,3,3,0.059,0.047,/guide/legal,0.093,0.098,0.286,
guide,zh,/guide/surf,冲浪俱乐部,1567,1300,1699,50,50,0,3,3,0.07,0.064,/guide/hotspring,0.106,0.114,0.32,
guide,en,/guide/sushi,Sushi & Japanese dining,898,745,4103,46,46,0,3,3,0.069,0.052,/guide/seafood,0.1,0.108,0.239,
guide,zh,/guide/sushi,日料餐厅,1443,1191,1448,45,45,0,3,3,0.085,0.08,/guide/deli,0.122,0.132,0.356,
guide,en,/guide/swimschool,Swim schools,899,785,4385,44,44,0,3,3,0.064,0.054,/guide/drivingschool,0.093,0.098,0.318,
guide,zh,/guide/swimschool,游泳培训,1515,1311,1711,49,49,0,3,3,0.076,0.065,/guide/pettraining,0.107,0.111,0.327,
guide,en,/guide/swordsmith,Swordsmith forges,979,816,4383,53,53,0,3,3,0.113,0.104,/guide/jadecarving,0.089,0.103,0.264,
guide,zh,/guide/swordsmith,刀剑锻造工坊,1507,1221,1434,41,41,0,3,3,0.152,0.137,/guide/jadecarving,0.125,0.141,0.415,
guide,en,/guide/tabletennis,Table tennis clubs,791,649,3428,42,42,0,3,3,0.091,0.072,/guide/squash,0.112,0.112,0.262,
guide,zh,/guide/tabletennis,乒乓球俱乐部,1305,1043,1289,46,46,0,3,3,0.099,0.087,/guide/baseball,0.138,0.145,0.37,
guide,en,/guide/tabletopclub,Tabletop clubs,809,660,3337,45,45,0,3,3,0.064,0.054,/guide/homedecor,0.107,0.107,0.311,
guide,zh,/guide/tabletopclub,桌游俱乐部,1290,1030,1296,44,44,0,3,3,0.089,0.079,/guide/futsal,0.143,0.148,0.364,
guide,en,/guide/taekwondo,Taekwondo schools,734,596,3396,45,45,0,3,3,0.067,0.057,/guide/boxing,0.12,0.121,0.311,
guide,zh,/guide/taekwondo,跆拳道馆,1213,952,1208,45,45,0,3,3,0.095,0.088,/guide/judo,0.152,0.161,0.378,
guide,en,/guide/tailor,Custom tailoring,875,722,3968,46,46,0,3,3,0.062,0.049,/guide/funeral,0.098,0.105,0.304,
guide,zh,/guide/tailor,服装定制,1493,1222,1544,45,45,0,3,3,0.077,0.064,/guide/icecream,0.117,0.126,0.356,
guide,en,/guide/taproom,Taprooms,778,629,3333,42,42,0,3,3,0.067,0.052,/guide/partyplanner,0.111,0.111,0.262,
guide,zh,/guide/taproom,精酿酒馆,1326,1080,1345,42,42,0,3,3,0.085,0.063,/guide/seafishing,0.132,0.138,0.381,
guide,en,/guide/tattoo,Tattoo studios,970,826,4494,43,43,0,3,3,0.065,0.053,/guide/nailsalon,0.087,0.101,0.326,
guide,zh,/guide/tattoo,纹身工作室,1628,1368,1769,48,48,0,3,3,0.081,0.072,/guide/nailsalon,0.1,0.112,0.354,
guide,en,/guide/taxidermy,Taxidermy studios,885,734,3854,43,43,0,3,3,0.084,0.072,/guide/lutherie,0.102,0.127,0.326,
guide,zh,/guide/taxidermy,标本工作室,1414,1133,1357,43,43,0,3,3,0.107,0.105,/guide/lutherie,0.133,0.149,0.395,
guide,en,/guide/tcm,TCM & wellness,898,763,4332,46,46,0,3,3,0.058,0.047,/guide/physio,0.092,0.096,0.239,
guide,zh,/guide/tcm,中医养生,1539,1272,1520,45,45,0,3,3,0.073,0.058,/guide/organicfood,0.117,0.119,0.356,
guide,en,/guide/tea,Tea brands,942,784,4228,48,48,0,3,3,0.067,0.054,/guide/fruitshop,0.094,0.102,0.292,
guide,zh,/guide/tea,茶叶品牌,1524,1264,1502,45,45,0,3,3,0.082,0.075,/guide/icecream,0.118,0.131,0.378,
guide,en,/guide/teahouse,Tea houses & tea brands,983,835,4396,55,55,0,3,3,0.055,0.049,/guide/photography,0.089,0.093,0.2,
guide,zh,/guide/teahouse,茶馆茶室,1581,1335,1626,46,46,0,3,3,0.07,0.059,/guide/footspa,0.11,0.12,0.348,
guide,en,/guide/teaware,Teaware studios,936,782,4026,45,45,0,3,3,0.077,0.063,/guide/succulent,0.092,0.11,0.311,
guide,zh,/guide/teaware,茶器工作室,1444,1160,1369,41,41,0,3,3,0.098,0.092,/guide/succulent,0.131,0.144,0.415,
guide,en,/guide/tennis,Tennis clubs,867,719,3846,43,43,0,3,3,0.067,0.051,/guide/runclub,0.102,0.102,0.326,
guide,zh,/guide/tennis,网球俱乐部,1489,1230,1535,47,47,0,3,3,0.079,0.071,/guide/basketball,0.118,0.125,0.362,
guide,en,/guide/terrarium,Terrarium studios,871,719,3804,43,43,0,3,3,0.087,0.069,/guide/bookbinding,0.099,0.125,0.326,
guide,zh,/guide/terrarium,生态瓶工作室,1382,1103,1335,42,42,0,3,3,0.107,0.102,/guide/bookbinding,0.136,0.153,0.405,
guide,en,/guide/therapy,Therapy & mental health,828,686,3879,49,49,0,3,3,0.061,0.05,/guide/realestate,0.102,0.103,0.224,
guide,zh,/guide/therapy,心理咨询,1483,1211,1513,51,51,0,3,3,0.073,0.059,/guide/taekwondo,0.116,0.12,0.314,
guide,en,/guide/thriftstore,Thrift stores,741,594,3292,41,41,0,3,3,0.069,0.055,/guide/legal,0.119,0.125,0.341,
guide,zh,/guide/thriftstore,二手循环店,1331,1060,1392,43,43,0,3,3,0.083,0.078,/guide/resale,0.129,0.13,0.372,
guide,en,/guide/ticketing,Ticketing platforms,743,606,3453,43,43,0,3,3,0.069,0.054,/guide/cruise,0.115,0.115,0.326,
guide,zh,/guide/ticketing,票务平台,1306,1040,1382,46,46,0,3,3,0.079,0.065,/guide/taekwondo,0.131,0.136,0.348,
guide,en,/guide/towing,Towing & roadside,990,860,4766,57,57,0,3,3,0.065,0.054,/guide/plumber,0.081,0.089,0.193,
guide,zh,/guide/towing,道路救援,1620,1393,1708,49,49,0,3,3,0.085,0.073,/guide/plumber,0.104,0.114,0.327,
guide,en,/guide/toys,Toy brands,887,739,3931,44,44,0,3,3,0.061,0.047,/guide/legal,0.095,0.101,0.318,
guide,zh,/guide/toys,玩具品牌,1507,1240,1596,48,48,0,3,3,0.069,0.057,/guide/taekwondo,0.108,0.109,0.354,
guide,en,/guide/trading,Import & export trading,981,829,4635,55,55,0,3,3,0.055,0.045,/guide/photography,0.085,0.088,0.2,
guide,zh,/guide/trading,外贸公司,1597,1325,1694,50,50,0,3,3,0.069,0.055,/guide/fruitshop,0.107,0.117,0.32,
guide,en,/guide/trampoline,Trampoline parks,878,732,3904,47,47,0,3,3,0.092,0.081,/guide/bowling,0.099,0.099,0.298,
guide,zh,/guide/trampoline,蹦床公园,1454,1180,1473,45,45,0,3,3,0.116,0.1,/guide/bowling,0.123,0.138,0.356,
guide,en,/guide/translation,Translation & localization,918,801,4657,46,46,0,3,3,0.058,0.046,/guide/podcast,0.091,0.094,0.239,
guide,zh,/guide/translation,翻译本地化,1530,1326,1727,48,48,0,3,3,0.069,0.058,/guide/language,0.1,0.105,0.333,
guide,en,/guide/travel,Travel,727,606,3176,49,49,0,3,3,0.069,0.055,/guide/fitness,0.115,0.118,0.224,
guide,zh,/guide/travel,旅行,1229,1004,1325,49,49,0,3,3,0.082,0.068,/guide/bnb,0.13,0.133,0.327,
guide,en,/guide/travelagency,Travel agencies,929,803,4605,53,53,0,3,3,0.057,0.048,/guide/plumber,0.088,0.095,0.264,
guide,zh,/guide/travelagency,旅行社,1609,1382,1701,48,48,0,3,3,0.073,0.06,/guide/weddingphoto,0.105,0.118,0.333,
guide,en,/guide/travelshoot,Travel photography,840,700,3967,45,45,0,3,3,0.065,0.052,/guide/villarental,0.096,0.099,0.311,
guide,zh,/guide/travelshoot,旅拍摄影,1487,1212,1533,43,43,0,3,3,0.071,0.061,/guide/podcast,0.113,0.119,0.372,
guide,en,/guide/tufting,Tufting studios,924,773,3764,46,46,0,3,3,0.07,0.055,/guide/neonsign,0.095,0.115,0.304,
guide,zh,/guide/tufting,簇绒工作室,1377,1095,1324,43,43,0,3,3,0.089,0.086,/guide/neonsign,0.134,0.151,0.395,
guide,en,/guide/tutoring,Tutoring & test prep,913,800,4526,53,53,0,3,3,0.059,0.046,/guide/deli,0.09,0.099,0.208,
guide,zh,/guide/tutoring,课外辅导,1584,1388,1688,47,47,0,3,3,0.07,0.059,/guide/taekwondo,0.11,0.119,0.34,
guide,en,/guide/upcycling,Upcycling & rework,945,798,4276,55,55,0,3,3,0.058,0.047,/guide/thriftstore,0.087,0.094,0.2,
guide,zh,/guide/upcycling,旧物改造,1626,1361,1721,51,51,0,3,3,0.07,0.06,/guide/thriftstore,0.107,0.116,0.314,
guide,en,/guide/usedcar,Used cars,841,692,3811,47,47,0,3,3,0.059,0.049,/guide/realestate,0.1,0.1,0.298,
guide,zh,/guide/usedcar,二手车,1468,1203,1495,48,48,0,3,3,0.074,0.058,/guide/giveaway,0.117,0.121,0.333,
guide,en,/guide/velvetflower,Velvet flower studios,975,809,4378,51,51,0,3,3,0.088,0.071,/guide/pyrography,0.091,0.113,0.216,
guide,zh,/guide/velvetflower,绒花工坊,1474,1180,1379,41,41,0,3,3,0.114,0.104,/guide/claysculpture,0.131,0.139,0.415,
guide,en,/guide/vending,Vending & unattended retail,969,828,4613,45,45,0,3,3,0.057,0.045,/guide/legal,0.087,0.094,0.244,
guide,zh,/guide/vending,无人零售,1588,1326,1635,48,48,0,3,3,0.072,0.056,/guide/homedecor,0.112,0.114,0.333,
guide,en,/guide/vet,Vet clinics,921,766,4151,50,49,0.02,3,3,0.057,0.047,/guide/legal,0.093,0.093,0.286,
guide,zh,/guide/vet,宠物医院,1595,1330,1670,47,47,0,3,3,0.069,0.055,/guide/taekwondo,0.106,0.114,0.34,
guide,en,/guide/villarental,Villa rentals,720,589,3261,41,41,0,3,3,0.072,0.057,/guide/seafishing,0.119,0.119,0.341,
guide,zh,/guide/villarental,民宿别墅短租,1235,1011,1357,43,43,0,3,3,0.077,0.064,/guide/podcast,0.131,0.134,0.372,
guide,en,/guide/volleyball,Volleyball clubs,790,644,3450,42,42,0,3,3,0.08,0.064,/guide/wrestling,0.112,0.114,0.333,
guide,zh,/guide/volleyball,排球俱乐部,1301,1036,1265,46,46,0,3,3,0.1,0.086,/guide/squash,0.139,0.149,0.37,
guide,en,/guide/vr,VR arcades,933,792,4013,48,48,0,3,3,0.059,0.047,/guide/legal,0.092,0.097,0.292,
guide,zh,/guide/vr,VR 体验馆,1519,1253,1633,49,49,0,3,3,0.076,0.069,/guide/cybercafe,0.101,0.108,0.265,
guide,en,/guide/watches,Watch brands & dealers,797,658,3844,48,48,0,3,3,0.066,0.051,/guide/lightingbrand,0.107,0.116,0.229,
guide,zh,/guide/watches,腕表钟表店,1307,1047,1466,45,45,0,3,3,0.082,0.066,/guide/auction,0.121,0.123,0.356,
guide,en,/guide/watchrepair,Watch repair shops,812,657,3704,42,42,0,3,3,0.068,0.053,/guide/framing,0.108,0.111,0.262,
guide,zh,/guide/watchrepair,钟表维修,1424,1152,1409,44,44,0,3,3,0.08,0.065,/guide/woodworking,0.124,0.126,0.364,
guide,en,/guide/watertreatment,Water treatment,840,692,3948,47,47,0,3,3,0.064,0.052,/guide/energystorage,0.105,0.112,0.298,
guide,zh,/guide/watertreatment,水处理环保,1469,1194,1519,47,47,0,3,3,0.074,0.061,/guide/energystorage,0.121,0.125,0.34,
guide,en,/guide/weaving,Weaving studios,916,760,4097,42,42,0,3,3,0.085,0.066,/guide/quilting,0.093,0.11,0.333,
guide,zh,/guide/weaving,织造工作室,1437,1146,1372,42,42,0,3,3,0.109,0.102,/guide/quilting,0.129,0.141,0.405,
guide,en,/guide/web3,Web3 & crypto,711,605,3417,45,45,0,3,3,0.065,0.053,/guide/legal,0.117,0.117,0.244,
guide,zh,/guide/web3,Web3 加密,1211,1012,1455,49,49,0,3,3,0.067,0.058,/guide/fanclub,0.112,0.115,0.265,
guide,en,/guide/wedding,Wedding planners,862,711,3666,45,45,0,3,3,0.06,0.049,/guide/newsletter,0.099,0.099,0.311,
guide,zh,/guide/wedding,婚庆策划,1425,1152,1485,45,45,0,3,3,0.072,0.06,/guide/podcast,0.117,0.117,0.356,
guide,en,/guide/weddingphoto,Wedding photography,964,831,4599,53,53,0,3,3,0.055,0.046,/guide/productphoto,0.085,0.09,0.264,
guide,zh,/guide/weddingphoto,婚纱摄影,1624,1362,1699,50,50,0,3,3,0.073,0.059,/guide/travelagency,0.108,0.116,0.32,
guide,en,/guide/wholesale,B2B wholesale platforms,961,807,4408,57,57,0,3,3,0.056,0.046,/guide/realestate,0.092,0.095,0.193,
guide,zh,/guide/wholesale,B2B 批发平台,1568,1300,1699,50,50,0,3,3,0.067,0.057,/guide/saas,0.102,0.111,0.26,
guide,en,/guide/wig,Wig brands,869,714,3777,50,50,0,3,3,0.07,0.062,/guide/autoparts,0.096,0.099,0.28,
guide,zh,/guide/wig,假发品牌,1415,1145,1492,45,45,0,3,3,0.088,0.08,/guide/autoparts,0.119,0.125,0.356,
guide,en,/guide/winery,Boutique wineries,915,760,3994,47,47,0,3,3,0.06,0.048,/guide/legal,0.096,0.102,0.298,
guide,zh,/guide/winery,精品酒庄,1488,1235,1513,45,45,0,3,3,0.082,0.065,/guide/fruitshop,0.124,0.137,0.356,
guide,en,/guide/woodblockprint,Woodblock print studios,999,830,4397,53,53,0,3,3,0.095,0.089,/guide/strawpainting,0.088,0.101,0.208,
guide,zh,/guide/woodblockprint,木版年画工作室,1494,1207,1415,40,40,0,3,3,0.126,0.125,/guide/doughsculpture,0.128,0.141,0.425,
guide,en,/guide/woodworking,Woodworking studios,835,686,3733,43,43,0,3,3,0.064,0.052,/guide/meditation,0.102,0.116,0.326,
guide,zh,/guide/woodworking,木工工作室,1423,1140,1369,44,44,0,3,3,0.094,0.088,/guide/glassblowing,0.13,0.14,0.386,
guide,en,/guide/wrestling,Wrestling clubs,805,657,3633,42,42,0,3,3,0.08,0.067,/guide/volleyball,0.11,0.112,0.333,
guide,zh,/guide/wrestling,摔跤馆,1364,1087,1391,45,45,0,3,3,0.102,0.087,/guide/gymnastics,0.124,0.126,0.378,
guide,en,/guide/yachtcharter,Yacht charters,805,675,3689,49,49,0,3,3,0.064,0.051,/guide/legal,0.106,0.11,0.286,
guide,zh,/guide/yachtcharter,游艇租赁俱乐部,1362,1137,1427,45,45,0,3,3,0.078,0.07,/guide/seafood,0.126,0.138,0.356,
guide,en,/guide/yoga,Yoga & Pilates,872,729,3915,50,50,0,3,3,0.062,0.051,/guide/barber,0.097,0.103,0.22,
guide,zh,/guide/yoga,瑜伽普拉提,1520,1258,1636,50,50,0,3,3,0.069,0.058,/guide/fitness,0.106,0.111,0.32,
guide,en,/guide/zine,Indie magazines & zines,924,787,4402,51,51,0,3,3,0.058,0.046,/guide/legal,0.088,0.094,0.216,
guide,zh,/guide/zine,独立杂志,1628,1354,1698,50,50,0,3,3,0.072,0.059,/guide/fruitshop,0.109,0.121,0.34,
vs,en,/vs/abogado-vs-lawyer,.abogado vs .lawyer,829,681,4000,50,50,0,3,3,0.165,0.163,/vs/lawyer-vs-legal,0.175,0.193,0.37,0.12
vs,zh,/vs/abogado-vs-lawyer,.abogado vs .lawyer,1287,1095,1721,49,49,0,3,3,0.204,0.204,/vs/lawyer-vs-legal,0.217,0.247,0.378,0.1
vs,en,/vs/academy-vs-coach,.academy vs .coach,931,762,4192,56,56,0,3,3,0.203,0.187,/vs/fitness-vs-coach,0.153,0.16,0.346,0.089
vs,zh,/vs/academy-vs-coach,.academy vs .coach,1432,1210,1805,56,56,0,3,3,0.263,0.243,/vs/fitness-vs-coach,0.184,0.198,0.346,0.043
vs,en,/vs/academy-vs-school,.academy vs .school,877,711,4021,53,53,0,3,3,0.154,0.153,/vs/academy-vs-coach,0.167,0.178,0.367,0.075
vs,zh,/vs/academy-vs-school,.academy vs .school,1360,1143,1751,55,55,0,3,3,0.193,0.184,/vs/academy-vs-coach,0.198,0.215,0.353,0.044
vs,en,/vs/accountants-vs-tax,.accountants vs .tax,740,593,3319,48,48,0,3,3,0.203,0.182,/vs/tax-vs-finance,0.217,0.241,0.409,0.104
vs,zh,/vs/accountants-vs-tax,.accountants vs .tax,1171,978,1625,49,49,0,3,3,0.235,0.213,/vs/tax-vs-finance,0.234,0.272,0.4,0.054
vs,en,/vs/actor-vs-studio,.actor vs .studio,777,630,3341,50,50,0,3,3,0.177,0.181,/vs/salon-vs-studio,0.196,0.217,0.391,0.1
vs,zh,/vs/actor-vs-studio,.actor vs .studio,1211,1014,1545,50,50,0,3,3,0.236,0.231,/vs/salon-vs-studio,0.228,0.264,0.391,0.079
vs,en,/vs/agency-vs-co,.agency vs .co,894,728,3770,54,54,0,3,3,0.14,0.14,/vs/studio-vs-co,0.129,0.133,0.24,0.056
vs,zh,/vs/agency-vs-co,.agency vs .co,1419,1199,1700,57,57,0,3,3,0.208,0.196,/vs/studio-vs-co,0.178,0.19,0.34,0.041
vs,en,/vs/ai-vs-app,.ai vs .app,863,699,3474,50,50,0,3,3,0.14,0.154,/vs/ai-vs-dev,0.143,0.144,0.348,0.06
vs,zh,/vs/ai-vs-app,.ai vs .app,1276,1061,1518,50,50,0,3,3,0.183,0.177,/vs/ai-vs-dev,0.181,0.197,0.348,0.053
vs,en,/vs/ai-vs-dev,.ai vs .dev,722,559,2826,47,47,0,3,3,0.182,0.183,/vs/com-vs-ai,0.186,0.188,0.372,0.064
vs,zh,/vs/ai-vs-dev,.ai vs .dev,1135,919,1381,49,49,0,3,3,0.238,0.218,/vs/com-vs-ai,0.21,0.23,0.356,0.053
vs,en,/vs/ai-vs-tech,.ai vs .tech,813,649,3369,50,50,0,3,3,0.148,0.149,/vs/ai-vs-dev,0.156,0.158,0.348,0.06
vs,zh,/vs/ai-vs-tech,.ai vs .tech,1212,996,1382,52,52,0,3,3,0.18,0.188,/vs/com-vs-ai,0.207,0.209,0.333,0.05
vs,en,/vs/amsterdam-vs-berlin,.amsterdam vs .berlin,776,629,3542,46,46,0,3,3,0.222,0.22,/vs/berlin-vs-city,0.177,0.201,0.381,0.152
vs,zh,/vs/amsterdam-vs-berlin,.amsterdam vs .berlin,1272,1077,1631,46,46,0,3,3,0.282,0.259,/vs/berlin-vs-city,0.202,0.233,0.381,0.154
vs,en,/vs/apartments-vs-house,.apartments vs .house,663,499,2891,45,45,0,3,3,0.228,0.222,/vs/apartments-vs-rentals,0.243,0.268,0.439,0.111
vs,zh,/vs/apartments-vs-house,.apartments vs .house,1020,808,1349,45,45,0,3,3,0.314,0.297,/vs/apartments-vs-rentals,0.288,0.313,0.439,0.083
vs,en,/vs/apartments-vs-rentals,.apartments vs .rentals,663,521,2909,44,44,0,3,3,0.228,0.222,/vs/apartments-vs-house,0.234,0.256,0.45,0.136
vs,zh,/vs/apartments-vs-rentals,.apartments vs .rentals,1019,825,1343,44,44,0,3,3,0.314,0.297,/vs/apartments-vs-house,0.283,0.308,0.45,0.063
vs,en,/vs/app-vs-dev,.app vs .dev,718,554,2803,46,46,0,3,3,0.193,0.189,/vs/com-vs-app,0.216,0.218,0.429,0.065
vs,zh,/vs/app-vs-dev,.app vs .dev,1136,921,1410,47,47,0,3,3,0.241,0.223,/vs/com-vs-app,0.22,0.229,0.419,0.054
vs,en,/vs/app-vs-io,.app vs .io,668,505,2584,44,44,0,3,3,0.184,0.2,/vs/com-vs-io,0.234,0.236,0.45,0.068
vs,zh,/vs/app-vs-io,.app vs .io,1022,806,1179,46,46,0,3,3,0.251,0.235,/vs/com-vs-io,0.259,0.261,0.429,0.059
vs,en,/vs/app-vs-site,.app vs .site,671,505,2653,44,44,0,3,3,0.197,0.198,/vs/tools-vs-app,0.241,0.245,0.45,0.068
vs,zh,/vs/app-vs-site,.app vs .site,1043,823,1157,45,45,0,3,3,0.247,0.235,/vs/app-vs-io,0.275,0.28,0.439,0.088
vs,en,/vs/ar-vs-cl,.ar vs .cl,731,578,3116,51,51,0,3,3,0.219,0.263,/vs/cl-vs-mx,0.124,0.141,0.191,0.078
vs,zh,/vs/ar-vs-cl,.ar vs .cl,1173,972,1345,47,47,0,3,3,0.365,0.335,/vs/cl-vs-mx,0.191,0.227,0.372,0.121
vs,en,/vs/art-vs-design,.art vs .design,735,586,3064,48,48,0,3,3,0.161,0.163,/vs/ink-vs-art,0.21,0.216,0.409,0.063
vs,zh,/vs/art-vs-design,.art vs .design,1122,920,1351,49,49,0,3,3,0.201,0.193,/vs/studio-vs-design,0.236,0.246,0.4,0.049
vs,en,/vs/art-vs-studio,.art vs .studio,622,473,2524,44,44,0,3,3,0.19,0.188,/vs/ink-vs-art,0.255,0.265,0.45,0.068
vs,zh,/vs/art-vs-studio,.art vs .studio,971,770,1089,44,44,0,3,3,0.241,0.224,/vs/ink-vs-art,0.298,0.309,0.45,0.1
vs,en,/vs/asia-vs-global,.asia vs .global,811,656,3652,49,49,0,3,3,0.226,0.216,/vs/sg-vs-asia,0.193,0.219,0.4,0.122
vs,zh,/vs/asia-vs-global,.asia vs .global,1281,1078,1590,50,50,0,3,3,0.253,0.242,/vs/sg-vs-asia,0.228,0.277,0.391,0.125
vs,en,/vs/associates-vs-partners,.associates vs .partners,759,614,3538,47,47,0,3,3,0.18,0.171,/vs/partners-vs-group,0.191,0.205,0.395,0.043
vs,zh,/vs/associates-vs-partners,.associates vs .partners,1163,974,1752,47,47,0,3,3,0.236,0.221,/vs/partners-vs-group,0.23,0.266,0.395,0.053
vs,en,/vs/at-vs-de,.at vs .de,733,575,3023,48,48,0,3,3,0.191,0.289,/vs/ch-vs-de,0.125,0.14,0.244,0.063
vs,zh,/vs/at-vs-de,.at vs .de,1128,924,1348,49,49,0,3,3,0.408,0.354,/vs/ch-vs-de,0.203,0.258,0.37,0.083
vs,en,/vs/attorney-vs-lawyer,.attorney vs .lawyer,725,575,3229,46,45,0.022,3,3,0.169,0.173,/vs/lawyer-vs-legal,0.208,0.214,0.429,0.089
vs,zh,/vs/attorney-vs-lawyer,.attorney vs .lawyer,1170,973,1525,47,46,0.021,3,3,0.209,0.204,/vs/lawyer-vs-legal,0.234,0.26,0.419,0.056
vs,en,/vs/au-vs-com,.au vs .com,695,530,2881,48,48,0,3,3,0.206,0.246,/vs/nz-vs-au,0.213,0.217,0.364,0.063
vs,zh,/vs/au-vs-com,.au vs .com,1104,890,1266,48,48,0,3,3,0.337,0.296,/vs/de-vs-com,0.24,0.261,0.409,0.059
vs,en,/vs/auction-vs-market,.auction vs .market,760,606,3490,48,48,0,3,3,0.18,0.168,/vs/market-vs-exchange,0.207,0.219,0.409,0.083
vs,zh,/vs/auction-vs-market,.auction vs .market,1213,1007,1581,48,48,0,3,3,0.213,0.194,/vs/market-vs-exchange,0.238,0.274,0.409,0.079
vs,en,/vs/audio-vs-fm,.audio vs .fm,728,608,3145,50,50,0,3,3,0.189,0.196,/vs/band-vs-fm,0.207,0.221,0.391,0.08
vs,zh,/vs/audio-vs-fm,.audio vs .fm,1116,949,1408,49,49,0,3,3,0.247,0.227,/vs/band-vs-fm,0.236,0.246,0.4,0.054
vs,en,/vs/autos-vs-repair,.autos vs .repair,784,622,3396,52,52,0,3,3,0.204,0.197,/vs/parts-vs-repair,0.198,0.22,0.375,0.077
vs,zh,/vs/autos-vs-repair,.autos vs .repair,1204,992,1512,49,49,0,3,3,0.315,0.291,/vs/tires-vs-autos,0.232,0.257,0.4,0.051
vs,en,/vs/baby-vs-store,.baby vs .store,686,518,2790,45,45,0,3,3,0.172,0.174,/vs/express-vs-store,0.237,0.266,0.439,0.089
vs,zh,/vs/baby-vs-store,.baby vs .store,1051,831,1190,45,45,0,3,3,0.241,0.22,/vs/kids-vs-baby,0.288,0.315,0.439,0.088
vs,en,/vs/band-vs-fm,.band vs .fm,621,499,2566,45,45,0,3,3,0.222,0.208,/vs/fm-vs-tv,0.245,0.264,0.439,0.067
vs,zh,/vs/band-vs-fm,.band vs .fm,949,779,1120,44,44,0,3,3,0.261,0.238,/vs/fm-vs-tv,0.286,0.297,0.45,0.097
vs,en,/vs/bar-vs-cafe,.bar vs .cafe,813,644,3369,51,51,0,3,3,0.156,0.159,/vs/restaurant-vs-cafe,0.18,0.183,0.383,0.059
vs,zh,/vs/bar-vs-cafe,.bar vs .cafe,1328,1107,1564,55,55,0,3,3,0.208,0.191,/vs/wine-vs-bar,0.189,0.207,0.353,0.07
vs,en,/vs/bargains-vs-deals,.bargains vs .deals,764,614,3423,50,50,0,3,3,0.188,0.171,/vs/deals-vs-coupons,0.191,0.202,0.391,0.1
vs,zh,/vs/bargains-vs-deals,.bargains vs .deals,1170,971,1553,48,48,0,3,3,0.257,0.244,/vs/deals-vs-coupons,0.232,0.264,0.409,0.053
vs,en,/vs/basketball-vs-team,.basketball vs .team,723,564,3066,45,45,0,3,3,0.248,0.214,/vs/hockey-vs-team,0.216,0.259,0.439,0.133
vs,zh,/vs/basketball-vs-team,.basketball vs .team,1141,927,1510,47,47,0,3,3,0.259,0.235,/vs/hockey-vs-team,0.253,0.299,0.419,0.135
vs,en,/vs/be-vs-nl,.be vs .nl,747,601,3179,48,48,0,3,3,0.204,0.26,/vs/nl-vs-de,0.165,0.196,0.356,0.063
vs,zh,/vs/be-vs-nl,.be vs .nl,1143,951,1395,49,49,0,3,3,0.36,0.341,/vs/nl-vs-de,0.193,0.249,0.37,0.081
vs,en,/vs/beauty-vs-salon,.beauty vs .salon,734,574,2972,50,50,0,3,3,0.203,0.196,/vs/salon-vs-studio,0.211,0.237,0.391,0.14
vs,zh,/vs/beauty-vs-salon,.beauty vs .salon,1113,902,1346,49,49,0,3,3,0.251,0.229,/vs/salon-vs-studio,0.26,0.292,0.4,0.056
vs,en,/vs/beer-vs-pub,.beer vs .pub,744,597,3140,48,48,0,3,3,0.197,0.188,/vs/pub-vs-bar,0.209,0.233,0.409,0.167
vs,zh,/vs/beer-vs-pub,.beer vs .pub,1166,970,1464,49,49,0,3,3,0.272,0.252,/vs/pub-vs-bar,0.24,0.28,0.4,0.081
vs,en,/vs/berlin-vs-city,.berlin vs .city,750,583,3109,47,47,0,3,3,0.222,0.22,/vs/amsterdam-vs-berlin,0.21,0.235,0.409,0.128
vs,zh,/vs/berlin-vs-city,.berlin vs .city,1182,965,1446,48,48,0,3,3,0.282,0.259,/vs/amsterdam-vs-berlin,0.244,0.288,0.4,0.132
vs,en,/vs/bet-vs-poker,.bet vs .poker,793,637,3385,49,49,0,3,3,0.215,0.201,/vs/poker-vs-games,0.192,0.208,0.4,0.061
vs,zh,/vs/bet-vs-poker,.bet vs .poker,1234,1028,1510,49,49,0,3,3,0.28,0.257,/vs/poker-vs-games,0.222,0.251,0.4,0.056
vs,en,/vs/bike-vs-fitness,.bike vs .fitness,731,572,2960,49,49,0,3,3,0.177,0.17,/vs/fitness-vs-coach,0.218,0.241,0.4,0.163
vs,zh,/vs/bike-vs-fitness,.bike vs .fitness,1112,906,1370,48,48,0,3,3,0.222,0.212,/vs/fitness-vs-coach,0.261,0.291,0.409,0.059
vs,en,/vs/bio-vs-me,.bio vs .me,667,503,2595,46,46,0,3,3,0.237,0.223,/vs/pink-vs-me,0.196,0.205,0.357,0.067
vs,zh,/vs/bio-vs-me,.bio vs .me,1100,884,1268,46,46,0,3,3,0.226,0.215,/vs/blog-vs-me,0.25,0.258,0.429,0.091
vs,en,/vs/biz-vs-com,.biz vs .com,696,526,2622,46,46,0,3,3,0.187,0.18,/vs/cc-vs-com,0.22,0.246,0.381,0.065
vs,zh,/vs/biz-vs-com,.biz vs .com,1051,831,1169,47,47,0,3,3,0.233,0.218,/vs/cc-vs-com,0.274,0.292,0.419,0.063
vs,en,/vs/black-vs-gold,.black vs .gold,622,477,2591,44,44,0,3,3,0.154,0.118,/vs/cash-vs-money,0.24,0.259,0.425,0.068
vs,zh,/vs/black-vs-gold,.black vs .gold,1054,865,1231,46,46,0,3,3,0.188,0.173,/vs/gold-vs-vip,0.256,0.265,0.405,0.077
vs,en,/vs/blog-vs-com,.blog vs .com,834,667,3443,49,49,0,3,3,0.135,0.155,/vs/biz-vs-com,0.17,0.181,0.356,0.082
vs,zh,/vs/blog-vs-com,.blog vs .com,1259,1041,1553,51,51,0,3,3,0.227,0.223,/vs/blog-vs-me,0.197,0.203,0.383,0.073
vs,en,/vs/blog-vs-me,.blog vs .me,694,528,2825,45,45,0,3,3,0.233,0.226,/vs/pink-vs-me,0.187,0.193,0.366,0.089
vs,zh,/vs/blog-vs-me,.blog vs .me,1020,800,1213,45,45,0,3,3,0.252,0.239,/vs/pink-vs-me,0.27,0.28,0.439,0.088
vs,en,/vs/blue-vs-red,.blue vs .red,625,478,2523,44,44,0,3,3,0.158,0.122,/vs/estate-vs-land,0.261,0.271,0.45,0.068
vs,zh,/vs/blue-vs-red,.blue vs .red,961,767,1100,45,45,0,3,3,0.192,0.163,/vs/kitchen-vs-restaurant,0.301,0.33,0.439,0.059
vs,en,/vs/boats-vs-travel,.boats vs .travel,791,622,3415,50,50,0,3,3,0.195,0.185,/vs/travel-vs-tours,0.195,0.215,0.391,0.1
vs,zh,/vs/boats-vs-travel,.boats vs .travel,1256,1034,1535,49,49,0,3,3,0.224,0.219,/vs/cruises-vs-travel,0.235,0.256,0.4,0.053
vs,en,/vs/bond-vs-finance,.bond vs .finance,775,642,3600,48,48,0,3,3,0.153,0.146,/vs/credit-vs-finance,0.177,0.211,0.386,0.104
vs,zh,/vs/bond-vs-finance,.bond vs .finance,1276,1099,1637,49,49,0,3,3,0.21,0.203,/vs/fund-vs-finance,0.209,0.256,0.378,0.14
vs,en,/vs/boston-vs-city,.boston vs .city,815,652,3658,51,51,0,3,3,0.18,0.156,/vs/berlin-vs-city,0.197,0.222,0.383,0.078
vs,zh,/vs/boston-vs-city,.boston vs .city,1335,1124,1663,52,52,0,3,3,0.235,0.222,/vs/berlin-vs-city,0.215,0.265,0.375,0.091
vs,en,/vs/boutique-vs-shop,.boutique vs .shop,963,794,4233,58,58,0,3,3,0.134,0.133,/vs/shop-vs-store,0.146,0.15,0.333,0.086
vs,zh,/vs/boutique-vs-shop,.boutique vs .shop,1439,1218,1768,60,60,0,3,3,0.184,0.175,/vs/sale-vs-shop,0.18,0.198,0.321,0.083
vs,en,/vs/br-vs-mx,.br vs .mx,801,649,3471,48,48,0,3,3,0.296,0.299,/vs/cl-vs-mx,0.152,0.174,0.356,0.063
vs,zh,/vs/br-vs-mx,.br vs .mx,1218,1020,1521,46,46,0,3,3,0.381,0.352,/vs/cl-vs-mx,0.182,0.224,0.395,0.118
vs,en,/vs/br-vs-pt,.br vs .pt,756,609,3244,49,49,0,3,3,0.278,0.272,/vs/br-vs-mx,0.157,0.181,0.333,0.102
vs,zh,/vs/br-vs-pt,.br vs .pt,1159,964,1392,46,46,0,3,3,0.353,0.333,/vs/br-vs-mx,0.18,0.221,0.381,0.125
vs,en,/vs/builders-vs-construction,.builders vs .construction,658,508,2963,47,47,0,3,3,0.169,0.171,/vs/contractors-vs-construction,0.242,0.281,0.419,0.106
vs,zh,/vs/builders-vs-construction,.builders vs .construction,1026,825,1399,46,46,0,3,3,0.199,0.2,/vs/properties-vs-estate,0.274,0.3,0.429,0.086
vs,en,/vs/business-vs-company,.business vs .company,751,601,3231,46,46,0,3,3,0.187,0.182,/vs/company-vs-group,0.208,0.224,0.429,0.13
vs,zh,/vs/business-vs-company,.business vs .company,1167,971,1594,48,48,0,3,3,0.245,0.231,/vs/company-vs-group,0.241,0.277,0.409,0.098
vs,en,/vs/buzz-vs-promo,.buzz vs .promo,817,666,3559,50,50,0,3,3,0.176,0.165,/vs/promo-vs-shop,0.188,0.232,0.391,0.14
vs,zh,/vs/buzz-vs-promo,.buzz vs .promo,1290,1090,1607,50,50,0,3,3,0.235,0.218,/vs/promo-vs-shop,0.223,0.266,0.391,0.146
vs,en,/vs/ca-vs-us,.ca vs .us,734,586,3135,43,43,0,3,3,0.143,0.151,/vs/nyc-vs-us,0.177,0.189,0.41,0.07
vs,zh,/vs/ca-vs-us,.ca vs .us,1159,967,1344,45,45,0,3,3,0.209,0.192,/vs/nyc-vs-us,0.212,0.238,0.415,0.065
vs,en,/vs/cafe-vs-shop,.cafe vs .shop,836,665,3444,53,53,0,3,3,0.147,0.151,/vs/restaurant-vs-cafe,0.174,0.178,0.367,0.057
vs,zh,/vs/cafe-vs-shop,.cafe vs .shop,1266,1045,1478,56,56,0,3,3,0.188,0.171,/vs/coffee-vs-cafe,0.205,0.226,0.346,0.043
vs,en,/vs/camera-vs-photography,.camera vs .photography,672,540,3136,48,48,0,3,3,0.192,0.175,/vs/photography-vs-photos,0.232,0.254,0.409,0.083
vs,zh,/vs/camera-vs-photography,.camera vs .photography,1080,902,1539,49,49,0,3,3,0.225,0.207,/vs/photography-vs-photos,0.253,0.288,0.4,0.07
vs,en,/vs/camp-vs-courses,.camp vs .courses,730,582,3310,48,48,0,3,3,0.166,0.165,/vs/study-vs-courses,0.189,0.21,0.386,0.042
vs,zh,/vs/camp-vs-courses,.camp vs .courses,1187,995,1551,48,48,0,3,3,0.221,0.21,/vs/courses-vs-academy,0.211,0.243,0.386,0.051
vs,en,/vs/capital-vs-fund,.capital vs .fund,667,540,2808,45,45,0,3,3,0.219,0.225,/vs/ventures-vs-capital,0.213,0.244,0.415,0.089
vs,zh,/vs/capital-vs-fund,.capital vs .fund,1012,841,1324,45,45,0,3,3,0.281,0.26,/vs/investments-vs-fund,0.258,0.294,0.415,0.063
vs,en,/vs/care-vs-doctor,.care vs .doctor,656,492,2739,45,45,0,3,3,0.218,0.206,/vs/clinic-vs-care,0.253,0.265,0.439,0.178
vs,zh,/vs/care-vs-doctor,.care vs .doctor,1040,827,1229,45,45,0,3,3,0.361,0.325,/vs/clinic-vs-care,0.277,0.291,0.439,0.091
vs,en,/vs/careers-vs-work,.careers vs .work,758,609,3390,49,49,0,3,3,0.181,0.167,/vs/work-vs-works,0.207,0.227,0.4,0.143
vs,zh,/vs/careers-vs-work,.careers vs .work,1214,1015,1539,48,48,0,3,3,0.217,0.202,/vs/work-vs-works,0.24,0.281,0.409,0.056
vs,en,/vs/casa-vs-house,.casa vs .house,820,664,3756,50,50,0,3,3,0.188,0.172,/vs/house-vs-style,0.19,0.215,0.391,0.12
vs,zh,/vs/casa-vs-house,.casa vs .house,1281,1079,1639,50,50,0,3,3,0.215,0.201,/vs/house-vs-estate,0.225,0.27,0.391,0.05
vs,en,/vs/cash-vs-money,.cash vs .money,588,464,2554,45,45,0,3,3,0.21,0.209,/vs/money-vs-finance,0.254,0.274,0.415,0.044
vs,zh,/vs/cash-vs-money,.cash vs .money,935,767,1165,45,45,0,3,3,0.252,0.232,/vs/money-vs-finance,0.29,0.306,0.415,0.088
vs,en,/vs/casino-vs-bet,.casino vs .bet,801,644,3437,48,48,0,3,3,0.193,0.169,/vs/bet-vs-poker,0.183,0.197,0.409,0.063
vs,zh,/vs/casino-vs-bet,.casino vs .bet,1253,1046,1554,48,48,0,3,3,0.235,0.214,/vs/bet-vs-poker,0.217,0.246,0.409,0.054
vs,en,/vs/catering-vs-restaurant,.catering vs .restaurant,739,575,3192,49,49,0,3,3,0.168,0.166,/vs/menu-vs-restaurant,0.219,0.233,0.4,0.122
vs,zh,/vs/catering-vs-restaurant,.catering vs .restaurant,1139,926,1502,48,48,0,3,3,0.212,0.208,/vs/restaurant-vs-cafe,0.275,0.293,0.409,0.081
vs,en,/vs/cc-vs-com,.cc vs .com,678,513,2490,43,43,0,3,3,0.187,0.18,/vs/biz-vs-com,0.226,0.23,0.41,0.07
vs,zh,/vs/cc-vs-com,.cc vs .com,999,785,1091,43,43,0,3,3,0.233,0.218,/vs/biz-vs-com,0.277,0.282,0.462,0.065
vs,en,/vs/cc-vs-tv,.cc vs .tv,797,645,3224,47,47,0,3,3,0.151,0.165,/vs/fm-vs-tv,0.185,0.191,0.419,0.064
vs,zh,/vs/cc-vs-tv,.cc vs .tv,1204,1002,1403,48,48,0,3,3,0.223,0.208,/vs/live-vs-tv,0.209,0.218,0.409,0.054
vs,en,/vs/center-vs-club,.center vs .club,821,654,3541,53,53,0,3,3,0.157,0.147,/vs/support-vs-center,0.182,0.184,0.367,0.094
vs,zh,/vs/center-vs-club,.center vs .club,1233,1012,1522,56,56,0,3,3,0.194,0.179,/vs/support-vs-center,0.207,0.226,0.346,0.048
vs,en,/vs/ch-vs-de,.ch vs .de,781,623,3261,49,49,0,3,3,0.212,0.289,/vs/nl-vs-de,0.115,0.131,0.261,0.082
vs,zh,/vs/ch-vs-de,.ch vs .de,1186,982,1400,49,49,0,3,3,0.408,0.354,/vs/at-vs-de,0.193,0.246,0.37,0.125
vs,en,/vs/chat-vs-app,.chat vs .app,895,730,3846,56,56,0,3,3,0.151,0.145,/vs/tools-vs-app,0.16,0.162,0.346,0.089
vs,zh,/vs/chat-vs-app,.chat vs .app,1322,1107,1666,56,56,0,3,3,0.187,0.166,/vs/tools-vs-app,0.183,0.202,0.346,0.067
vs,en,/vs/cheap-vs-discount,.cheap vs .discount,741,589,3242,48,48,0,3,3,0.188,0.175,/vs/discount-vs-sale,0.203,0.216,0.409,0.063
vs,zh,/vs/cheap-vs-discount,.cheap vs .discount,1125,921,1504,48,48,0,3,3,0.25,0.233,/vs/discount-vs-sale,0.238,0.267,0.409,0.049
vs,en,/vs/church-vs-community,.church vs .community,731,581,3355,49,49,0,3,3,0.173,0.172,/vs/community-vs-club,0.22,0.241,0.4,0.122
vs,zh,/vs/church-vs-community,.church vs .community,1142,946,1493,48,48,0,3,3,0.242,0.232,/vs/forum-vs-community,0.262,0.278,0.409,0.054
vs,en,/vs/city-vs-world,.city vs .world,823,652,3399,52,52,0,3,3,0.135,0.127,/vs/earth-vs-world,0.183,0.195,0.375,0.077
vs,zh,/vs/city-vs-world,.city vs .world,1257,1036,1483,55,55,0,3,3,0.172,0.159,/vs/town-vs-city,0.208,0.23,0.353,0.043
vs,en,/vs/cl-vs-mx,.cl vs .mx,781,626,3413,51,51,0,3,3,0.296,0.299,/vs/br-vs-mx,0.165,0.188,0.354,0.059
vs,zh,/vs/cl-vs-mx,.cl vs .mx,1249,1048,1502,47,47,0,3,3,0.381,0.352,/vs/br-vs-mx,0.179,0.224,0.386,0.118
vs,en,/vs/cleaning-vs-services,.cleaning vs .services,744,586,3299,49,49,0,3,3,0.183,0.185,/vs/solutions-vs-services,0.221,0.234,0.4,0.102
vs,zh,/vs/cleaning-vs-services,.cleaning vs .services,1173,966,1544,48,48,0,3,3,0.214,0.203,/vs/repair-vs-services,0.257,0.275,0.409,0.077
vs,en,/vs/click-vs-link,.click vs .link,594,465,2472,42,42,0,3,3,0.181,0.174,/vs/link-vs-cc,0.257,0.269,0.474,0.071
vs,zh,/vs/click-vs-link,.click vs .link,916,740,1137,43,43,0,3,3,0.224,0.213,/vs/link-vs-cc,0.304,0.314,0.462,0.059
vs,en,/vs/clinic-vs-care,.clinic vs .care,675,506,2675,47,47,0,3,3,0.218,0.206,/vs/care-vs-doctor,0.239,0.253,0.419,0.085
vs,zh,/vs/clinic-vs-care,.clinic vs .care,1042,822,1242,47,47,0,3,3,0.361,0.325,/vs/care-vs-doctor,0.277,0.292,0.419,0.086
vs,en,/vs/clothing-vs-fashion,.clothing vs .fashion,689,551,3103,47,47,0,3,3,0.211,0.213,/vs/moda-vs-fashion,0.229,0.247,0.419,0.17
vs,zh,/vs/clothing-vs-fashion,.clothing vs .fashion,1079,892,1466,48,48,0,3,3,0.267,0.258,/vs/moda-vs-fashion,0.269,0.318,0.409,0.081
vs,en,/vs/cloud-vs-online,.cloud vs .online,728,564,2949,49,49,0,3,3,0.19,0.195,/vs/cloud-vs-tech,0.219,0.224,0.4,0.061
vs,zh,/vs/cloud-vs-online,.cloud vs .online,1112,900,1425,49,49,0,3,3,0.235,0.223,/vs/live-vs-online,0.239,0.249,0.4,0.047
vs,en,/vs/cloud-vs-tech,.cloud vs .tech,704,541,2850,44,44,0,3,3,0.19,0.189,/vs/cloud-vs-online,0.229,0.233,0.45,0.068
vs,zh,/vs/cloud-vs-tech,.cloud vs .tech,1077,865,1390,49,49,0,3,3,0.231,0.223,/vs/cloud-vs-online,0.244,0.25,0.4,0.049
vs,en,/vs/club-vs-gg,.club vs .gg,722,555,2842,46,46,0,3,3,0.215,0.199,/vs/gg-vs-tv,0.218,0.226,0.429,0.065
vs,zh,/vs/club-vs-gg,.club vs .gg,1119,898,1340,48,48,0,3,3,0.224,0.206,/vs/gg-vs-tv,0.234,0.244,0.409,0.051
vs,en,/vs/cn-vs-top,.cn vs .top,845,679,3554,51,51,0,3,3,0.158,0.154,/vs/com-vs-cn,0.147,0.165,0.354,0.078
vs,zh,/vs/cn-vs-top,.cn vs .top,1325,1106,1382,51,51,0,3,3,0.212,0.185,/vs/com-vs-cn,0.195,0.221,0.375,0.079
vs,en,/vs/co-vs-me,.co vs .me,733,586,2970,44,44,0,3,3,0.196,0.221,/vs/com-vs-me,0.137,0.144,0.25,0.068
vs,zh,/vs/co-vs-me,.co vs .me,1131,931,1402,47,47,0,3,3,0.31,0.28,/vs/pro-vs-co,0.223,0.233,0.419,0.056
vs,en,/vs/coach-vs-expert,.coach vs .expert,858,690,3900,53,53,0,3,3,0.157,0.146,/vs/fitness-vs-coach,0.17,0.171,0.367,0.113
vs,zh,/vs/coach-vs-expert,.coach vs .expert,1374,1151,1698,55,55,0,3,3,0.197,0.183,/vs/academy-vs-coach,0.194,0.211,0.353,0.048
vs,en,/vs/codes-vs-dev,.codes vs .dev,813,649,3684,51,51,0,3,3,0.149,0.146,/vs/ninja-vs-dev,0.177,0.177,0.383,0.059
vs,zh,/vs/codes-vs-dev,.codes vs .dev,1358,1141,1744,54,54,0,3,3,0.202,0.191,/vs/ninja-vs-dev,0.183,0.204,0.36,0.065
vs,en,/vs/coffee-vs-cafe,.coffee vs .cafe,695,529,2715,47,47,0,3,3,0.193,0.191,/vs/restaurant-vs-cafe,0.235,0.262,0.419,0.106
vs,zh,/vs/coffee-vs-cafe,.coffee vs .cafe,1039,825,1244,48,48,0,3,3,0.285,0.263,/vs/farm-vs-cafe,0.284,0.321,0.409,0.088
vs,en,/vs/college-vs-academy,.college vs .academy,770,609,3565,50,50,0,3,3,0.164,0.153,/vs/courses-vs-academy,0.199,0.224,0.391,0.1
vs,zh,/vs/college-vs-academy,.college vs .academy,1245,1035,1625,50,50,0,3,3,0.211,0.202,/vs/university-vs-education,0.233,0.269,0.391,0.056
vs,en,/vs/com-vs-ai,.com vs .ai,767,601,2893,48,48,0,3,3,0.182,0.183,/vs/ai-vs-dev,0.166,0.17,0.318,0.063
vs,zh,/vs/com-vs-ai,.com vs .ai,1134,916,1277,50,50,0,3,3,0.238,0.218,/vs/ai-vs-dev,0.227,0.246,0.348,0.051
vs,en,/vs/com-vs-app,.com vs .app,762,596,2986,46,46,0,3,3,0.195,0.189,/vs/com-vs-dev,0.197,0.205,0.381,0.065
vs,zh,/vs/com-vs-app,.com vs .app,1135,917,1365,47,47,0,3,3,0.246,0.223,/vs/com-vs-dev,0.226,0.237,0.419,0.054
vs,en,/vs/com-vs-cn,.com vs .cn,735,567,2990,47,47,0,3,3,0.174,0.174,/vs/jp-vs-cn,0.193,0.213,0.341,0.085
vs,zh,/vs/com-vs-cn,.com vs .cn,1150,929,1227,48,48,0,3,3,0.226,0.204,/vs/wang-vs-cn,0.247,0.267,0.4,0.083
vs,en,/vs/com-vs-co,.com vs .co,789,641,3240,52,52,0,3,3,0.132,0.143,/vs/org-vs-co,0.148,0.155,0.25,0.058
vs,zh,/vs/com-vs-co,.com vs .co,1238,1038,1463,52,52,0,3,3,0.208,0.211,/vs/io-vs-co,0.202,0.211,0.375,0.05
vs,en,/vs/com-vs-dev,.com vs .dev,729,563,2936,47,47,0,3,3,0.195,0.171,/vs/com-vs-app,0.208,0.212,0.372,0.064
vs,zh,/vs/com-vs-dev,.com vs .dev,1098,880,1405,47,47,0,3,3,0.246,0.219,/vs/com-vs-app,0.225,0.235,0.419,0.054
vs,en,/vs/com-vs-io,.com vs .io,729,563,2825,47,47,0,3,3,0.184,0.199,/vs/app-vs-io,0.204,0.208,0.372,0.064
vs,zh,/vs/com-vs-io,.com vs .io,1106,888,1285,45,45,0,3,3,0.251,0.23,/vs/app-vs-io,0.239,0.247,0.439,0.059
vs,en,/vs/com-vs-me,.com vs .me,709,561,2867,43,43,0,3,3,0.223,0.221,/vs/pink-vs-me,0.168,0.176,0.333,0.07
vs,zh,/vs/com-vs-me,.com vs .me,1107,909,1313,46,46,0,3,3,0.238,0.235,/vs/co-vs-me,0.23,0.238,0.429,0.057
vs,en,/vs/com-vs-net,.com vs .net,700,551,2796,46,46,0,3,3,0.158,0.158,/vs/biz-vs-com,0.214,0.225,0.381,0.065
vs,zh,/vs/com-vs-net,.com vs .net,1056,857,1209,44,44,0,3,3,0.208,0.189,/vs/biz-vs-com,0.265,0.274,0.45,0.059
vs,en,/vs/com-vs-org,.com vs .org,795,647,3429,49,49,0,3,3,0.171,0.183,/vs/net-vs-org,0.175,0.182,0.356,0.061
vs,zh,/vs/com-vs-org,.com vs .org,1181,981,1428,48,48,0,3,3,0.211,0.201,/vs/net-vs-org,0.207,0.225,0.409,0.053
vs,en,/vs/com-vs-top,.com vs .top,650,503,2753,43,43,0,3,3,0.189,0.193,/vs/xyz-vs-top,0.216,0.227,0.41,0.07
vs,zh,/vs/com-vs-top,.com vs .top,1053,857,1114,43,43,0,3,3,0.263,0.242,/vs/xyz-vs-top,0.274,0.284,0.462,0.069
vs,en,/vs/com-vs-travel,.com vs .travel,910,743,3937,52,52,0,3,3,0.159,0.155,/vs/travel-vs-tours,0.153,0.156,0.333,0.077
vs,zh,/vs/com-vs-travel,.com vs .travel,1429,1212,1698,53,53,0,3,3,0.198,0.189,/vs/travel-vs-tours,0.18,0.195,0.367,0.068
vs,en,/vs/com-vs-xyz,.com vs .xyz,684,535,2700,46,46,0,3,3,0.159,0.163,/vs/icu-vs-xyz,0.213,0.224,0.381,0.065
vs,zh,/vs/com-vs-xyz,.com vs .xyz,1076,877,1256,48,48,0,3,3,0.217,0.206,/vs/xyz-vs-top,0.241,0.248,0.409,0.053
vs,en,/vs/community-vs-club,.community vs .club,679,512,2858,48,48,0,3,3,0.173,0.172,/vs/church-vs-community,0.234,0.256,0.409,0.063
vs,zh,/vs/community-vs-club,.community vs .club,1069,848,1344,47,47,0,3,3,0.207,0.197,/vs/church-vs-community,0.269,0.299,0.419,0.056
vs,en,/vs/company-vs-group,.company vs .group,673,514,2818,43,43,0,3,3,0.187,0.182,/vs/business-vs-company,0.237,0.243,0.462,0.07
vs,zh,/vs/company-vs-group,.company vs .group,1052,847,1318,44,44,0,3,3,0.245,0.231,/vs/business-vs-company,0.269,0.284,0.45,0.081
vs,en,/vs/computer-vs-tech,.computer vs .tech,688,525,2927,48,48,0,3,3,0.176,0.158,/vs/technology-vs-tech,0.229,0.251,0.409,0.125
vs,zh,/vs/computer-vs-tech,.computer vs .tech,1082,870,1339,48,48,0,3,3,0.21,0.196,/vs/technology-vs-tech,0.272,0.292,0.409,0.108
vs,en,/vs/condos-vs-apartments,.condos vs .apartments,764,638,3673,49,49,0,3,3,0.176,0.164,/vs/apartments-vs-house,0.194,0.214,0.4,0.102
vs,zh,/vs/condos-vs-apartments,.condos vs .apartments,1224,1052,1706,50,50,0,3,3,0.247,0.232,/vs/apartments-vs-rentals,0.229,0.274,0.391,0.1
vs,en,/vs/consulting-vs-expert,.consulting vs .expert,665,504,2853,46,46,0,3,3,0.185,0.181,/vs/guru-vs-expert,0.241,0.267,0.429,0.087
vs,zh,/vs/consulting-vs-expert,.consulting vs .expert,1029,820,1334,47,47,0,3,3,0.245,0.237,/vs/guru-vs-expert,0.273,0.305,0.419,0.057
vs,en,/vs/contractors-vs-construction,.contractors vs .construction,752,601,3611,50,50,0,3,3,0.169,0.171,/vs/builders-vs-construction,0.205,0.223,0.391,0.08
vs,zh,/vs/contractors-vs-construction,.contractors vs .construction,1199,992,1813,48,48,0,3,3,0.196,0.2,/vs/builders-vs-construction,0.235,0.271,0.409,0.051
vs,en,/vs/cooking-vs-recipes,.cooking vs .recipes,728,581,3309,47,47,0,3,3,0.173,0.169,/vs/recipes-vs-menu,0.217,0.225,0.419,0.149
vs,zh,/vs/cooking-vs-recipes,.cooking vs .recipes,1123,930,1563,48,48,0,3,3,0.233,0.213,/vs/recipes-vs-menu,0.237,0.287,0.409,0.051
vs,en,/vs/cool-vs-fun,.cool vs .fun,853,685,3662,51,51,0,3,3,0.157,0.151,/vs/moe-vs-fun,0.172,0.176,0.383,0.078
vs,zh,/vs/cool-vs-fun,.cool vs .fun,1283,1062,1532,56,56,0,3,3,0.202,0.197,/vs/rocks-vs-fun,0.199,0.217,0.346,0.051
vs,en,/vs/courses-vs-academy,.courses vs .academy,734,567,3286,51,51,0,3,3,0.208,0.199,/vs/study-vs-courses,0.222,0.237,0.383,0.14
vs,zh,/vs/courses-vs-academy,.courses vs .academy,1186,970,1522,48,48,0,3,3,0.275,0.257,/vs/study-vs-courses,0.264,0.277,0.409,0.079
vs,en,/vs/credit-vs-finance,.credit vs .finance,630,497,2718,45,45,0,3,3,0.203,0.191,/vs/fund-vs-finance,0.249,0.269,0.415,0.133
vs,zh,/vs/credit-vs-finance,.credit vs .finance,1005,828,1322,45,45,0,3,3,0.258,0.24,/vs/fund-vs-finance,0.278,0.312,0.415,0.083
vs,en,/vs/cricket-vs-club,.cricket vs .club,768,601,3315,47,47,0,3,3,0.244,0.218,/vs/golf-vs-club,0.205,0.226,0.419,0.128
vs,zh,/vs/cricket-vs-club,.cricket vs .club,1208,987,1455,48,48,0,3,3,0.295,0.264,/vs/golf-vs-club,0.242,0.269,0.409,0.108
vs,en,/vs/cruises-vs-travel,.cruises vs .travel,764,597,3478,48,48,0,3,3,0.198,0.184,/vs/travel-vs-tours,0.201,0.218,0.409,0.125
vs,zh,/vs/cruises-vs-travel,.cruises vs .travel,1199,979,1546,48,48,0,3,3,0.239,0.222,/vs/travel-vs-tours,0.24,0.275,0.409,0.079
vs,en,/vs/cyou-vs-fun,.cyou vs .fun,831,665,3386,48,48,0,3,3,0.198,0.191,/vs/quest-vs-fun,0.178,0.199,0.409,0.125
vs,zh,/vs/cyou-vs-fun,.cyou vs .fun,1284,1066,1499,49,49,0,3,3,0.246,0.233,/vs/quest-vs-fun,0.24,0.269,0.4,0.139
vs,en,/vs/cz-vs-pl,.cz vs .pl,780,621,3296,49,49,0,3,3,0.314,0.331,/vs/ro-vs-pl,0.164,0.187,0.356,0.102
vs,zh,/vs/cz-vs-pl,.cz vs .pl,1172,965,1374,45,45,0,3,3,0.4,0.357,/vs/ro-vs-pl,0.184,0.236,0.39,0.129
vs,en,/vs/dad-vs-blog,.dad vs .blog,699,543,2778,46,46,0,3,3,0.261,0.24,/vs/reviews-vs-blog,0.223,0.246,0.429,0.13
vs,zh,/vs/dad-vs-blog,.dad vs .blog,1037,835,1274,46,46,0,3,3,0.338,0.31,/vs/reviews-vs-blog,0.261,0.29,0.429,0.118
vs,en,/vs/dance-vs-studio,.dance vs .studio,712,546,2938,45,45,0,3,3,0.201,0.168,/vs/golf-vs-club,0.223,0.255,0.439,0.089
vs,zh,/vs/dance-vs-studio,.dance vs .studio,1112,894,1307,45,45,0,3,3,0.237,0.221,/vs/salon-vs-studio,0.266,0.294,0.439,0.108
vs,en,/vs/dating-vs-love,.dating vs .love,786,630,3418,48,48,0,3,3,0.24,0.218,/vs/singles-vs-dating,0.194,0.22,0.409,0.167
vs,zh,/vs/dating-vs-love,.dating vs .love,1194,991,1524,49,49,0,3,3,0.289,0.259,/vs/singles-vs-dating,0.242,0.279,0.4,0.103
vs,en,/vs/day-vs-life,.day vs .life,819,656,3405,50,50,0,3,3,0.264,0.261,/vs/day-vs-today,0.188,0.214,0.391,0.1
vs,zh,/vs/day-vs-life,.day vs .life,1259,1046,1572,51,51,0,3,3,0.34,0.325,/vs/day-vs-today,0.222,0.266,0.383,0.081
vs,en,/vs/day-vs-today,.day vs .today,748,621,3232,48,48,0,3,3,0.264,0.261,/vs/day-vs-life,0.186,0.226,0.386,0.125
vs,zh,/vs/day-vs-today,.day vs .today,1153,982,1569,49,49,0,3,3,0.34,0.325,/vs/day-vs-life,0.223,0.278,0.378,0.083
vs,en,/vs/de-vs-com,.de vs .com,689,524,2717,47,47,0,3,3,0.246,0.298,/vs/fr-vs-com,0.169,0.175,0.302,0.064
vs,zh,/vs/de-vs-com,.de vs .com,1079,865,1224,47,47,0,3,3,0.42,0.369,/vs/fr-vs-com,0.246,0.273,0.419,0.065
vs,en,/vs/de-vs-eu,.de vs .eu,789,629,3292,49,49,0,3,3,0.168,0.202,/vs/de-vs-com,0.144,0.16,0.333,0.061
vs,zh,/vs/de-vs-eu,.de vs .eu,1206,1002,1417,50,50,0,3,3,0.289,0.275,/vs/es-vs-eu,0.206,0.244,0.37,0.091
vs,en,/vs/deals-vs-coupons,.deals vs .coupons,778,630,3467,49,49,0,3,3,0.188,0.171,/vs/bargains-vs-deals,0.192,0.203,0.4,0.163
vs,zh,/vs/deals-vs-coupons,.deals vs .coupons,1200,1006,1620,48,48,0,3,3,0.257,0.244,/vs/bargains-vs-deals,0.242,0.28,0.409,0.054
vs,en,/vs/degree-vs-education,.degree vs .education,725,574,3400,49,49,0,3,3,0.17,0.161,/vs/education-vs-academy,0.219,0.232,0.4,0.122
vs,zh,/vs/degree-vs-education,.degree vs .education,1147,951,1532,48,48,0,3,3,0.215,0.2,/vs/education-vs-academy,0.266,0.286,0.409,0.081
vs,en,/vs/delivery-vs-express,.delivery vs .express,740,587,3349,48,48,0,3,3,0.235,0.234,/vs/express-vs-store,0.216,0.238,0.409,0.083
vs,zh,/vs/delivery-vs-express,.delivery vs .express,1128,926,1513,47,47,0,3,3,0.277,0.249,/vs/express-vs-store,0.275,0.301,0.419,0.053
vs,en,/vs/dental-vs-doctor,.dental vs .doctor,647,499,2885,45,45,0,3,3,0.191,0.184,/vs/care-vs-doctor,0.228,0.234,0.415,0.133
vs,zh,/vs/dental-vs-doctor,.dental vs .doctor,1023,831,1238,45,45,0,3,3,0.321,0.301,/vs/care-vs-doctor,0.266,0.276,0.415,0.056
vs,en,/vs/dentist-vs-dental,.dentist vs .dental,719,573,3246,48,48,0,3,3,0.153,0.154,/vs/dental-vs-doctor,0.212,0.216,0.409,0.146
vs,zh,/vs/dentist-vs-dental,.dentist vs .dental,1145,952,1483,49,49,0,3,3,0.205,0.199,/vs/dental-vs-doctor,0.249,0.277,0.409,0.053
vs,en,/vs/dev-vs-tech,.dev vs .tech,822,658,3486,53,53,0,3,3,0.143,0.136,/vs/cloud-vs-tech,0.18,0.186,0.367,0.057
vs,zh,/vs/dev-vs-tech,.dev vs .tech,1251,1034,1549,56,56,0,3,3,0.186,0.173,/vs/cloud-vs-tech,0.198,0.21,0.346,0.043
vs,en,/vs/diamonds-vs-jewelry,.diamonds vs .jewelry,726,581,3341,48,48,0,3,3,0.182,0.173,/vs/jewelry-vs-boutique,0.194,0.21,0.386,0.063
vs,zh,/vs/diamonds-vs-jewelry,.diamonds vs .jewelry,1135,946,1570,48,48,0,3,3,0.227,0.214,/vs/jewelry-vs-boutique,0.228,0.267,0.386,0.051
vs,en,/vs/digital-vs-tech,.digital vs .tech,818,655,3682,54,54,0,3,3,0.143,0.136,/vs/engineering-vs-tech,0.187,0.194,0.36,0.074
vs,zh,/vs/digital-vs-tech,.digital vs .tech,1253,1041,1573,57,57,0,3,3,0.195,0.191,/vs/network-vs-tech,0.213,0.225,0.34,0.064
vs,en,/vs/discount-vs-sale,.discount vs .sale,764,613,3445,48,48,0,3,3,0.188,0.175,/vs/cheap-vs-discount,0.201,0.214,0.409,0.125
vs,zh,/vs/discount-vs-sale,.discount vs .sale,1186,989,1571,48,48,0,3,3,0.25,0.233,/vs/cheap-vs-discount,0.244,0.287,0.409,0.103
vs,en,/vs/dk-vs-se,.dk vs .se,789,636,3373,51,51,0,3,3,0.245,0.241,/vs/fi-vs-se,0.144,0.161,0.277,0.118
vs,zh,/vs/dk-vs-se,.dk vs .se,1223,1022,1447,50,50,0,3,3,0.372,0.336,/vs/fi-vs-se,0.172,0.217,0.348,0.176
vs,en,/vs/dog-vs-pet,.dog vs .pet,675,516,2575,45,45,0,3,3,0.168,0.162,/vs/vet-vs-pet,0.246,0.274,0.439,0.067
vs,zh,/vs/dog-vs-pet,.dog vs .pet,1012,801,1136,45,45,0,3,3,0.218,0.204,/vs/vet-vs-pet,0.288,0.318,0.439,0.069
vs,en,/vs/domains-vs-tools,.domains vs .tools,760,618,3498,49,49,0,3,3,0.153,0.147,/vs/tools-vs-app,0.189,0.218,0.378,0.122
vs,zh,/vs/domains-vs-tools,.domains vs .tools,1201,1015,1566,49,49,0,3,3,0.194,0.172,/vs/graphics-vs-design,0.221,0.265,0.378,0.1
vs,en,/vs/earth-vs-world,.earth vs .world,681,519,2906,46,46,0,3,3,0.193,0.178,/vs/eco-vs-earth,0.233,0.253,0.429,0.065
vs,zh,/vs/earth-vs-world,.earth vs .world,1026,810,1243,45,45,0,3,3,0.24,0.226,/vs/eco-vs-earth,0.274,0.312,0.439,0.061
vs,en,/vs/eco-vs-earth,.eco vs .earth,697,545,3121,45,45,0,3,3,0.215,0.199,/vs/green-vs-eco,0.216,0.232,0.439,0.089
vs,zh,/vs/eco-vs-earth,.eco vs .earth,1094,891,1262,44,44,0,3,3,0.271,0.247,/vs/green-vs-eco,0.255,0.278,0.45,0.121
vs,en,/vs/education-vs-academy,.education vs .academy,709,539,3080,48,48,0,3,3,0.179,0.171,/vs/courses-vs-academy,0.23,0.257,0.409,0.083
vs,zh,/vs/education-vs-academy,.education vs .academy,1098,878,1424,47,47,0,3,3,0.215,0.2,/vs/degree-vs-education,0.262,0.303,0.419,0.051
vs,en,/vs/ee-vs-fi,.ee vs .fi,740,587,3115,51,51,0,3,3,0.292,0.305,/vs/lt-vs-ee,0.143,0.167,0.255,0.098
vs,zh,/vs/ee-vs-fi,.ee vs .fi,1140,939,1410,49,49,0,3,3,0.401,0.371,/vs/lt-vs-ee,0.182,0.219,0.356,0.108
vs,en,/vs/eg-vs-sa,.eg vs .sa,718,568,2994,48,48,0,3,3,0.191,0.197,/vs/ma-vs-eg,0.161,0.186,0.341,0.083
vs,zh,/vs/eg-vs-sa,.eg vs .sa,1081,883,1172,46,46,0,3,3,0.253,0.229,/vs/ma-vs-eg,0.21,0.249,0.381,0.129
vs,en,/vs/email-vs-cloud,.email vs .cloud,782,628,3503,52,52,0,3,3,0.143,0.143,/vs/cloud-vs-tech,0.175,0.187,0.354,0.038
vs,zh,/vs/email-vs-cloud,.email vs .cloud,1235,1037,1524,54,54,0,3,3,0.185,0.184,/vs/email-vs-net,0.193,0.211,0.34,0.041
vs,en,/vs/email-vs-net,.email vs .net,864,708,3814,52,52,0,3,3,0.135,0.135,/vs/info-vs-net,0.168,0.171,0.375,0.058
vs,zh,/vs/email-vs-net,.email vs .net,1347,1146,1655,56,56,0,3,3,0.185,0.184,/vs/email-vs-cloud,0.182,0.194,0.346,0.065
vs,en,/vs/energy-vs-solar,.energy vs .solar,688,536,2950,45,45,0,3,3,0.166,0.157,/vs/lighting-vs-solar,0.233,0.262,0.439,0.133
vs,zh,/vs/energy-vs-solar,.energy vs .solar,1049,846,1293,45,45,0,3,3,0.205,0.191,/vs/repair-vs-services,0.276,0.304,0.439,0.086
vs,en,/vs/engineer-vs-engineering,.engineer vs .engineering,729,579,3387,49,49,0,3,3,0.178,0.169,/vs/engineering-vs-tech,0.225,0.244,0.4,0.143
vs,zh,/vs/engineer-vs-engineering,.engineer vs .engineering,1150,953,1632,49,49,0,3,3,0.214,0.208,/vs/engineering-vs-tech,0.25,0.286,0.4,0.071
vs,en,/vs/engineering-vs-dev,.engineering vs .dev,705,538,3065,46,46,0,3,3,0.197,0.196,/vs/engineering-vs-tech,0.226,0.257,0.429,0.065
vs,zh,/vs/engineering-vs-dev,.engineering vs .dev,1055,834,1407,46,46,0,3,3,0.246,0.245,/vs/engineering-vs-tech,0.255,0.278,0.429,0.057
vs,en,/vs/engineering-vs-tech,.engineering vs .tech,693,525,2978,45,45,0,3,3,0.197,0.196,/vs/engineering-vs-dev,0.238,0.276,0.439,0.089
vs,zh,/vs/engineering-vs-tech,.engineering vs .tech,1047,827,1314,45,45,0,3,3,0.246,0.245,/vs/engineering-vs-dev,0.269,0.293,0.439,0.059
vs,en,/vs/equipment-vs-rentals,.equipment vs .rentals,785,623,3597,51,51,0,3,3,0.179,0.171,/vs/management-vs-consulting,0.199,0.221,0.383,0.078
vs,zh,/vs/equipment-vs-rentals,.equipment vs .rentals,1240,1022,1720,49,49,0,3,3,0.229,0.22,/vs/management-vs-consulting,0.231,0.271,0.4,0.053
vs,en,/vs/es-vs-eu,.es vs .eu,785,633,3392,46,46,0,3,3,0.23,0.338,/vs/pl-vs-eu,0.084,0.11,0.233,0.087
vs,zh,/vs/es-vs-eu,.es vs .eu,1227,1029,1407,48,48,0,3,3,0.419,0.377,/vs/pl-vs-eu,0.193,0.233,0.378,0.114
vs,en,/vs/estate-vs-land,.estate vs .land,605,466,2628,46,46,0,3,3,0.225,0.217,/vs/mortgage-vs-estate,0.271,0.274,0.429,0.087
vs,zh,/vs/estate-vs-land,.estate vs .land,961,773,1178,47,47,0,3,3,0.336,0.301,/vs/mortgage-vs-estate,0.306,0.323,0.419,0.083
vs,en,/vs/events-vs-live,.events vs .live,678,511,2808,46,46,0,3,3,0.157,0.172,/vs/tickets-vs-events,0.189,0.211,0.333,0.109
vs,zh,/vs/events-vs-live,.events vs .live,1062,843,1216,46,46,0,3,3,0.227,0.208,/vs/party-vs-events,0.275,0.307,0.429,0.067
vs,en,/vs/expert-vs-pro,.expert vs .pro,901,735,3865,51,51,0,3,3,0.132,0.134,/vs/law-vs-pro,0.16,0.163,0.383,0.059
vs,zh,/vs/expert-vs-pro,.expert vs .pro,1359,1139,1654,56,56,0,3,3,0.176,0.164,/vs/guru-vs-expert,0.192,0.209,0.346,0.043
vs,en,/vs/express-vs-store,.express vs .store,687,518,2825,47,47,0,3,3,0.235,0.234,/vs/delivery-vs-express,0.238,0.265,0.419,0.128
vs,zh,/vs/express-vs-store,.express vs .store,1012,790,1218,47,47,0,3,3,0.277,0.249,/vs/delivery-vs-express,0.311,0.324,0.419,0.057
vs,en,/vs/family-vs-com,.family vs .com,914,747,4014,54,54,0,3,3,0.145,0.149,/vs/family-vs-life,0.154,0.177,0.32,0.074
vs,zh,/vs/family-vs-com,.family vs .com,1437,1218,1732,56,56,0,3,3,0.182,0.172,/vs/kids-vs-family,0.183,0.207,0.346,0.049
vs,en,/vs/family-vs-life,.family vs .life,729,561,3074,46,46,0,3,3,0.178,0.178,/vs/health-vs-life,0.217,0.254,0.429,0.065
vs,zh,/vs/family-vs-life,.family vs .life,1128,908,1315,45,45,0,3,3,0.231,0.215,/vs/health-vs-life,0.26,0.283,0.439,0.063
vs,en,/vs/fan-vs-club,.fan vs .club,772,605,3202,48,48,0,3,3,0.187,0.182,/vs/fans-vs-fan,0.204,0.235,0.409,0.083
vs,zh,/vs/fan-vs-club,.fan vs .club,1199,977,1405,49,49,0,3,3,0.262,0.244,/vs/fans-vs-fan,0.248,0.299,0.4,0.114
vs,en,/vs/fans-vs-fan,.fans vs .fan,874,725,3698,50,50,0,3,3,0.187,0.182,/vs/fan-vs-club,0.171,0.198,0.391,0.1
vs,zh,/vs/fans-vs-fan,.fans vs .fan,1352,1154,1623,51,51,0,3,3,0.262,0.244,/vs/fan-vs-club,0.212,0.253,0.383,0.122
vs,en,/vs/farm-vs-cafe,.farm vs .cafe,696,527,2748,45,45,0,3,3,0.208,0.201,/vs/restaurant-vs-cafe,0.231,0.235,0.439,0.067
vs,zh,/vs/farm-vs-cafe,.farm vs .cafe,1041,820,1196,47,47,0,3,3,0.294,0.268,/vs/restaurant-vs-cafe,0.294,0.31,0.419,0.083
vs,en,/vs/fashion-vs-style,.fashion vs .style,671,530,2944,49,49,0,3,3,0.253,0.232,/vs/shoes-vs-fashion,0.235,0.263,0.4,0.122
vs,zh,/vs/fashion-vs-style,.fashion vs .style,1057,867,1353,48,48,0,3,3,0.276,0.257,/vs/shoes-vs-fashion,0.273,0.31,0.409,0.057
vs,en,/vs/fi-vs-se,.fi vs .se,815,659,3469,50,50,0,3,3,0.245,0.241,/vs/dk-vs-se,0.114,0.13,0.217,0.1
vs,zh,/vs/fi-vs-se,.fi vs .se,1247,1043,1462,49,49,0,3,3,0.372,0.336,/vs/dk-vs-se,0.17,0.216,0.356,0.143
vs,en,/vs/finance-vs-com,.finance vs .com,819,654,3544,50,50,0,3,3,0.155,0.141,/vs/fund-vs-finance,0.176,0.179,0.348,0.1
vs,zh,/vs/finance-vs-com,.finance vs .com,1282,1068,1579,54,54,0,3,3,0.204,0.19,/vs/fund-vs-finance,0.2,0.214,0.36,0.048
vs,en,/vs/fish-vs-fishing,.fish vs .fishing,767,618,3500,49,49,0,3,3,0.268,0.244,/vs/fishing-vs-boats,0.203,0.228,0.4,0.082
vs,zh,/vs/fish-vs-fishing,.fish vs .fishing,1183,985,1552,49,49,0,3,3,0.345,0.318,/vs/fishing-vs-boats,0.245,0.306,0.4,0.086
vs,en,/vs/fishing-vs-boats,.fishing vs .boats,759,606,3379,49,49,0,3,3,0.268,0.244,/vs/fish-vs-fishing,0.201,0.212,0.4,0.102
vs,zh,/vs/fishing-vs-boats,.fishing vs .boats,1163,960,1548,49,49,0,3,3,0.345,0.318,/vs/fish-vs-fishing,0.233,0.259,0.4,0.056
vs,en,/vs/fit-vs-fitness,.fit vs .fitness,688,529,2793,45,45,0,3,3,0.195,0.186,/vs/fitness-vs-coach,0.228,0.256,0.439,0.067
vs,zh,/vs/fit-vs-fitness,.fit vs .fitness,1086,874,1303,45,45,0,3,3,0.268,0.259,/vs/fitness-vs-coach,0.27,0.295,0.439,0.088
vs,en,/vs/fitness-vs-coach,.fitness vs .coach,678,508,2763,47,47,0,3,3,0.203,0.187,/vs/academy-vs-coach,0.243,0.252,0.419,0.106
vs,zh,/vs/fitness-vs-coach,.fitness vs .coach,1026,805,1271,47,47,0,3,3,0.268,0.259,/vs/fit-vs-fitness,0.282,0.284,0.419,0.081
vs,en,/vs/flights-vs-travel,.flights vs .travel,686,521,2959,45,45,0,3,3,0.238,0.221,/vs/travel-vs-tours,0.232,0.249,0.439,0.111
vs,zh,/vs/flights-vs-travel,.flights vs .travel,1098,883,1353,45,45,0,3,3,0.289,0.262,/vs/travel-vs-tours,0.263,0.283,0.439,0.054
vs,en,/vs/florist-vs-garden,.florist vs .garden,753,597,3296,49,49,0,3,3,0.192,0.175,/vs/flowers-vs-florist,0.213,0.229,0.4,0.122
vs,zh,/vs/florist-vs-garden,.florist vs .garden,1169,963,1506,48,48,0,3,3,0.24,0.235,/vs/flowers-vs-florist,0.264,0.281,0.409,0.081
vs,en,/vs/flowers-vs-florist,.flowers vs .florist,772,625,3615,48,48,0,3,3,0.192,0.175,/vs/florist-vs-garden,0.189,0.205,0.409,0.083
vs,zh,/vs/flowers-vs-florist,.flowers vs .florist,1201,1008,1687,49,49,0,3,3,0.24,0.235,/vs/florist-vs-garden,0.235,0.269,0.4,0.077
vs,en,/vs/fm-vs-tv,.fm vs .tv,620,484,2551,45,45,0,3,3,0.222,0.208,/vs/band-vs-fm,0.248,0.252,0.439,0.067
vs,zh,/vs/fm-vs-tv,.fm vs .tv,973,784,1097,44,44,0,3,3,0.261,0.238,/vs/band-vs-fm,0.273,0.278,0.45,0.071
vs,en,/vs/food-vs-restaurant,.food vs .restaurant,743,578,3173,47,47,0,3,3,0.191,0.178,/vs/restaurant-vs-cafe,0.226,0.261,0.419,0.128
vs,zh,/vs/food-vs-restaurant,.food vs .restaurant,1133,914,1484,48,48,0,3,3,0.218,0.209,/vs/menu-vs-restaurant,0.256,0.298,0.409,0.056
vs,en,/vs/football-vs-team,.football vs .team,705,542,2922,45,45,0,3,3,0.32,0.271,/vs/hockey-vs-team,0.225,0.259,0.439,0.067
vs,zh,/vs/football-vs-team,.football vs .team,1109,893,1339,45,45,0,3,3,0.392,0.341,/vs/hockey-vs-team,0.267,0.311,0.439,0.088
vs,en,/vs/forum-vs-community,.forum vs .community,721,601,3454,49,49,0,3,3,0.171,0.169,/vs/church-vs-community,0.209,0.225,0.4,0.102
vs,zh,/vs/forum-vs-community,.forum vs .community,1140,974,1512,48,48,0,3,3,0.242,0.232,/vs/church-vs-community,0.245,0.261,0.409,0.054
vs,en,/vs/foundation-vs-org,.foundation vs .org,833,676,3987,48,48,0,3,3,0.171,0.173,/vs/net-vs-org,0.18,0.207,0.409,0.125
vs,zh,/vs/foundation-vs-org,.foundation vs .org,1279,1069,1686,50,50,0,3,3,0.192,0.176,/vs/net-vs-org,0.229,0.258,0.391,0.128
vs,en,/vs/fr-vs-com,.fr vs .com,696,530,2820,46,46,0,3,3,0.246,0.298,/vs/de-vs-com,0.192,0.221,0.349,0.087
vs,zh,/vs/fr-vs-com,.fr vs .com,1087,870,1203,46,46,0,3,3,0.42,0.369,/vs/de-vs-com,0.241,0.286,0.419,0.1
vs,en,/vs/fun-vs-club,.fun vs .club,765,598,3011,48,48,0,3,3,0.181,0.17,/vs/moe-vs-fun,0.207,0.211,0.409,0.063
vs,zh,/vs/fun-vs-club,.fun vs .club,1110,887,1339,50,50,0,3,3,0.214,0.205,/vs/moe-vs-fun,0.251,0.263,0.391,0.05
vs,en,/vs/fun-vs-games,.fun vs .games,870,702,3806,52,52,0,3,3,0.155,0.143,/vs/moe-vs-fun,0.168,0.174,0.375,0.077
vs,zh,/vs/fun-vs-games,.fun vs .games,1341,1119,1606,56,56,0,3,3,0.187,0.172,/vs/rocks-vs-fun,0.193,0.209,0.346,0.044
vs,en,/vs/fund-vs-finance,.fund vs .finance,598,462,2488,43,43,0,3,3,0.21,0.196,/vs/capital-vs-fund,0.251,0.268,0.436,0.14
vs,zh,/vs/fund-vs-finance,.fund vs .finance,932,752,1155,43,43,0,3,3,0.258,0.24,/vs/credit-vs-finance,0.284,0.299,0.436,0.147
vs,en,/vs/furniture-vs-boutique,.furniture vs .boutique,790,632,3751,47,47,0,3,3,0.197,0.175,/vs/makeup-vs-boutique,0.193,0.206,0.419,0.106
vs,zh,/vs/furniture-vs-boutique,.furniture vs .boutique,1264,1056,1701,48,48,0,3,3,0.229,0.214,/vs/makeup-vs-boutique,0.236,0.268,0.409,0.098
vs,en,/vs/futbol-vs-soccer,.futbol vs .soccer,814,662,3674,49,49,0,3,3,0.174,0.161,/vs/soccer-vs-football,0.176,0.203,0.4,0.061
vs,zh,/vs/futbol-vs-soccer,.futbol vs .soccer,1254,1051,1635,50,50,0,3,3,0.197,0.192,/vs/soccer-vs-football,0.211,0.247,0.391,0.048
vs,en,/vs/fyi-vs-info,.fyi vs .info,688,530,2796,48,48,0,3,3,0.206,0.192,/vs/info-vs-net,0.222,0.239,0.409,0.042
vs,zh,/vs/fyi-vs-info,.fyi vs .info,1064,857,1193,47,47,0,3,3,0.231,0.215,/vs/info-vs-com,0.264,0.278,0.419,0.059
vs,en,/vs/gallery-vs-art,.gallery vs .art,648,502,2700,46,46,0,3,3,0.207,0.227,/vs/photos-vs-gallery,0.244,0.248,0.429,0.109
vs,zh,/vs/gallery-vs-art,.gallery vs .art,1008,808,1203,46,46,0,3,3,0.293,0.268,/vs/photos-vs-gallery,0.286,0.289,0.429,0.086
vs,en,/vs/games-vs-gg,.games vs .gg,859,693,3672,52,52,0,3,3,0.171,0.163,/vs/gg-vs-tv,0.169,0.175,0.375,0.058
vs,zh,/vs/games-vs-gg,.games vs .gg,1272,1051,1511,55,55,0,3,3,0.175,0.165,/vs/lol-vs-gg,0.203,0.218,0.353,0.043
vs,en,/vs/garden-vs-farm,.garden vs .farm,673,515,2847,48,48,0,3,3,0.187,0.182,/vs/farm-vs-cafe,0.233,0.256,0.409,0.146
vs,zh,/vs/garden-vs-farm,.garden vs .farm,1068,858,1288,48,48,0,3,3,0.266,0.243,/vs/farm-vs-cafe,0.284,0.319,0.409,0.111
vs,en,/vs/ge-vs-tr,.ge vs .tr,701,548,2886,49,49,0,3,3,0.158,0.174,/vs/kz-vs-tr,0.141,0.165,0.289,0.102
vs,zh,/vs/ge-vs-tr,.ge vs .tr,1119,918,1283,46,46,0,3,3,0.266,0.252,/vs/kz-vs-tr,0.197,0.239,0.381,0.121
vs,en,/vs/gg-vs-tv,.gg vs .tv,728,561,2867,47,47,0,3,3,0.215,0.199,/vs/club-vs-gg,0.218,0.226,0.419,0.064
vs,zh,/vs/gg-vs-tv,.gg vs .tv,1128,909,1310,47,47,0,3,3,0.224,0.206,/vs/club-vs-gg,0.233,0.24,0.419,0.056
vs,en,/vs/gift-vs-gifts,.gift vs .gifts,735,586,3108,47,47,0,3,3,0.149,0.17,/vs/gifts-vs-shop,0.205,0.224,0.419,0.064
vs,zh,/vs/gift-vs-gifts,.gift vs .gifts,1107,909,1400,48,48,0,3,3,0.222,0.213,/vs/gifts-vs-shop,0.246,0.297,0.409,0.057
vs,en,/vs/gifts-vs-shop,.gifts vs .shop,697,529,2803,45,45,0,3,3,0.19,0.178,/vs/promo-vs-shop,0.23,0.27,0.439,0.133
vs,zh,/vs/gifts-vs-shop,.gifts vs .shop,1038,818,1195,45,45,0,3,3,0.276,0.244,/vs/promo-vs-shop,0.298,0.327,0.439,0.118
vs,en,/vs/glass-vs-art,.glass vs .art,800,641,3468,51,51,0,3,3,0.188,0.183,/vs/ink-vs-art,0.202,0.225,0.383,0.137
vs,zh,/vs/glass-vs-art,.glass vs .art,1293,1083,1536,50,50,0,3,3,0.242,0.229,/vs/gallery-vs-art,0.234,0.269,0.391,0.125
vs,en,/vs/global-vs-world,.global vs .world,853,691,3822,55,55,0,3,3,0.123,0.123,/vs/earth-vs-world,0.172,0.176,0.353,0.073
vs,zh,/vs/global-vs-world,.global vs .world,1336,1122,1707,55,55,0,3,3,0.173,0.162,/vs/asia-vs-global,0.193,0.213,0.353,0.064
vs,en,/vs/gmbh-vs-company,.gmbh vs .company,845,697,3753,50,50,0,3,3,0.167,0.157,/vs/company-vs-group,0.163,0.192,0.37,0.14
vs,zh,/vs/gmbh-vs-company,.gmbh vs .company,1315,1123,1734,50,50,0,3,3,0.245,0.228,/vs/company-vs-group,0.207,0.235,0.37,0.163
vs,en,/vs/gold-vs-vip,.gold vs .vip,837,669,3579,51,51,0,3,3,0.161,0.168,/vs/red-vs-vip,0.174,0.175,0.383,0.059
vs,zh,/vs/gold-vs-vip,.gold vs .vip,1314,1098,1563,57,57,0,3,3,0.215,0.208,/vs/red-vs-vip,0.194,0.216,0.34,0.067
vs,en,/vs/golf-vs-club,.golf vs .club,703,538,2797,45,45,0,3,3,0.372,0.289,/vs/tennis-vs-club,0.229,0.255,0.439,0.089
vs,zh,/vs/golf-vs-club,.golf vs .club,1068,851,1221,45,45,0,3,3,0.387,0.337,/vs/tennis-vs-club,0.284,0.31,0.439,0.063
vs,en,/vs/golf-vs-travel,.golf vs .travel,718,553,2974,46,46,0,3,3,0.392,0.315,/vs/surf-vs-travel,0.226,0.258,0.429,0.087
vs,zh,/vs/golf-vs-travel,.golf vs .travel,1136,921,1343,46,46,0,3,3,0.455,0.414,/vs/surf-vs-travel,0.262,0.287,0.429,0.061
vs,en,/vs/gr-vs-tr,.gr vs .tr,727,574,3008,48,48,0,3,3,0.288,0.27,/vs/tr-vs-ae,0.161,0.186,0.341,0.104
vs,zh,/vs/gr-vs-tr,.gr vs .tr,1220,1019,1398,45,45,0,3,3,0.376,0.345,/vs/tr-vs-ae,0.175,0.215,0.39,0.129
vs,en,/vs/graphics-vs-design,.graphics vs .design,762,628,3588,51,51,0,3,3,0.158,0.148,/vs/glass-vs-art,0.209,0.231,0.383,0.118
vs,zh,/vs/graphics-vs-design,.graphics vs .design,1239,1053,1647,50,50,0,3,3,0.206,0.186,/vs/actor-vs-studio,0.233,0.272,0.391,0.14
vs,en,/vs/green-vs-eco,.green vs .eco,686,532,3090,46,46,0,3,3,0.215,0.199,/vs/eco-vs-earth,0.226,0.26,0.429,0.087
vs,zh,/vs/green-vs-eco,.green vs .eco,1104,896,1268,45,45,0,3,3,0.271,0.247,/vs/eco-vs-earth,0.253,0.283,0.439,0.114
vs,en,/vs/group-vs-agency,.group vs .agency,859,695,3779,53,53,0,3,3,0.15,0.144,/vs/services-vs-agency,0.17,0.172,0.367,0.094
vs,zh,/vs/group-vs-agency,.group vs .agency,1340,1128,1652,57,57,0,3,3,0.187,0.175,/vs/services-vs-agency,0.194,0.212,0.34,0.043
vs,en,/vs/guide-vs-tips,.guide vs .tips,676,526,2868,45,45,0,3,3,0.166,0.17,/vs/tips-vs-blog,0.213,0.242,0.415,0.089
vs,zh,/vs/guide-vs-tips,.guide vs .tips,1078,879,1322,45,45,0,3,3,0.248,0.227,/vs/tips-vs-blog,0.261,0.3,0.439,0.094
vs,en,/vs/guru-vs-expert,.guru vs .expert,653,497,2691,47,47,0,3,3,0.185,0.181,/vs/consulting-vs-expert,0.241,0.255,0.419,0.085
vs,zh,/vs/guru-vs-expert,.guru vs .expert,1000,798,1191,46,46,0,3,3,0.245,0.237,/vs/consulting-vs-expert,0.283,0.315,0.429,0.061
vs,en,/vs/hair-vs-salon,.hair vs .salon,732,577,3115,49,49,0,3,3,0.176,0.187,/vs/salon-vs-studio,0.216,0.236,0.4,0.082
vs,zh,/vs/hair-vs-salon,.hair vs .salon,1142,939,1405,48,48,0,3,3,0.238,0.209,/vs/makeup-vs-boutique,0.261,0.287,0.409,0.051
vs,en,/vs/health-vs-care,.health vs .care,727,558,3078,45,45,0,3,3,0.22,0.209,/vs/health-vs-life,0.224,0.251,0.439,0.067
vs,zh,/vs/health-vs-care,.health vs .care,1152,931,1347,45,45,0,3,3,0.249,0.242,/vs/health-vs-life,0.249,0.271,0.439,0.063
vs,en,/vs/health-vs-life,.health vs .life,714,546,2933,46,46,0,3,3,0.22,0.209,/vs/health-vs-care,0.234,0.263,0.429,0.152
vs,zh,/vs/health-vs-life,.health vs .life,1132,911,1322,45,45,0,3,3,0.249,0.242,/vs/health-vs-care,0.27,0.293,0.439,0.114
vs,en,/vs/healthcare-vs-health,.healthcare vs .health,819,665,3886,53,53,0,3,3,0.177,0.168,/vs/health-vs-life,0.195,0.215,0.367,0.151
vs,zh,/vs/healthcare-vs-health,.healthcare vs .health,1332,1127,1762,51,51,0,3,3,0.228,0.22,/vs/health-vs-life,0.228,0.262,0.383,0.182
vs,en,/vs/help-vs-support,.help vs .support,732,585,3113,47,47,0,3,3,0.166,0.18,/vs/support-vs-center,0.207,0.235,0.419,0.106
vs,zh,/vs/help-vs-support,.help vs .support,1116,923,1389,47,47,0,3,3,0.233,0.22,/vs/support-vs-center,0.249,0.279,0.419,0.083
vs,en,/vs/hk-vs-sg,.hk vs .sg,812,653,3605,44,44,0,3,3,0.214,0.198,/vs/tw-vs-hk,0.155,0.177,0.4,0.091
vs,zh,/vs/hk-vs-sg,.hk vs .sg,1204,997,1390,47,47,0,3,3,0.318,0.293,/vs/sg-vs-asia,0.181,0.221,0.372,0.118
vs,en,/vs/hockey-vs-team,.hockey vs .team,710,551,2850,45,45,0,3,3,0.32,0.271,/vs/football-vs-team,0.226,0.26,0.439,0.156
vs,zh,/vs/hockey-vs-team,.hockey vs .team,1099,884,1279,45,45,0,3,3,0.392,0.341,/vs/football-vs-team,0.278,0.319,0.439,0.067
vs,en,/vs/holdings-vs-group,.holdings vs .group,698,545,3093,47,47,0,3,3,0.176,0.175,/vs/company-vs-group,0.22,0.226,0.419,0.064
vs,zh,/vs/holdings-vs-group,.holdings vs .group,1131,932,1426,47,47,0,3,3,0.242,0.225,/vs/partners-vs-group,0.246,0.255,0.419,0.077
vs,en,/vs/homes-vs-house,.homes vs .house,736,578,3319,50,50,0,3,3,0.182,0.17,/vs/apartments-vs-house,0.207,0.223,0.391,0.1
vs,zh,/vs/homes-vs-house,.homes vs .house,1154,946,1468,48,48,0,3,3,0.21,0.2,/vs/apartments-vs-house,0.253,0.276,0.409,0.057
vs,en,/vs/horse-vs-pet,.horse vs .pet,752,593,3175,47,47,0,3,3,0.156,0.148,/vs/dog-vs-pet,0.204,0.22,0.419,0.064
vs,zh,/vs/horse-vs-pet,.horse vs .pet,1115,904,1332,48,48,0,3,3,0.202,0.192,/vs/food-vs-restaurant,0.252,0.296,0.409,0.059
vs,en,/vs/hospital-vs-clinic,.hospital vs .clinic,806,652,3790,51,51,0,3,3,0.214,0.19,/vs/surgery-vs-clinic,0.193,0.212,0.383,0.098
vs,zh,/vs/hospital-vs-clinic,.hospital vs .clinic,1300,1096,1736,51,51,0,3,3,0.329,0.303,/vs/surgery-vs-clinic,0.219,0.262,0.383,0.051
vs,en,/vs/host-vs-cloud,.host vs .cloud,626,478,2599,42,42,0,3,3,0.155,0.151,/vs/cloud-vs-tech,0.243,0.256,0.447,0.119
vs,zh,/vs/host-vs-cloud,.host vs .cloud,950,758,1188,42,42,0,3,3,0.198,0.173,/vs/cloud-vs-tech,0.281,0.299,0.447,0.147
vs,en,/vs/house-vs-estate,.house vs .estate,739,572,3099,49,49,0,3,3,0.207,0.2,/vs/mortgage-vs-estate,0.209,0.235,0.4,0.122
vs,zh,/vs/house-vs-estate,.house vs .estate,1117,901,1411,49,49,0,3,3,0.275,0.25,/vs/estate-vs-land,0.263,0.297,0.4,0.081
vs,en,/vs/house-vs-style,.house vs .style,709,548,3072,48,48,0,3,3,0.196,0.194,/vs/fashion-vs-style,0.235,0.268,0.409,0.125
vs,zh,/vs/house-vs-style,.house vs .style,1068,859,1374,48,48,0,3,3,0.265,0.248,/vs/fashion-vs-style,0.272,0.313,0.409,0.056
vs,en,/vs/hu-vs-cz,.hu vs .cz,764,614,3340,49,49,0,3,3,0.3,0.286,/vs/sk-vs-cz,0.156,0.179,0.333,0.082
vs,zh,/vs/hu-vs-cz,.hu vs .cz,1181,983,1309,46,46,0,3,3,0.366,0.332,/vs/sk-vs-cz,0.189,0.229,0.381,0.121
vs,en,/vs/icu-vs-xyz,.icu vs .xyz,602,467,2422,43,43,0,3,3,0.159,0.163,/vs/com-vs-xyz,0.258,0.27,0.462,0.14
vs,zh,/vs/icu-vs-xyz,.icu vs .xyz,927,747,1101,44,44,0,3,3,0.22,0.213,/vs/sbs-vs-xyz,0.289,0.3,0.45,0.063
vs,en,/vs/id-vs-me,.id vs .me,813,649,3487,47,47,0,3,3,0.194,0.205,/vs/blog-vs-me,0.127,0.132,0.326,0.106
vs,zh,/vs/id-vs-me,.id vs .me,1195,979,1414,46,46,0,3,3,0.25,0.248,/vs/id-vs-sg,0.22,0.242,0.429,0.097
vs,en,/vs/id-vs-sg,.id vs .sg,785,624,3476,49,49,0,3,3,0.352,0.332,/vs/ph-vs-sg,0.158,0.174,0.348,0.061
vs,zh,/vs/id-vs-sg,.id vs .sg,1195,988,1451,47,47,0,3,3,0.458,0.402,/vs/ph-vs-sg,0.189,0.231,0.386,0.088
vs,en,/vs/ie-vs-uk,.ie vs .uk,751,602,3135,50,50,0,3,3,0.139,0.146,/vs/nz-vs-au,0.175,0.2,0.362,0.08
vs,zh,/vs/ie-vs-uk,.ie vs .uk,1147,952,1349,47,47,0,3,3,0.216,0.185,/vs/nz-vs-au,0.203,0.256,0.386,0.088
vs,en,/vs/il-vs-com,.il vs .com,742,576,3049,49,49,0,3,3,0.237,0.269,/vs/ng-vs-com,0.179,0.204,0.326,0.102
vs,zh,/vs/il-vs-com,.il vs .com,1158,941,1336,49,49,0,3,3,0.369,0.323,/vs/ng-vs-com,0.217,0.257,0.391,0.083
vs,en,/vs/immo-vs-estate,.immo vs .estate,788,650,3681,49,49,0,3,3,0.18,0.172,/vs/properties-vs-estate,0.185,0.209,0.4,0.102
vs,zh,/vs/immo-vs-estate,.immo vs .estate,1262,1077,1625,50,50,0,3,3,0.222,0.221,/vs/immobilien-vs-immo,0.219,0.264,0.391,0.051
vs,en,/vs/immobilien-vs-immo,.immobilien vs .immo,846,701,3934,48,48,0,3,3,0.163,0.163,/vs/immo-vs-estate,0.162,0.179,0.386,0.104
vs,zh,/vs/immobilien-vs-immo,.immobilien vs .immo,1301,1112,1796,48,48,0,3,3,0.222,0.221,/vs/immo-vs-estate,0.202,0.237,0.386,0.079
vs,en,/vs/in-vs-com,.in vs .com,804,639,3222,50,50,0,3,3,0.13,0.147,/vs/pk-vs-in,0.148,0.152,0.261,0.06
vs,zh,/vs/in-vs-com,.in vs .com,1205,991,1410,50,50,0,3,3,0.176,0.172,/vs/us-vs-com,0.214,0.221,0.391,0.053
vs,en,/vs/info-vs-com,.info vs .com,678,530,2747,43,43,0,3,3,0.199,0.201,/vs/info-vs-net,0.211,0.217,0.41,0.07
vs,zh,/vs/info-vs-com,.info vs .com,1023,823,1128,45,45,0,3,3,0.252,0.241,/vs/wiki-vs-info,0.288,0.297,0.439,0.065
vs,en,/vs/info-vs-net,.info vs .net,597,452,2424,42,42,0,3,3,0.206,0.201,/vs/fyi-vs-info,0.264,0.274,0.474,0.071
vs,zh,/vs/info-vs-net,.info vs .net,946,753,1037,43,43,0,3,3,0.248,0.241,/vs/info-vs-com,0.302,0.312,0.462,0.063
vs,en,/vs/info-vs-org,.info vs .org,827,682,3596,50,50,0,3,3,0.173,0.171,/vs/info-vs-net,0.171,0.173,0.391,0.06
vs,zh,/vs/info-vs-org,.info vs .org,1211,1013,1458,46,46,0,3,3,0.202,0.193,/vs/com-vs-org,0.208,0.225,0.429,0.054
vs,en,/vs/ink-vs-art,.ink vs .art,623,475,2517,46,46,0,3,3,0.19,0.188,/vs/art-vs-studio,0.259,0.266,0.429,0.152
vs,zh,/vs/ink-vs-art,.ink vs .art,1040,840,1170,49,49,0,3,3,0.249,0.227,/vs/gallery-vs-art,0.283,0.295,0.4,0.091
vs,en,/vs/institute-vs-international,.institute vs .international,731,587,3579,46,46,0,3,3,0.141,0.117,/vs/house-vs-style,0.204,0.238,0.405,0.217
vs,zh,/vs/institute-vs-international,.institute vs .international,1140,950,1620,47,47,0,3,3,0.187,0.134,/vs/partners-vs-group,0.247,0.281,0.395,0.059
vs,en,/vs/investments-vs-fund,.investments vs .fund,674,550,2982,46,46,0,3,3,0.188,0.179,/vs/fund-vs-finance,0.202,0.229,0.405,0.065
vs,zh,/vs/investments-vs-fund,.investments vs .fund,1051,883,1433,46,46,0,3,3,0.281,0.257,/vs/capital-vs-fund,0.248,0.267,0.405,0.056
vs,en,/vs/io-vs-ai,.io vs .ai,799,636,3185,49,49,0,3,3,0.18,0.181,/vs/com-vs-ai,0.162,0.169,0.356,0.061
vs,zh,/vs/io-vs-ai,.io vs .ai,1209,996,1448,48,48,0,3,3,0.231,0.226,/vs/com-vs-ai,0.198,0.216,0.364,0.054
vs,en,/vs/io-vs-co,.io vs .co,884,719,3623,54,54,0,3,3,0.131,0.188,/vs/io-vs-tech,0.128,0.135,0.24,0.056
vs,zh,/vs/io-vs-co,.io vs .co,1335,1118,1625,52,52,0,3,3,0.252,0.239,/vs/io-vs-tech,0.179,0.189,0.375,0.049
vs,en,/vs/io-vs-dev,.io vs .dev,885,722,3647,49,49,0,3,3,0.168,0.19,/vs/io-vs-tech,0.162,0.165,0.4,0.061
vs,zh,/vs/io-vs-dev,.io vs .dev,1299,1086,1562,51,51,0,3,3,0.254,0.236,/vs/io-vs-tech,0.184,0.196,0.383,0.05
vs,en,/vs/io-vs-sh,.io vs .sh,676,513,2647,43,43,0,3,3,0.18,0.2,/vs/app-vs-io,0.198,0.202,0.385,0.093
vs,zh,/vs/io-vs-sh,.io vs .sh,1044,829,1209,43,43,0,3,3,0.246,0.226,/vs/app-vs-io,0.256,0.265,0.462,0.065
vs,en,/vs/io-vs-tech,.io vs .tech,826,663,3400,51,51,0,3,3,0.168,0.19,/vs/io-vs-dev,0.177,0.179,0.383,0.059
vs,zh,/vs/io-vs-tech,.io vs .tech,1256,1042,1472,50,50,0,3,3,0.254,0.239,/vs/io-vs-dev,0.198,0.206,0.391,0.049
vs,en,/vs/is-vs-fi,.is vs .fi,735,585,3061,50,50,0,3,3,0.164,0.278,/vs/ee-vs-fi,0.109,0.126,0.196,0.06
vs,zh,/vs/is-vs-fi,.is vs .fi,1151,953,1385,48,48,0,3,3,0.319,0.296,/vs/ee-vs-fi,0.183,0.221,0.364,0.143
vs,en,/vs/it-vs-de,.it vs .de,763,605,3158,48,48,0,3,3,0.196,0.223,/vs/nl-vs-de,0.121,0.145,0.311,0.083
vs,zh,/vs/it-vs-de,.it vs .de,1179,975,1432,49,49,0,3,3,0.318,0.294,/vs/de-vs-com,0.197,0.248,0.37,0.114
vs,en,/vs/jewelry-vs-boutique,.jewelry vs .boutique,760,599,3306,49,49,0,3,3,0.182,0.173,/vs/diamonds-vs-jewelry,0.211,0.227,0.4,0.102
vs,zh,/vs/jewelry-vs-boutique,.jewelry vs .boutique,1170,959,1517,48,48,0,3,3,0.227,0.214,/vs/diamonds-vs-jewelry,0.266,0.286,0.409,0.077
vs,en,/vs/jp-vs-cn,.jp vs .cn,761,600,3185,46,46,0,3,3,0.174,0.174,/vs/com-vs-cn,0.174,0.188,0.381,0.109
vs,zh,/vs/jp-vs-cn,.jp vs .cn,1244,1028,1351,49,49,0,3,3,0.246,0.233,/vs/kr-vs-jp,0.199,0.239,0.378,0.212
vs,en,/vs/kaufen-vs-shop,.kaufen vs .shop,857,691,3760,51,51,0,3,3,0.318,0.298,/vs/tienda-vs-shop,0.177,0.192,0.383,0.137
vs,zh,/vs/kaufen-vs-shop,.kaufen vs .shop,1301,1085,1598,50,50,0,3,3,0.413,0.37,/vs/tienda-vs-shop,0.232,0.258,0.391,0.103
vs,en,/vs/ke-vs-ng,.ke vs .ng,721,571,3088,47,47,0,3,3,0.341,0.321,/vs/za-vs-ng,0.179,0.204,0.349,0.085
vs,zh,/vs/ke-vs-ng,.ke vs .ng,1105,907,1294,45,45,0,3,3,0.414,0.376,/vs/za-vs-ng,0.203,0.244,0.39,0.121
vs,en,/vs/kids-vs-baby,.kids vs .baby,839,682,3755,50,50,0,3,3,0.321,0.298,/vs/kids-vs-family,0.175,0.202,0.391,0.16
vs,zh,/vs/kids-vs-baby,.kids vs .baby,1327,1120,1582,51,51,0,3,3,0.387,0.366,/vs/kids-vs-family,0.219,0.247,0.383,0.105
vs,en,/vs/kids-vs-family,.kids vs .family,810,651,3633,49,49,0,3,3,0.321,0.298,/vs/kids-vs-baby,0.194,0.239,0.4,0.163
vs,zh,/vs/kids-vs-family,.kids vs .family,1294,1084,1618,50,50,0,3,3,0.387,0.366,/vs/kids-vs-baby,0.228,0.273,0.391,0.079
vs,en,/vs/kitchen-vs-restaurant,.kitchen vs .restaurant,692,523,2874,48,48,0,3,3,0.204,0.195,/vs/restaurant-vs-cafe,0.232,0.254,0.409,0.188
vs,zh,/vs/kitchen-vs-restaurant,.kitchen vs .restaurant,1039,821,1327,48,48,0,3,3,0.284,0.264,/vs/restaurant-vs-cafe,0.3,0.334,0.409,0.083
vs,en,/vs/kr-vs-jp,.kr vs .jp,703,556,2962,48,47,0.021,3,3,0.149,0.153,/vs/jp-vs-cn,0.179,0.201,0.364,0.043
vs,zh,/vs/kr-vs-jp,.kr vs .jp,1121,926,1354,49,48,0.02,3,3,0.246,0.233,/vs/jp-vs-cn,0.187,0.227,0.356,0.129
vs,en,/vs/kz-vs-tr,.kz vs .tr,748,595,3120,48,48,0,3,3,0.206,0.201,/vs/gr-vs-tr,0.154,0.18,0.341,0.083
vs,zh,/vs/kz-vs-tr,.kz vs .tr,1176,975,1389,46,46,0,3,3,0.266,0.25,/vs/ge-vs-tr,0.178,0.217,0.381,0.121
vs,en,/vs/land-vs-com,.land vs .com,798,632,3377,53,53,0,3,3,0.147,0.161,/vs/page-vs-com,0.176,0.181,0.327,0.094
vs,zh,/vs/land-vs-com,.land vs .com,1240,1023,1481,52,52,0,3,3,0.206,0.183,/vs/page-vs-com,0.211,0.234,0.375,0.049
vs,en,/vs/law-vs-expert,.law vs .expert,768,601,3263,48,48,0,3,3,0.204,0.234,/vs/law-vs-pro,0.2,0.228,0.409,0.083
vs,zh,/vs/law-vs-expert,.law vs .expert,1167,948,1430,48,48,0,3,3,0.316,0.298,/vs/law-vs-pro,0.239,0.271,0.409,0.057
vs,en,/vs/law-vs-pro,.law vs .pro,700,536,2876,47,47,0,3,3,0.204,0.234,/vs/law-vs-expert,0.224,0.241,0.419,0.106
vs,zh,/vs/law-vs-pro,.law vs .pro,1096,876,1234,46,46,0,3,3,0.316,0.298,/vs/law-vs-expert,0.262,0.28,0.429,0.094
vs,en,/vs/lawyer-vs-legal,.lawyer vs .legal,735,584,3230,47,47,0,3,3,0.198,0.194,/vs/legal-vs-law,0.213,0.226,0.395,0.106
vs,zh,/vs/lawyer-vs-legal,.lawyer vs .legal,1144,949,1483,46,46,0,3,3,0.288,0.276,/vs/legal-vs-law,0.255,0.271,0.405,0.077
vs,en,/vs/legal-vs-law,.legal vs .law,767,611,3272,47,47,0,3,3,0.198,0.206,/vs/lawyer-vs-legal,0.208,0.224,0.419,0.106
vs,zh,/vs/legal-vs-law,.legal vs .law,1179,973,1454,47,47,0,3,3,0.288,0.276,/vs/lawyer-vs-legal,0.243,0.264,0.419,0.059
vs,en,/vs/life-vs-live,.life vs .live,833,665,3640,52,52,0,3,3,0.142,0.146,/vs/events-vs-live,0.145,0.148,0.292,0.077
vs,zh,/vs/life-vs-live,.life vs .live,1314,1095,1573,54,54,0,3,3,0.185,0.175,/vs/live-vs-online,0.204,0.219,0.36,0.065
vs,en,/vs/life-vs-me,.life vs .me,934,767,3975,56,56,0,3,3,0.183,0.187,/vs/pink-vs-me,0.127,0.13,0.288,0.054
vs,zh,/vs/life-vs-me,.life vs .me,1391,1173,1700,58,58,0,3,3,0.198,0.187,/vs/me-vs-io,0.178,0.194,0.333,0.043
vs,en,/vs/lighting-vs-garden,.lighting vs .garden,779,621,3554,48,48,0,3,3,0.246,0.228,/vs/lighting-vs-solar,0.212,0.228,0.409,0.104
vs,zh,/vs/lighting-vs-garden,.lighting vs .garden,1229,1017,1653,48,48,0,3,3,0.294,0.272,/vs/lighting-vs-solar,0.241,0.273,0.409,0.054
vs,en,/vs/lighting-vs-solar,.lighting vs .solar,769,619,3431,48,48,0,3,3,0.246,0.228,/vs/lighting-vs-garden,0.206,0.217,0.409,0.063
vs,zh,/vs/lighting-vs-solar,.lighting vs .solar,1214,1016,1628,48,48,0,3,3,0.294,0.272,/vs/lighting-vs-garden,0.235,0.267,0.409,0.054
vs,en,/vs/limited-vs-ltd,.limited vs .ltd,738,582,3155,49,49,0,3,3,0.179,0.173,/vs/ltd-vs-llc,0.207,0.222,0.4,0.061
vs,zh,/vs/limited-vs-ltd,.limited vs .ltd,1154,948,1436,49,49,0,3,3,0.228,0.211,/vs/ltd-vs-llc,0.242,0.276,0.4,0.051
vs,en,/vs/limo-vs-taxi,.limo vs .taxi,765,618,3364,48,48,0,3,3,0.198,0.183,/vs/taxi-vs-city,0.192,0.208,0.409,0.063
vs,zh,/vs/limo-vs-taxi,.limo vs .taxi,1174,981,1488,49,49,0,3,3,0.225,0.206,/vs/taxi-vs-city,0.236,0.276,0.4,0.057
vs,en,/vs/link-vs-cc,.link vs .cc,762,609,3146,44,44,0,3,3,0.181,0.174,/vs/click-vs-link,0.201,0.201,0.45,0.068
vs,zh,/vs/link-vs-cc,.link vs .cc,1114,914,1342,46,46,0,3,3,0.224,0.213,/vs/click-vs-link,0.242,0.25,0.429,0.056
vs,en,/vs/live-vs-online,.live vs .online,757,589,3056,46,46,0,3,3,0.173,0.195,/vs/cloud-vs-online,0.172,0.172,0.333,0.065
vs,zh,/vs/live-vs-online,.live vs .online,1096,877,1332,47,47,0,3,3,0.235,0.218,/vs/cloud-vs-online,0.255,0.281,0.419,0.05
vs,en,/vs/live-vs-tv,.live vs .tv,792,655,3325,51,51,0,3,3,0.143,0.165,/vs/events-vs-live,0.147,0.149,0.298,0.059
vs,zh,/vs/live-vs-tv,.live vs .tv,1188,1001,1425,52,52,0,3,3,0.223,0.208,/vs/cc-vs-tv,0.213,0.229,0.375,0.047
vs,en,/vs/lk-vs-my,.lk vs .my,766,620,3192,49,49,0,3,3,0.204,0.198,/vs/my-vs-sg,0.165,0.189,0.348,0.082
vs,zh,/vs/lk-vs-my,.lk vs .my,1144,952,1366,47,47,0,3,3,0.252,0.233,/vs/my-vs-sg,0.204,0.248,0.386,0.114
vs,en,/vs/loans-vs-money,.loans vs .money,643,519,2857,45,45,0,3,3,0.206,0.203,/vs/cash-vs-money,0.212,0.238,0.415,0.044
vs,zh,/vs/loans-vs-money,.loans vs .money,1028,860,1322,45,45,0,3,3,0.249,0.23,/vs/money-vs-finance,0.248,0.267,0.415,0.057
vs,en,/vs/lol-vs-gg,.lol vs .gg,691,528,2603,44,44,0,3,3,0.201,0.194,/vs/club-vs-gg,0.226,0.237,0.45,0.136
vs,zh,/vs/lol-vs-gg,.lol vs .gg,987,773,1131,45,45,0,3,3,0.227,0.209,/vs/meme-vs-lol,0.283,0.299,0.439,0.069
vs,en,/vs/london-vs-uk,.london vs .uk,780,689,3691,50,50,0,3,3,0.194,0.175,/vs/tokyo-vs-asia,0.177,0.205,0.37,0.12
vs,zh,/vs/london-vs-uk,.london vs .uk,1271,1136,1706,50,50,0,3,3,0.247,0.236,/vs/paris-vs-london,0.201,0.241,0.37,0.125
vs,en,/vs/love-vs-me,.love vs .me,766,598,3114,46,46,0,3,3,0.223,0.209,/vs/pink-vs-me,0.169,0.188,0.357,0.065
vs,zh,/vs/love-vs-me,.love vs .me,1100,881,1305,46,46,0,3,3,0.277,0.266,/vs/wedding-vs-love,0.259,0.267,0.429,0.061
vs,en,/vs/lt-vs-ee,.lt vs .ee,756,606,3267,51,50,0.02,3,3,0.292,0.305,/vs/ee-vs-fi,0.168,0.192,0.319,0.1
vs,zh,/vs/lt-vs-ee,.lt vs .ee,1189,991,1483,48,47,0.021,3,3,0.401,0.371,/vs/ee-vs-fi,0.173,0.209,0.364,0.111
vs,en,/vs/lt-vs-lv,.lt vs .lv,779,632,3340,49,49,0,3,3,0.269,0.269,/vs/lt-vs-ee,0.164,0.187,0.356,0.122
vs,zh,/vs/lt-vs-lv,.lt vs .lv,1221,1026,1478,47,47,0,3,3,0.361,0.336,/vs/lt-vs-ee,0.17,0.207,0.372,0.147
vs,en,/vs/ltd-vs-co,.ltd vs .co,678,510,2715,48,48,0,3,3,0.166,0.2,/vs/org-vs-co,0.185,0.202,0.273,0.083
vs,zh,/vs/ltd-vs-co,.ltd vs .co,1076,854,1183,47,47,0,3,3,0.261,0.247,/vs/ltd-vs-llc,0.27,0.28,0.419,0.094
vs,en,/vs/ltd-vs-llc,.ltd vs .llc,661,507,2753,47,47,0,3,3,0.179,0.2,/vs/limited-vs-ltd,0.244,0.262,0.419,0.128
vs,zh,/vs/ltd-vs-llc,.ltd vs .llc,1037,835,1145,47,47,0,3,3,0.261,0.247,/vs/ltd-vs-co,0.303,0.32,0.419,0.143
vs,en,/vs/luxury-vs-vip,.luxury vs .vip,806,636,3452,48,48,0,3,3,0.167,0.165,/vs/plus-vs-vip,0.19,0.199,0.409,0.146
vs,zh,/vs/luxury-vs-vip,.luxury vs .vip,1235,1014,1473,49,49,0,3,3,0.269,0.254,/vs/win-vs-vip,0.247,0.267,0.4,0.081
vs,en,/vs/ma-vs-eg,.ma vs .eg,804,657,3463,51,51,0,3,3,0.191,0.197,/vs/eg-vs-sa,0.12,0.143,0.277,0.098
vs,zh,/vs/ma-vs-eg,.ma vs .eg,1228,1033,1424,48,48,0,3,3,0.253,0.229,/vs/eg-vs-sa,0.172,0.21,0.364,0.147
vs,en,/vs/makeup-vs-boutique,.makeup vs .boutique,739,579,3314,48,48,0,3,3,0.197,0.175,/vs/furniture-vs-boutique,0.213,0.235,0.409,0.125
vs,zh,/vs/makeup-vs-boutique,.makeup vs .boutique,1170,955,1496,48,48,0,3,3,0.238,0.214,/vs/hair-vs-salon,0.256,0.284,0.409,0.081
vs,en,/vs/management-vs-consulting,.management vs .consulting,720,573,3559,49,49,0,3,3,0.179,0.173,/vs/equipment-vs-rentals,0.226,0.248,0.4,0.061
vs,zh,/vs/management-vs-consulting,.management vs .consulting,1161,968,1693,48,48,0,3,3,0.229,0.204,/vs/equipment-vs-rentals,0.248,0.291,0.409,0.054
vs,en,/vs/market-vs-exchange,.market vs .exchange,677,525,2992,46,46,0,3,3,0.18,0.168,/vs/auction-vs-market,0.238,0.265,0.429,0.174
vs,zh,/vs/market-vs-exchange,.market vs .exchange,1058,857,1327,46,46,0,3,3,0.213,0.194,/vs/auction-vs-market,0.28,0.312,0.429,0.059
vs,en,/vs/marketing-vs-agency,.marketing vs .agency,659,506,2755,47,47,0,3,3,0.255,0.237,/vs/services-vs-agency,0.245,0.268,0.419,0.085
vs,zh,/vs/marketing-vs-agency,.marketing vs .agency,1019,820,1301,47,47,0,3,3,0.331,0.294,/vs/services-vs-agency,0.275,0.304,0.419,0.056
vs,en,/vs/mba-vs-school,.mba vs .school,754,603,3271,49,49,0,3,3,0.146,0.142,/vs/video-vs-tv,0.218,0.235,0.4,0.122
vs,zh,/vs/mba-vs-school,.mba vs .school,1137,936,1426,48,48,0,3,3,0.173,0.153,/vs/vet-vs-pet,0.257,0.271,0.409,0.086
vs,en,/vs/me-vs-io,.me vs .io,887,721,3692,52,52,0,3,3,0.179,0.187,/vs/life-vs-me,0.132,0.136,0.313,0.058
vs,zh,/vs/me-vs-io,.me vs .io,1260,1041,1476,55,55,0,3,3,0.205,0.197,/vs/com-vs-io,0.195,0.201,0.353,0.051
vs,en,/vs/media-vs-studio,.media vs .studio,840,671,3699,57,57,0,3,3,0.157,0.159,/vs/news-vs-media,0.173,0.173,0.34,0.053
vs,zh,/vs/media-vs-studio,.media vs .studio,1293,1074,1616,55,55,0,3,3,0.195,0.189,/vs/art-vs-studio,0.198,0.218,0.353,0.044
vs,en,/vs/media-vs-tv,.media vs .tv,630,492,2633,42,42,0,3,3,0.192,0.195,/vs/news-vs-media,0.246,0.251,0.474,0.071
vs,zh,/vs/media-vs-tv,.media vs .tv,982,794,1102,43,43,0,3,3,0.237,0.223,/vs/news-vs-media,0.281,0.29,0.462,0.059
vs,en,/vs/meme-vs-fun,.meme vs .fun,789,623,3389,49,49,0,3,3,0.241,0.222,/vs/moe-vs-fun,0.204,0.227,0.4,0.122
vs,zh,/vs/meme-vs-fun,.meme vs .fun,1258,1040,1490,50,50,0,3,3,0.311,0.288,/vs/meme-vs-lol,0.237,0.269,0.391,0.083
vs,en,/vs/meme-vs-lol,.meme vs .lol,760,627,3218,48,48,0,3,3,0.208,0.207,/vs/meme-vs-fun,0.181,0.212,0.386,0.083
vs,zh,/vs/meme-vs-lol,.meme vs .lol,1168,991,1475,49,49,0,3,3,0.311,0.288,/vs/meme-vs-fun,0.225,0.259,0.378,0.086
vs,en,/vs/menu-vs-cafe,.menu vs .cafe,781,610,3124,48,48,0,3,3,0.353,0.351,/vs/menu-vs-restaurant,0.2,0.227,0.409,0.125
vs,zh,/vs/menu-vs-cafe,.menu vs .cafe,1163,942,1385,48,48,0,3,3,0.467,0.411,/vs/menu-vs-restaurant,0.246,0.278,0.409,0.056
vs,en,/vs/menu-vs-restaurant,.menu vs .restaurant,707,537,2892,47,47,0,3,3,0.353,0.351,/vs/menu-vs-cafe,0.231,0.261,0.419,0.128
vs,zh,/vs/menu-vs-restaurant,.menu vs .restaurant,1063,843,1341,47,47,0,3,3,0.467,0.411,/vs/menu-vs-cafe,0.271,0.311,0.419,0.059
vs,en,/vs/miami-vs-nyc,.miami vs .nyc,828,743,4002,50,50,0,3,3,0.213,0.233,/vs/nyc-vs-us,0.164,0.178,0.386,0.16
vs,zh,/vs/miami-vs-nyc,.miami vs .nyc,1349,1220,1746,49,49,0,3,3,0.294,0.28,/vs/nyc-vs-us,0.2,0.221,0.378,0.175
vs,en,/vs/mobi-vs-app,.mobi vs .app,883,721,3782,49,49,0,3,3,0.169,0.165,/vs/app-vs-site,0.17,0.19,0.4,0.122
vs,zh,/vs/mobi-vs-app,.mobi vs .app,1331,1119,1640,50,50,0,3,3,0.219,0.201,/vs/app-vs-site,0.217,0.253,0.391,0.122
vs,en,/vs/moda-vs-fashion,.moda vs .fashion,778,642,3556,48,48,0,3,3,0.211,0.213,/vs/clothing-vs-fashion,0.188,0.206,0.409,0.083
vs,zh,/vs/moda-vs-fashion,.moda vs .fashion,1230,1047,1588,49,49,0,3,3,0.267,0.258,/vs/clothing-vs-fashion,0.214,0.253,0.4,0.075
vs,en,/vs/moe-vs-fun,.moe vs .fun,674,508,2672,43,43,0,3,3,0.241,0.222,/vs/meme-vs-fun,0.237,0.243,0.462,0.163
vs,zh,/vs/moe-vs-fun,.moe vs .fun,1034,816,1139,45,45,0,3,3,0.297,0.279,/vs/meme-vs-fun,0.279,0.296,0.439,0.103
vs,en,/vs/mom-vs-me,.mom vs .me,716,552,2877,44,44,0,3,3,0.235,0.214,/vs/pink-vs-me,0.184,0.215,0.375,0.114
vs,zh,/vs/mom-vs-me,.mom vs .me,1065,849,1178,44,44,0,3,3,0.233,0.213,/vs/pink-vs-me,0.266,0.294,0.45,0.071
vs,en,/vs/money-vs-finance,.money vs .finance,582,446,2529,42,42,0,3,3,0.21,0.209,/vs/cash-vs-money,0.254,0.27,0.447,0.048
vs,zh,/vs/money-vs-finance,.money vs .finance,916,736,1135,43,43,0,3,3,0.252,0.232,/vs/cash-vs-money,0.282,0.292,0.436,0.057
vs,en,/vs/monster-vs-games,.monster vs .games,801,639,3553,48,48,0,3,3,0.163,0.173,/vs/quest-vs-games,0.193,0.219,0.409,0.125
vs,zh,/vs/monster-vs-games,.monster vs .games,1275,1062,1588,49,49,0,3,3,0.22,0.22,/vs/quest-vs-games,0.241,0.265,0.4,0.103
vs,en,/vs/mortgage-vs-estate,.mortgage vs .estate,669,534,3016,46,46,0,3,3,0.225,0.217,/vs/estate-vs-land,0.226,0.245,0.429,0.109
vs,zh,/vs/mortgage-vs-estate,.mortgage vs .estate,1076,894,1425,47,47,0,3,3,0.336,0.301,/vs/estate-vs-land,0.275,0.298,0.419,0.051
vs,en,/vs/movie-vs-tv,.movie vs .tv,710,574,3044,49,49,0,3,3,0.168,0.165,/vs/fm-vs-tv,0.209,0.221,0.4,0.082
vs,zh,/vs/movie-vs-tv,.movie vs .tv,1111,921,1317,49,49,0,3,3,0.221,0.201,/vs/video-vs-tv,0.246,0.257,0.4,0.079
vs,en,/vs/mx-vs-es,.mx vs .es,788,636,3394,49,49,0,3,3,0.159,0.234,/vs/es-vs-eu,0.091,0.118,0.217,0.061
vs,zh,/vs/mx-vs-es,.mx vs .es,1214,1016,1458,48,48,0,3,3,0.336,0.307,/vs/br-vs-mx,0.192,0.238,0.378,0.111
vs,en,/vs/my-vs-sg,.my vs .sg,795,637,3498,50,50,0,3,3,0.204,0.198,/vs/lk-vs-my,0.17,0.191,0.362,0.06
vs,zh,/vs/my-vs-sg,.my vs .sg,1240,1036,1484,48,48,0,3,3,0.309,0.278,/vs/ph-vs-sg,0.185,0.223,0.378,0.108
vs,en,/vs/net-vs-org,.net vs .org,738,591,3241,49,49,0,3,3,0.171,0.188,/vs/foundation-vs-org,0.21,0.212,0.4,0.061
vs,zh,/vs/net-vs-org,.net vs .org,1103,902,1467,51,51,0,3,3,0.211,0.201,/vs/com-vs-org,0.216,0.237,0.383,0.049
vs,en,/vs/network-vs-tech,.network vs .tech,871,706,3946,54,54,0,3,3,0.144,0.149,/vs/systems-vs-network,0.172,0.175,0.36,0.056
vs,zh,/vs/network-vs-tech,.network vs .tech,1325,1107,1743,57,57,0,3,3,0.195,0.191,/vs/digital-vs-tech,0.185,0.202,0.34,0.063
vs,en,/vs/news-vs-media,.news vs .media,610,475,2615,44,44,0,3,3,0.192,0.195,/vs/media-vs-tv,0.251,0.253,0.425,0.068
vs,zh,/vs/news-vs-media,.news vs .media,965,775,1158,44,44,0,3,3,0.237,0.223,/vs/media-vs-tv,0.291,0.309,0.45,0.108
vs,en,/vs/ng-vs-com,.ng vs .com,749,583,3136,49,49,0,3,3,0.237,0.269,/vs/il-vs-com,0.177,0.202,0.304,0.082
vs,zh,/vs/ng-vs-com,.ng vs .com,1178,961,1340,47,47,0,3,3,0.369,0.323,/vs/il-vs-com,0.213,0.253,0.409,0.094
vs,en,/vs/ninja-vs-dev,.ninja vs .dev,868,703,3599,52,52,0,3,3,0.149,0.146,/vs/codes-vs-dev,0.166,0.175,0.375,0.058
vs,zh,/vs/ninja-vs-dev,.ninja vs .dev,1266,1050,1635,55,55,0,3,3,0.202,0.191,/vs/codes-vs-dev,0.194,0.216,0.353,0.045
vs,en,/vs/nl-vs-de,.nl vs .de,754,594,3152,48,48,0,3,3,0.212,0.26,/vs/ch-vs-de,0.153,0.164,0.341,0.042
vs,zh,/vs/nl-vs-de,.nl vs .de,1143,939,1399,48,48,0,3,3,0.36,0.341,/vs/be-vs-nl,0.206,0.238,0.386,0.061
vs,en,/vs/no-vs-dk,.no vs .dk,765,618,3291,49,49,0,3,3,0.189,0.221,/vs/dk-vs-se,0.158,0.174,0.333,0.102
vs,zh,/vs/no-vs-dk,.no vs .dk,1192,997,1368,47,47,0,3,3,0.333,0.302,/vs/dk-vs-se,0.179,0.226,0.372,0.156
vs,en,/vs/nyc-vs-us,.nyc vs .us,808,717,3660,50,50,0,3,3,0.213,0.233,/vs/miami-vs-nyc,0.162,0.187,0.37,0.16
vs,zh,/vs/nyc-vs-us,.nyc vs .us,1285,1150,1570,50,50,0,3,3,0.294,0.28,/vs/miami-vs-nyc,0.206,0.237,0.37,0.167
vs,en,/vs/nz-vs-au,.nz vs .au,716,571,3134,50,50,0,3,3,0.206,0.218,/vs/au-vs-com,0.194,0.205,0.37,0.04
vs,zh,/vs/nz-vs-au,.nz vs .au,1194,1005,1472,48,48,0,3,3,0.304,0.281,/vs/au-vs-com,0.193,0.228,0.386,0.054
vs,en,/vs/one-vs-me,.one vs .me,672,526,2706,43,43,0,3,3,0.241,0.226,/vs/pink-vs-me,0.187,0.189,0.385,0.07
vs,zh,/vs/one-vs-me,.one vs .me,969,771,1138,43,43,0,3,3,0.244,0.224,/vs/pink-vs-me,0.278,0.288,0.462,0.067
vs,en,/vs/online-vs-site,.online vs .site,725,558,2908,48,47,0.021,3,3,0.182,0.174,/vs/space-vs-site,0.218,0.222,0.419,0.064
vs,zh,/vs/online-vs-site,.online vs .site,1102,881,1292,47,46,0.021,3,3,0.224,0.209,/vs/space-vs-site,0.254,0.263,0.429,0.051
vs,en,/vs/org-vs-co,.org vs .co,647,501,2761,44,44,0,3,3,0.17,0.188,/vs/net-vs-org,0.189,0.193,0.3,0.091
vs,zh,/vs/org-vs-co,.org vs .co,1036,834,1160,47,47,0,3,3,0.232,0.214,/vs/ltd-vs-co,0.258,0.265,0.419,0.065
vs,en,/vs/organic-vs-bio,.organic vs .bio,775,628,3389,50,50,0,3,3,0.132,0.123,/vs/estate-vs-land,0.202,0.219,0.391,0.12
vs,zh,/vs/organic-vs-bio,.organic vs .bio,1294,1099,1654,51,51,0,3,3,0.22,0.215,/vs/bio-vs-me,0.22,0.255,0.383,0.073
vs,en,/vs/page-vs-com,.page vs .com,658,493,2568,42,42,0,3,3,0.147,0.165,/vs/land-vs-com,0.2,0.21,0.342,0.119
vs,zh,/vs/page-vs-com,.page vs .com,1028,814,1168,43,43,0,3,3,0.219,0.205,/vs/biz-vs-com,0.281,0.305,0.462,0.067
vs,en,/vs/paris-vs-london,.paris vs .london,825,679,3765,46,46,0,3,3,0.183,0.175,/vs/london-vs-uk,0.164,0.192,0.349,0.109
vs,zh,/vs/paris-vs-london,.paris vs .london,1303,1111,1628,48,48,0,3,3,0.247,0.236,/vs/london-vs-uk,0.207,0.242,0.378,0.103
vs,en,/vs/partners-vs-group,.partners vs .group,725,569,3189,48,48,0,3,3,0.18,0.171,/vs/associates-vs-partners,0.213,0.243,0.409,0.083
vs,zh,/vs/partners-vs-group,.partners vs .group,1128,926,1443,48,48,0,3,3,0.242,0.225,/vs/holdings-vs-group,0.252,0.287,0.409,0.081
vs,en,/vs/parts-vs-repair,.parts vs .repair,789,631,3525,49,49,0,3,3,0.204,0.197,/vs/autos-vs-repair,0.204,0.227,0.4,0.102
vs,zh,/vs/parts-vs-repair,.parts vs .repair,1240,1032,1610,48,48,0,3,3,0.278,0.256,/vs/autos-vs-repair,0.223,0.262,0.409,0.051
vs,en,/vs/party-vs-events,.party vs .events,754,601,3281,47,47,0,3,3,0.167,0.172,/vs/tickets-vs-events,0.2,0.221,0.419,0.064
vs,zh,/vs/party-vs-events,.party vs .events,1152,948,1453,48,48,0,3,3,0.227,0.211,/vs/events-vs-live,0.24,0.278,0.409,0.057
vs,en,/vs/pe-vs-cl,.pe vs .cl,675,525,2763,49,49,0,3,3,0.175,0.204,/vs/cl-vs-mx,0.195,0.225,0.356,0.082
vs,zh,/vs/pe-vs-cl,.pe vs .cl,1084,886,1224,47,47,0,3,3,0.305,0.284,/vs/ar-vs-cl,0.207,0.247,0.372,0.125
vs,en,/vs/pet-vs-shop,.pet vs .shop,919,751,3809,55,55,0,3,3,0.151,0.147,/vs/vet-vs-pet,0.156,0.163,0.353,0.055
vs,zh,/vs/pet-vs-shop,.pet vs .shop,1340,1120,1548,59,59,0,3,3,0.199,0.182,/vs/vet-vs-pet,0.196,0.216,0.327,0.042
vs,en,/vs/ph-vs-sg,.ph vs .sg,755,600,3379,49,49,0,3,3,0.352,0.332,/vs/id-vs-sg,0.181,0.205,0.37,0.061
vs,zh,/vs/ph-vs-sg,.ph vs .sg,1163,962,1383,47,47,0,3,3,0.458,0.402,/vs/id-vs-sg,0.195,0.23,0.386,0.083
vs,en,/vs/photo-vs-photography,.photo vs .photography,669,535,2950,46,46,0,3,3,0.171,0.18,/vs/photography-vs-photos,0.224,0.257,0.429,0.065
vs,zh,/vs/photo-vs-photography,.photo vs .photography,1061,879,1344,45,45,0,3,3,0.252,0.249,/vs/photography-vs-photos,0.265,0.292,0.439,0.059
vs,en,/vs/photography-vs-photos,.photography vs .photos,635,490,2838,46,46,0,3,3,0.197,0.189,/vs/photos-vs-gallery,0.251,0.274,0.429,0.087
vs,zh,/vs/photography-vs-photos,.photography vs .photos,1000,803,1292,47,47,0,3,3,0.252,0.249,/vs/photo-vs-photography,0.294,0.326,0.419,0.059
vs,en,/vs/photos-vs-gallery,.photos vs .gallery,646,502,2848,47,47,0,3,3,0.207,0.227,/vs/gallery-vs-art,0.238,0.252,0.419,0.17
vs,zh,/vs/photos-vs-gallery,.photos vs .gallery,1031,832,1272,47,47,0,3,3,0.293,0.268,/vs/gallery-vs-art,0.286,0.296,0.419,0.083
vs,en,/vs/pics-vs-photos,.pics vs .photos,787,650,3518,48,48,0,3,3,0.173,0.162,/vs/photography-vs-photos,0.19,0.229,0.409,0.167
vs,zh,/vs/pics-vs-photos,.pics vs .photos,1239,1052,1616,49,49,0,3,3,0.22,0.217,/vs/photos-vs-gallery,0.236,0.285,0.4,0.083
vs,en,/vs/pictures-vs-photos,.pictures vs .photos,717,560,3177,49,49,0,3,3,0.175,0.172,/vs/photos-vs-gallery,0.213,0.229,0.4,0.122
vs,zh,/vs/pictures-vs-photos,.pictures vs .photos,1115,905,1440,47,47,0,3,3,0.241,0.222,/vs/photos-vs-gallery,0.253,0.272,0.419,0.056
vs,en,/vs/pink-vs-me,.pink vs .me,672,505,2567,42,42,0,3,3,0.241,0.226,/vs/one-vs-me,0.201,0.212,0.395,0.071
vs,zh,/vs/pink-vs-me,.pink vs .me,956,736,1055,44,44,0,3,3,0.252,0.239,/vs/blog-vs-me,0.298,0.312,0.45,0.094
vs,en,/vs/pizza-vs-com,.pizza vs .com,867,700,3611,51,51,0,3,3,0.128,0.135,/vs/cc-vs-com,0.157,0.162,0.34,0.059
vs,zh,/vs/pizza-vs-com,.pizza vs .com,1308,1091,1527,54,54,0,3,3,0.173,0.167,/vs/finance-vs-com,0.197,0.215,0.36,0.044
vs,en,/vs/pk-vs-in,.pk vs .in,705,559,3019,49,49,0,3,3,0.13,0.132,/vs/in-vs-com,0.157,0.185,0.304,0.082
vs,zh,/vs/pk-vs-in,.pk vs .in,1093,901,1266,46,46,0,3,3,0.193,0.148,/vs/ge-vs-tr,0.215,0.253,0.395,0.088
vs,en,/vs/pl-vs-eu,.pl vs .eu,801,643,3336,48,48,0,3,3,0.23,0.338,/vs/es-vs-eu,0.164,0.198,0.378,0.104
vs,zh,/vs/pl-vs-eu,.pl vs .eu,1197,993,1414,49,49,0,3,3,0.419,0.377,/vs/es-vs-eu,0.193,0.24,0.37,0.114
vs,en,/vs/place-vs-space,.place vs .space,803,653,3438,49,49,0,3,3,0.147,0.148,/vs/shopping-vs-shop,0.188,0.216,0.4,0.122
vs,zh,/vs/place-vs-space,.place vs .space,1246,1044,1566,50,50,0,3,3,0.199,0.183,/vs/shopping-vs-shop,0.228,0.269,0.391,0.1
vs,en,/vs/plumbing-vs-repair,.plumbing vs .repair,767,611,3328,49,49,0,3,3,0.171,0.168,/vs/repair-vs-services,0.21,0.236,0.4,0.122
vs,zh,/vs/plumbing-vs-repair,.plumbing vs .repair,1153,950,1492,48,48,0,3,3,0.215,0.2,/vs/repair-vs-services,0.255,0.271,0.409,0.054
vs,en,/vs/plus-vs-vip,.plus vs .vip,760,592,3071,48,48,0,3,3,0.175,0.171,/vs/vip-vs-club,0.199,0.22,0.409,0.063
vs,zh,/vs/plus-vs-vip,.plus vs .vip,1104,888,1282,48,48,0,3,3,0.215,0.2,/vs/luxury-vs-vip,0.268,0.307,0.409,0.057
vs,en,/vs/poker-vs-games,.poker vs .games,755,588,3201,48,48,0,3,3,0.215,0.201,/vs/bet-vs-poker,0.203,0.22,0.409,0.063
vs,zh,/vs/poker-vs-games,.poker vs .games,1192,971,1427,49,49,0,3,3,0.28,0.257,/vs/bet-vs-poker,0.235,0.266,0.4,0.053
vs,en,/vs/press-vs-news,.press vs .news,641,514,2858,50,50,0,3,3,0.181,0.174,/vs/news-vs-media,0.234,0.252,0.37,0.08
vs,zh,/vs/press-vs-news,.press vs .news,988,808,1201,47,47,0,3,3,0.215,0.205,/vs/news-vs-media,0.28,0.298,0.419,0.081
vs,en,/vs/pro-vs-co,.pro vs .co,732,585,3060,43,43,0,3,3,0.177,0.176,/vs/co-vs-me,0.167,0.169,0.308,0.07
vs,zh,/vs/pro-vs-co,.pro vs .co,1166,964,1419,45,45,0,3,3,0.31,0.28,/vs/co-vs-me,0.226,0.246,0.439,0.061
vs,en,/vs/pro-vs-vip,.pro vs .vip,796,630,3341,51,51,0,3,3,0.164,0.169,/vs/vip-vs-club,0.188,0.191,0.383,0.059
vs,zh,/vs/pro-vs-vip,.pro vs .vip,1229,1009,1417,48,48,0,3,3,0.186,0.176,/vs/vip-vs-club,0.209,0.23,0.409,0.056
vs,en,/vs/productions-vs-studio,.productions vs .studio,725,558,3125,50,50,0,3,3,0.176,0.172,/vs/art-vs-studio,0.219,0.231,0.391,0.12
vs,zh,/vs/productions-vs-studio,.productions vs .studio,1147,928,1490,49,49,0,3,3,0.215,0.199,/vs/salon-vs-studio,0.254,0.271,0.4,0.077
vs,en,/vs/promo-vs-shop,.promo vs .shop,682,512,2698,48,48,0,3,3,0.19,0.178,/vs/gifts-vs-shop,0.236,0.258,0.409,0.146
vs,zh,/vs/promo-vs-shop,.promo vs .shop,1048,825,1197,47,47,0,3,3,0.276,0.244,/vs/gifts-vs-shop,0.288,0.305,0.419,0.105
vs,en,/vs/properties-vs-estate,.properties vs .estate,655,515,2957,45,45,0,3,3,0.202,0.198,/vs/estate-vs-land,0.23,0.258,0.439,0.089
vs,zh,/vs/properties-vs-estate,.properties vs .estate,1014,825,1352,44,44,0,3,3,0.266,0.252,/vs/properties-vs-rentals,0.272,0.302,0.45,0.061
vs,en,/vs/properties-vs-rentals,.properties vs .rentals,658,516,2917,45,45,0,3,3,0.219,0.208,/vs/apartments-vs-rentals,0.23,0.247,0.439,0.089
vs,zh,/vs/properties-vs-rentals,.properties vs .rentals,987,794,1324,44,44,0,3,3,0.266,0.252,/vs/properties-vs-estate,0.283,0.308,0.45,0.063
vs,en,/vs/pub-vs-bar,.pub vs .bar,709,548,2829,48,48,0,3,3,0.197,0.188,/vs/beer-vs-pub,0.219,0.238,0.409,0.083
vs,zh,/vs/pub-vs-bar,.pub vs .bar,1159,946,1471,50,50,0,3,3,0.272,0.252,/vs/beer-vs-pub,0.22,0.257,0.391,0.083
vs,en,/vs/qa-vs-ae,.qa vs .ae,735,585,2986,47,46,0.021,3,3,0.21,0.218,/vs/sa-vs-ae,0.174,0.201,0.372,0.065
vs,zh,/vs/qa-vs-ae,.qa vs .ae,1113,915,1268,44,43,0.023,3,3,0.242,0.234,/vs/sa-vs-ae,0.193,0.228,0.4,0.1
vs,en,/vs/quest-vs-fun,.quest vs .fun,800,634,3367,48,48,0,3,3,0.346,0.327,/vs/quest-vs-games,0.198,0.228,0.409,0.125
vs,zh,/vs/quest-vs-fun,.quest vs .fun,1217,999,1479,49,49,0,3,3,0.35,0.324,/vs/quest-vs-games,0.26,0.291,0.4,0.086
vs,en,/vs/quest-vs-games,.quest vs .games,803,638,3488,48,48,0,3,3,0.346,0.327,/vs/quest-vs-fun,0.198,0.226,0.409,0.125
vs,zh,/vs/quest-vs-games,.quest vs .games,1273,1057,1553,49,49,0,3,3,0.35,0.324,/vs/quest-vs-fun,0.237,0.263,0.4,0.081
vs,en,/vs/recipes-vs-menu,.recipes vs .menu,767,610,3340,50,50,0,3,3,0.193,0.2,/vs/menu-vs-restaurant,0.212,0.228,0.391,0.1
vs,zh,/vs/recipes-vs-menu,.recipes vs .menu,1173,970,1508,48,48,0,3,3,0.256,0.24,/vs/menu-vs-restaurant,0.263,0.281,0.409,0.053
vs,en,/vs/red-vs-vip,.red vs .vip,939,771,4109,54,54,0,3,3,0.161,0.168,/vs/gold-vs-vip,0.148,0.152,0.36,0.056
vs,zh,/vs/red-vs-vip,.red vs .vip,1396,1180,1637,57,57,0,3,3,0.215,0.208,/vs/gold-vs-vip,0.177,0.197,0.34,0.05
vs,en,/vs/rehab-vs-care,.rehab vs .care,832,671,3771,49,49,0,3,3,0.2,0.196,/vs/care-vs-doctor,0.185,0.203,0.4,0.143
vs,zh,/vs/rehab-vs-care,.rehab vs .care,1329,1119,1658,50,50,0,3,3,0.291,0.267,/vs/clinic-vs-care,0.217,0.255,0.391,0.132
vs,en,/vs/rent-vs-rentals,.rent vs .rentals,732,596,3223,48,48,0,3,3,0.165,0.176,/vs/apartments-vs-rentals,0.212,0.232,0.409,0.063
vs,zh,/vs/rent-vs-rentals,.rent vs .rentals,1155,967,1483,48,48,0,3,3,0.23,0.221,/vs/apartments-vs-rentals,0.257,0.299,0.409,0.053
vs,en,/vs/repair-vs-services,.repair vs .services,700,531,2880,44,44,0,3,3,0.188,0.182,/vs/solutions-vs-services,0.234,0.269,0.45,0.114
vs,zh,/vs/repair-vs-services,.repair vs .services,1046,826,1322,44,44,0,3,3,0.224,0.216,/vs/solutions-vs-services,0.272,0.303,0.45,0.065
vs,en,/vs/report-vs-news,.report vs .news,781,654,3564,51,51,0,3,3,0.161,0.149,/vs/press-vs-news,0.192,0.226,0.362,0.137
vs,zh,/vs/report-vs-news,.report vs .news,1224,1044,1623,50,50,0,3,3,0.199,0.183,/vs/press-vs-news,0.233,0.276,0.391,0.143
vs,en,/vs/restaurant-vs-bar,.restaurant vs .bar,915,746,3929,57,57,0,3,3,0.163,0.156,/vs/restaurant-vs-cafe,0.156,0.16,0.34,0.088
vs,zh,/vs/restaurant-vs-bar,.restaurant vs .bar,1445,1225,1888,61,61,0,3,3,0.25,0.231,/vs/wine-vs-bar,0.177,0.196,0.316,0.087
vs,en,/vs/restaurant-vs-cafe,.restaurant vs .cafe,701,531,2820,46,46,0,3,3,0.208,0.201,/vs/farm-vs-cafe,0.234,0.243,0.429,0.109
vs,zh,/vs/restaurant-vs-cafe,.restaurant vs .cafe,1026,805,1233,48,48,0,3,3,0.294,0.268,/vs/farm-vs-cafe,0.304,0.317,0.409,0.056
vs,en,/vs/review-vs-reviews,.review vs .reviews,712,595,3312,51,51,0,3,3,0.157,0.16,/vs/reviews-vs-blog,0.204,0.219,0.383,0.098
vs,zh,/vs/review-vs-reviews,.review vs .reviews,1149,986,1481,48,48,0,3,3,0.207,0.2,/vs/reviews-vs-blog,0.24,0.261,0.409,0.056
vs,en,/vs/reviews-vs-blog,.reviews vs .blog,673,544,2974,45,45,0,3,3,0.261,0.24,/vs/dad-vs-blog,0.222,0.252,0.439,0.133
vs,zh,/vs/reviews-vs-blog,.reviews vs .blog,1070,895,1366,45,45,0,3,3,0.338,0.31,/vs/dad-vs-blog,0.252,0.276,0.439,0.118
vs,en,/vs/ro-vs-pl,.ro vs .pl,764,611,3214,48,48,0,3,3,0.314,0.331,/vs/cz-vs-pl,0.152,0.175,0.341,0.104
vs,zh,/vs/ro-vs-pl,.ro vs .pl,1180,979,1342,44,44,0,3,3,0.4,0.37,/vs/cz-vs-pl,0.184,0.233,0.4,0.125
vs,en,/vs/rocks-vs-fun,.rocks vs .fun,911,745,3795,55,55,0,3,3,0.148,0.144,/vs/surf-vs-fun,0.158,0.167,0.353,0.091
vs,zh,/vs/rocks-vs-fun,.rocks vs .fun,1348,1130,1666,60,59,0.017,3,3,0.202,0.197,/vs/cool-vs-fun,0.192,0.21,0.327,0.065
vs,en,/vs/rs-vs-io,.rs vs .io,790,625,3271,49,49,0,3,3,0.154,0.175,/vs/app-vs-io,0.162,0.179,0.348,0.102
vs,zh,/vs/rs-vs-io,.rs vs .io,1191,975,1404,48,48,0,3,3,0.214,0.2,/vs/app-vs-io,0.202,0.232,0.4,0.108
vs,en,/vs/rugby-vs-football,.rugby vs .football,776,624,3364,47,47,0,3,3,0.205,0.191,/vs/soccer-vs-football,0.198,0.243,0.419,0.085
vs,zh,/vs/rugby-vs-football,.rugby vs .football,1271,1068,1634,49,49,0,3,3,0.259,0.246,/vs/soccer-vs-football,0.228,0.276,0.4,0.122
vs,en,/vs/run-vs-club,.run vs .club,806,638,3410,55,55,0,3,3,0.129,0.128,/vs/community-vs-club,0.181,0.183,0.353,0.055
vs,zh,/vs/run-vs-club,.run vs .club,1317,1095,1645,58,58,0,3,3,0.158,0.154,/vs/center-vs-club,0.186,0.208,0.333,0.061
vs,en,/vs/sa-vs-ae,.sa vs .ae,715,562,2928,48,48,0,3,3,0.21,0.218,/vs/qa-vs-ae,0.18,0.208,0.364,0.063
vs,zh,/vs/sa-vs-ae,.sa vs .ae,1071,870,1163,46,46,0,3,3,0.243,0.234,/vs/tr-vs-ae,0.216,0.258,0.381,0.118
vs,en,/vs/sale-vs-shop,.sale vs .shop,716,550,2840,48,48,0,3,3,0.172,0.16,/vs/toys-vs-shop,0.213,0.243,0.409,0.085
vs,zh,/vs/sale-vs-shop,.sale vs .shop,1070,854,1273,48,48,0,3,3,0.245,0.227,/vs/toys-vs-shop,0.269,0.31,0.409,0.063
vs,en,/vs/salon-vs-studio,.salon vs .studio,686,519,2709,48,48,0,3,3,0.203,0.196,/vs/beauty-vs-salon,0.229,0.251,0.409,0.104
vs,zh,/vs/salon-vs-studio,.salon vs .studio,1040,821,1224,48,48,0,3,3,0.251,0.231,/vs/beauty-vs-salon,0.281,0.32,0.409,0.057
vs,en,/vs/sbs-vs-xyz,.sbs vs .xyz,791,656,3537,48,48,0,3,3,0.154,0.158,/vs/icu-vs-xyz,0.176,0.199,0.409,0.083
vs,zh,/vs/sbs-vs-xyz,.sbs vs .xyz,1230,1050,1503,49,49,0,3,3,0.22,0.213,/vs/icu-vs-xyz,0.226,0.252,0.4,0.143
vs,en,/vs/se-vs-com,.se vs .com,764,598,3157,51,51,0,3,3,0.232,0.207,/vs/dk-vs-se,0.164,0.18,0.271,0.098
vs,zh,/vs/se-vs-com,.se vs .com,1194,977,1375,51,51,0,3,3,0.328,0.292,/vs/fi-vs-se,0.208,0.257,0.375,0.111
vs,en,/vs/services-vs-agency,.services vs .agency,682,513,2865,48,48,0,3,3,0.255,0.238,/vs/marketing-vs-agency,0.232,0.256,0.409,0.104
vs,zh,/vs/services-vs-agency,.services vs .agency,1065,845,1298,46,46,0,3,3,0.331,0.294,/vs/marketing-vs-agency,0.273,0.308,0.429,0.061
vs,en,/vs/sg-vs-asia,.sg vs .asia,827,666,3704,46,46,0,3,3,0.226,0.216,/vs/asia-vs-global,0.164,0.19,0.395,0.109
vs,zh,/vs/sg-vs-asia,.sg vs .asia,1294,1087,1512,47,47,0,3,3,0.318,0.293,/vs/hk-vs-sg,0.191,0.237,0.386,0.132
vs,en,/vs/sh-vs-dev,.sh vs .dev,825,661,3317,47,47,0,3,3,0.149,0.157,/vs/io-vs-sh,0.153,0.154,0.349,0.064
vs,zh,/vs/sh-vs-dev,.sh vs .dev,1221,1003,1486,48,48,0,3,3,0.214,0.211,/vs/io-vs-dev,0.202,0.211,0.409,0.054
vs,en,/vs/shoes-vs-fashion,.shoes vs .fashion,729,570,3198,47,47,0,3,3,0.361,0.333,/vs/shoes-vs-store,0.219,0.246,0.419,0.128
vs,zh,/vs/shoes-vs-fashion,.shoes vs .fashion,1090,881,1369,47,47,0,3,3,0.424,0.386,/vs/shoes-vs-store,0.275,0.314,0.419,0.057
vs,en,/vs/shoes-vs-store,.shoes vs .store,743,576,3055,47,47,0,3,3,0.361,0.333,/vs/shoes-vs-fashion,0.211,0.239,0.419,0.109
vs,zh,/vs/shoes-vs-store,.shoes vs .store,1066,845,1284,47,47,0,3,3,0.424,0.386,/vs/shoes-vs-fashion,0.273,0.312,0.419,0.057
vs,en,/vs/shop-vs-com,.shop vs .com,759,591,3051,47,47,0,3,3,0.15,0.154,/vs/biz-vs-com,0.2,0.207,0.372,0.064
vs,zh,/vs/shop-vs-com,.shop vs .com,1156,937,1397,47,47,0,3,3,0.211,0.198,/vs/shop-vs-store,0.237,0.247,0.419,0.053
vs,en,/vs/shop-vs-store,.shop vs .store,718,550,2833,48,48,0,3,3,0.157,0.154,/vs/promo-vs-shop,0.225,0.231,0.409,0.063
vs,zh,/vs/shop-vs-store,.shop vs .store,1107,887,1410,50,50,0,3,3,0.211,0.198,/vs/shop-vs-com,0.239,0.253,0.391,0.047
vs,en,/vs/shopping-vs-shop,.shopping vs .shop,780,614,3478,50,50,0,3,3,0.167,0.168,/vs/gifts-vs-shop,0.195,0.217,0.391,0.1
vs,zh,/vs/shopping-vs-shop,.shopping vs .shop,1214,998,1515,50,50,0,3,3,0.27,0.25,/vs/kaufen-vs-shop,0.235,0.27,0.391,0.079
vs,en,/vs/singles-vs-dating,.singles vs .dating,780,631,3561,48,48,0,3,3,0.24,0.218,/vs/dating-vs-love,0.202,0.222,0.409,0.208
vs,zh,/vs/singles-vs-dating,.singles vs .dating,1217,1019,1590,49,49,0,3,3,0.289,0.259,/vs/dating-vs-love,0.247,0.281,0.4,0.146
vs,en,/vs/site-vs-com,.site vs .com,857,688,3463,49,49,0,3,3,0.134,0.131,/vs/biz-vs-com,0.165,0.169,0.356,0.061
vs,zh,/vs/site-vs-com,.site vs .com,1280,1060,1501,53,53,0,3,3,0.177,0.172,/vs/zone-vs-site,0.2,0.202,0.367,0.048
vs,en,/vs/sk-vs-cz,.sk vs .cz,803,653,3454,48,48,0,3,3,0.3,0.286,/vs/hu-vs-cz,0.157,0.179,0.364,0.104
vs,zh,/vs/sk-vs-cz,.sk vs .cz,1235,1037,1373,45,45,0,3,3,0.366,0.332,/vs/hu-vs-cz,0.18,0.221,0.39,0.125
vs,en,/vs/skin-vs-beauty,.skin vs .beauty,700,569,3274,48,47,0.021,3,3,0.161,0.166,/vs/beauty-vs-salon,0.211,0.227,0.409,0.064
vs,zh,/vs/skin-vs-beauty,.skin vs .beauty,1142,962,1427,48,47,0.021,3,3,0.21,0.2,/vs/beauty-vs-salon,0.251,0.267,0.409,0.051
vs,en,/vs/so-vs-io,.so vs .io,879,717,3615,52,52,0,3,3,0.151,0.188,/vs/app-vs-io,0.146,0.159,0.327,0.077
vs,zh,/vs/so-vs-io,.so vs .io,1271,1058,1521,51,51,0,3,3,0.237,0.228,/vs/io-vs-tech,0.184,0.198,0.375,0.075
vs,en,/vs/soccer-vs-club,.soccer vs .club,709,542,2909,45,45,0,3,3,0.244,0.248,/vs/soccer-vs-football,0.226,0.261,0.439,0.067
vs,zh,/vs/soccer-vs-club,.soccer vs .club,1087,863,1276,45,45,0,3,3,0.295,0.294,/vs/soccer-vs-football,0.271,0.297,0.439,0.057
vs,en,/vs/soccer-vs-football,.soccer vs .football,713,553,3048,44,43,0.023,3,3,0.249,0.248,/vs/football-vs-team,0.223,0.263,0.45,0.07
vs,zh,/vs/soccer-vs-football,.soccer vs .football,1110,896,1352,45,44,0.022,3,3,0.309,0.294,/vs/football-vs-team,0.26,0.299,0.439,0.079
vs,en,/vs/social-vs-com,.social vs .com,806,641,3483,52,52,0,3,3,0.147,0.146,/vs/biz-vs-com,0.176,0.191,0.333,0.096
vs,zh,/vs/social-vs-com,.social vs .com,1282,1068,1602,52,52,0,3,3,0.186,0.17,/vs/page-vs-com,0.202,0.223,0.375,0.071
vs,en,/vs/software-vs-app,.software vs .app,674,512,2861,47,47,0,3,3,0.194,0.187,/vs/tools-vs-app,0.238,0.263,0.419,0.085
vs,zh,/vs/software-vs-app,.software vs .app,1044,832,1262,47,47,0,3,3,0.226,0.211,/vs/app-vs-site,0.272,0.301,0.419,0.065
vs,en,/vs/solutions-vs-services,.solutions vs .services,668,510,2862,45,45,0,3,3,0.239,0.238,/vs/services-vs-agency,0.241,0.264,0.439,0.244
vs,zh,/vs/solutions-vs-services,.solutions vs .services,1032,825,1313,47,47,0,3,3,0.289,0.287,/vs/services-vs-agency,0.283,0.317,0.419,0.061
vs,en,/vs/spa-vs-salon,.spa vs .salon,736,583,3026,47,47,0,3,3,0.179,0.166,/vs/salon-vs-studio,0.207,0.22,0.419,0.128
vs,zh,/vs/spa-vs-salon,.spa vs .salon,1122,923,1399,48,48,0,3,3,0.22,0.206,/vs/salon-vs-studio,0.246,0.285,0.409,0.083
vs,en,/vs/space-vs-site,.space vs .site,745,579,2961,47,47,0,3,3,0.182,0.174,/vs/online-vs-site,0.212,0.218,0.419,0.064
vs,zh,/vs/space-vs-site,.space vs .site,1118,896,1315,47,47,0,3,3,0.224,0.209,/vs/online-vs-site,0.252,0.255,0.419,0.05
vs,en,/vs/store-vs-com,.store vs .com,828,661,3584,50,50,0,3,3,0.134,0.133,/vs/cc-vs-com,0.168,0.171,0.348,0.06
vs,zh,/vs/store-vs-com,.store vs .com,1287,1068,1503,54,54,0,3,3,0.169,0.167,/vs/tech-vs-com,0.197,0.202,0.36,0.044
vs,en,/vs/store-vs-online,.store vs .online,722,555,2845,49,49,0,3,3,0.165,0.164,/vs/online-vs-site,0.223,0.227,0.4,0.061
vs,zh,/vs/store-vs-online,.store vs .online,1079,859,1301,47,47,0,3,3,0.211,0.193,/vs/online-vs-site,0.256,0.263,0.419,0.049
vs,en,/vs/stream-vs-live,.stream vs .live,691,559,3036,49,49,0,3,3,0.156,0.164,/vs/events-vs-live,0.172,0.186,0.311,0.082
vs,zh,/vs/stream-vs-live,.stream vs .live,1070,886,1291,49,49,0,3,3,0.207,0.192,/vs/events-vs-live,0.269,0.283,0.4,0.079
vs,en,/vs/studio-vs-co,.studio vs .co,767,601,3157,49,49,0,3,3,0.146,0.153,/vs/org-vs-co,0.156,0.16,0.267,0.061
vs,zh,/vs/studio-vs-co,.studio vs .co,1197,978,1412,52,52,0,3,3,0.208,0.196,/vs/agency-vs-co,0.217,0.229,0.375,0.05
vs,en,/vs/studio-vs-design,.studio vs .design,699,550,3036,45,45,0,3,3,0.169,0.163,/vs/art-vs-studio,0.228,0.234,0.439,0.067
vs,zh,/vs/studio-vs-design,.studio vs .design,1071,870,1422,46,46,0,3,3,0.206,0.193,/vs/salon-vs-studio,0.246,0.272,0.429,0.075
vs,en,/vs/study-vs-courses,.study vs .courses,735,587,3309,47,46,0.021,3,3,0.208,0.199,/vs/courses-vs-academy,0.205,0.224,0.395,0.152
vs,zh,/vs/study-vs-courses,.study vs .courses,1175,983,1528,46,45,0.022,3,3,0.275,0.257,/vs/courses-vs-academy,0.251,0.267,0.405,0.086
vs,en,/vs/supplies-vs-supply,.supplies vs .supply,773,620,3572,49,49,0,3,3,0.182,0.173,/vs/supply-vs-express,0.204,0.208,0.4,0.102
vs,zh,/vs/supplies-vs-supply,.supplies vs .supply,1211,1004,1689,48,48,0,3,3,0.235,0.233,/vs/supply-vs-express,0.226,0.246,0.409,0.051
vs,en,/vs/supply-vs-express,.supply vs .express,760,602,3617,50,50,0,3,3,0.186,0.177,/vs/express-vs-store,0.204,0.223,0.391,0.1
vs,zh,/vs/supply-vs-express,.supply vs .express,1183,972,1600,48,48,0,3,3,0.235,0.233,/vs/supplies-vs-supply,0.232,0.272,0.409,0.053
vs,en,/vs/support-vs-center,.support vs .center,746,592,3315,49,49,0,3,3,0.166,0.18,/vs/help-vs-support,0.214,0.242,0.4,0.102
vs,zh,/vs/support-vs-center,.support vs .center,1130,926,1478,49,49,0,3,3,0.233,0.22,/vs/help-vs-support,0.247,0.277,0.4,0.103
vs,en,/vs/surf-vs-fun,.surf vs .fun,727,561,2934,46,46,0,3,3,0.236,0.236,/vs/surf-vs-travel,0.229,0.261,0.429,0.109
vs,zh,/vs/surf-vs-fun,.surf vs .fun,1115,897,1249,46,46,0,3,3,0.275,0.259,/vs/surf-vs-travel,0.27,0.297,0.429,0.063
vs,en,/vs/surf-vs-travel,.surf vs .travel,761,596,3180,46,46,0,3,3,0.392,0.315,/vs/golf-vs-travel,0.212,0.244,0.429,0.109
vs,zh,/vs/surf-vs-travel,.surf vs .travel,1165,950,1384,46,46,0,3,3,0.455,0.414,/vs/golf-vs-travel,0.253,0.279,0.429,0.086
vs,en,/vs/surgery-vs-clinic,.surgery vs .clinic,819,665,3851,52,52,0,3,3,0.214,0.19,/vs/hospital-vs-clinic,0.19,0.214,0.375,0.154
vs,zh,/vs/surgery-vs-clinic,.surgery vs .clinic,1268,1064,1689,52,52,0,3,3,0.329,0.303,/vs/hospital-vs-clinic,0.237,0.286,0.375,0.093
vs,en,/vs/systems-vs-network,.systems vs .network,648,500,2884,48,48,0,3,3,0.162,0.138,/vs/photography-vs-photos,0.25,0.274,0.409,0.146
vs,zh,/vs/systems-vs-network,.systems vs .network,1033,834,1338,48,48,0,3,3,0.202,0.179,/vs/services-vs-agency,0.284,0.319,0.409,0.108
vs,en,/vs/tattoo-vs-ink,.tattoo vs .ink,744,608,3197,49,49,0,3,3,0.151,0.155,/vs/ink-vs-art,0.207,0.221,0.4,0.102
vs,zh,/vs/tattoo-vs-ink,.tattoo vs .ink,1222,1033,1584,50,50,0,3,3,0.224,0.209,/vs/ink-vs-art,0.226,0.245,0.391,0.077
vs,en,/vs/tax-vs-finance,.tax vs .finance,705,543,2883,48,48,0,3,3,0.203,0.182,/vs/accountants-vs-tax,0.225,0.251,0.409,0.104
vs,zh,/vs/tax-vs-finance,.tax vs .finance,1065,857,1302,47,47,0,3,3,0.235,0.213,/vs/accountants-vs-tax,0.27,0.307,0.419,0.061
vs,en,/vs/taxi-vs-city,.taxi vs .city,691,523,2754,46,46,0,3,3,0.198,0.183,/vs/limo-vs-taxi,0.243,0.264,0.429,0.13
vs,zh,/vs/taxi-vs-city,.taxi vs .city,1043,825,1206,45,45,0,3,3,0.225,0.206,/vs/limo-vs-taxi,0.284,0.305,0.439,0.097
vs,en,/vs/team-vs-com,.team vs .com,803,635,3354,51,51,0,3,3,0.139,0.138,/vs/biz-vs-com,0.177,0.186,0.34,0.078
vs,zh,/vs/team-vs-com,.team vs .com,1215,993,1477,52,52,0,3,3,0.176,0.162,/vs/world-vs-com,0.21,0.228,0.375,0.077
vs,en,/vs/tech-vs-com,.tech vs .com,830,662,3520,52,52,0,3,3,0.139,0.142,/vs/biz-vs-com,0.172,0.178,0.333,0.058
vs,zh,/vs/tech-vs-com,.tech vs .com,1257,1039,1466,55,55,0,3,3,0.175,0.171,/vs/page-vs-com,0.206,0.214,0.353,0.045
vs,en,/vs/technology-vs-tech,.technology vs .tech,669,506,2740,45,45,0,3,3,0.176,0.158,/vs/computer-vs-tech,0.244,0.267,0.439,0.089
vs,zh,/vs/technology-vs-tech,.technology vs .tech,1030,818,1270,46,46,0,3,3,0.21,0.196,/vs/computer-vs-tech,0.287,0.326,0.429,0.054
vs,en,/vs/tennis-vs-club,.tennis vs .club,714,547,2919,45,45,0,3,3,0.372,0.289,/vs/golf-vs-club,0.222,0.254,0.439,0.089
vs,zh,/vs/tennis-vs-club,.tennis vs .club,1117,895,1301,45,45,0,3,3,0.387,0.337,/vs/golf-vs-club,0.271,0.296,0.439,0.059
vs,en,/vs/tennis-vs-coach,.tennis vs .coach,729,566,3040,45,45,0,3,3,0.244,0.252,/vs/tennis-vs-club,0.215,0.248,0.439,0.089
vs,zh,/vs/tennis-vs-coach,.tennis vs .coach,1111,895,1324,45,45,0,3,3,0.317,0.302,/vs/tennis-vs-club,0.27,0.298,0.439,0.091
vs,en,/vs/th-vs-vn,.th vs .vn,704,557,3118,50,50,0,3,3,0.137,0.22,/vs/vn-vs-id,0.116,0.137,0.239,0.08
vs,zh,/vs/th-vs-vn,.th vs .vn,1267,1072,1491,50,50,0,3,3,0.339,0.319,/vs/vn-vs-id,0.17,0.204,0.348,0.194
vs,en,/vs/theater-vs-show,.theater vs .show,732,585,3168,49,49,0,3,3,0.204,0.193,/vs/watch-vs-show,0.215,0.236,0.4,0.122
vs,zh,/vs/theater-vs-show,.theater vs .show,1139,943,1504,50,50,0,3,3,0.239,0.227,/vs/watch-vs-show,0.244,0.287,0.391,0.1
vs,en,/vs/tickets-vs-events,.tickets vs .events,768,615,3418,48,48,0,3,3,0.167,0.171,/vs/party-vs-events,0.199,0.223,0.409,0.125
vs,zh,/vs/tickets-vs-events,.tickets vs .events,1189,985,1565,49,49,0,3,3,0.226,0.211,/vs/events-vs-live,0.24,0.273,0.4,0.053
vs,en,/vs/tienda-vs-shop,.tienda vs .shop,873,707,3899,49,49,0,3,3,0.318,0.298,/vs/kaufen-vs-shop,0.173,0.181,0.4,0.143
vs,zh,/vs/tienda-vs-shop,.tienda vs .shop,1310,1094,1607,49,49,0,3,3,0.413,0.37,/vs/kaufen-vs-shop,0.23,0.259,0.4,0.128
vs,en,/vs/tips-vs-blog,.tips vs .blog,678,516,2770,48,48,0,3,3,0.171,0.17,/vs/reviews-vs-blog,0.233,0.264,0.409,0.125
vs,zh,/vs/tips-vs-blog,.tips vs .blog,1036,825,1283,48,48,0,3,3,0.248,0.227,/vs/guide-vs-tips,0.262,0.293,0.409,0.088
vs,en,/vs/tires-vs-autos,.tires vs .autos,829,681,3694,50,50,0,3,3,0.175,0.168,/vs/autos-vs-repair,0.183,0.208,0.391,0.18
vs,zh,/vs/tires-vs-autos,.tires vs .autos,1302,1107,1647,50,50,0,3,3,0.315,0.291,/vs/autos-vs-repair,0.235,0.283,0.391,0.056
vs,en,/vs/tokyo-vs-asia,.tokyo vs .asia,825,737,3976,49,49,0,3,3,0.201,0.187,/vs/asia-vs-global,0.162,0.184,0.378,0.122
vs,zh,/vs/tokyo-vs-asia,.tokyo vs .asia,1372,1240,1735,50,50,0,3,3,0.246,0.229,/vs/asia-vs-global,0.205,0.238,0.37,0.186
vs,en,/vs/tools-vs-app,.tools vs .app,655,493,2743,44,44,0,3,3,0.197,0.187,/vs/app-vs-site,0.244,0.251,0.45,0.068
vs,zh,/vs/tools-vs-app,.tools vs .app,1058,846,1225,44,44,0,3,3,0.234,0.213,/vs/app-vs-site,0.273,0.287,0.45,0.057
vs,en,/vs/tours-vs-vacations,.tours vs .vacations,680,525,2884,46,46,0,3,3,0.246,0.237,/vs/vacations-vs-holiday,0.236,0.243,0.429,0.174
vs,zh,/vs/tours-vs-vacations,.tours vs .vacations,1043,840,1362,44,44,0,3,3,0.303,0.272,/vs/vacations-vs-holiday,0.276,0.286,0.45,0.063
vs,en,/vs/town-vs-city,.town vs .city,824,661,3499,51,51,0,3,3,0.145,0.135,/vs/taxi-vs-city,0.189,0.227,0.383,0.118
vs,zh,/vs/town-vs-city,.town vs .city,1255,1044,1554,51,51,0,3,3,0.202,0.194,/vs/taxi-vs-city,0.226,0.271,0.383,0.053
vs,en,/vs/toys-vs-games,.toys vs .games,732,567,3077,49,49,0,3,3,0.295,0.288,/vs/toys-vs-shop,0.222,0.245,0.4,0.082
vs,zh,/vs/toys-vs-games,.toys vs .games,1129,913,1350,48,48,0,3,3,0.343,0.321,/vs/toys-vs-shop,0.262,0.298,0.409,0.057
vs,en,/vs/toys-vs-shop,.toys vs .shop,733,567,3028,48,48,0,3,3,0.295,0.288,/vs/toys-vs-games,0.21,0.238,0.409,0.146
vs,zh,/vs/toys-vs-shop,.toys vs .shop,1067,851,1239,47,47,0,3,3,0.343,0.321,/vs/toys-vs-games,0.278,0.314,0.419,0.061
vs,en,/vs/tr-vs-ae,.tr vs .ae,784,625,3289,48,48,0,3,3,0.288,0.27,/vs/gr-vs-tr,0.145,0.168,0.341,0.063
vs,zh,/vs/tr-vs-ae,.tr vs .ae,1196,989,1364,46,46,0,3,3,0.376,0.345,/vs/gr-vs-tr,0.181,0.218,0.381,0.114
vs,en,/vs/training-vs-coach,.training vs .coach,705,545,3064,48,48,0,3,3,0.191,0.186,/vs/fitness-vs-coach,0.221,0.246,0.409,0.083
vs,zh,/vs/training-vs-coach,.training vs .coach,1093,880,1406,48,48,0,3,3,0.219,0.216,/vs/fitness-vs-coach,0.256,0.286,0.409,0.053
vs,en,/vs/travel-vs-tours,.travel vs .tours,686,519,2758,46,46,0,3,3,0.238,0.221,/vs/flights-vs-travel,0.237,0.25,0.429,0.13
vs,zh,/vs/travel-vs-tours,.travel vs .tours,1079,859,1265,45,45,0,3,3,0.289,0.262,/vs/flights-vs-travel,0.268,0.299,0.439,0.056
vs,en,/vs/tv-vs-com,.tv vs .com,896,730,3840,55,55,0,3,3,0.146,0.141,/vs/fm-vs-tv,0.15,0.155,0.314,0.055
vs,zh,/vs/tv-vs-com,.tv vs .com,1399,1182,1566,58,58,0,3,3,0.192,0.177,/vs/fm-vs-tv,0.182,0.191,0.333,0.047
vs,en,/vs/tw-vs-hk,.tw vs .hk,761,615,3414,48,48,0,3,3,0.214,0.198,/vs/hk-vs-sg,0.179,0.201,0.378,0.063
vs,zh,/vs/tw-vs-hk,.tw vs .hk,1150,958,1318,48,48,0,3,3,0.27,0.239,/vs/hk-vs-sg,0.215,0.257,0.378,0.088
vs,en,/vs/ua-vs-pl,.ua vs .pl,744,591,3193,49,49,0,3,3,0.293,0.33,/vs/cz-vs-pl,0.171,0.196,0.356,0.102
vs,zh,/vs/ua-vs-pl,.ua vs .pl,1117,916,1301,45,45,0,3,3,0.395,0.37,/vs/ro-vs-pl,0.195,0.241,0.39,0.121
vs,en,/vs/uk-vs-com,.uk vs .com,902,737,3800,58,58,0,3,3,0.233,0.225,/vs/fr-vs-com,0.155,0.161,0.296,0.069
vs,zh,/vs/uk-vs-com,.uk vs .com,1404,1190,1672,59,59,0,3,3,0.313,0.271,/vs/de-vs-com,0.177,0.195,0.327,0.048
vs,en,/vs/university-vs-education,.university vs .education,797,646,3937,50,50,0,3,3,0.18,0.15,/vs/hospital-vs-clinic,0.201,0.224,0.391,0.06
vs,zh,/vs/university-vs-education,.university vs .education,1266,1070,1775,50,50,0,3,3,0.223,0.199,/vs/hospital-vs-clinic,0.233,0.278,0.391,0.122
vs,en,/vs/us-vs-com,.us vs .com,810,645,3290,50,50,0,3,3,0.138,0.15,/vs/nyc-vs-us,0.173,0.178,0.326,0.06
vs,zh,/vs/us-vs-com,.us vs .com,1246,1032,1429,51,51,0,3,3,0.176,0.171,/vs/in-vs-com,0.206,0.21,0.383,0.051
vs,en,/vs/uy-vs-ar,.uy vs .ar,802,655,3526,48,48,0,3,3,0.162,0.151,/vs/ar-vs-cl,0.109,0.124,0.205,0.104
vs,zh,/vs/uy-vs-ar,.uy vs .ar,1225,1030,1430,46,46,0,3,3,0.229,0.21,/vs/ar-vs-cl,0.171,0.208,0.381,0.152
vs,en,/vs/vacations-vs-holiday,.vacations vs .holiday,677,530,3048,46,46,0,3,3,0.246,0.237,/vs/tours-vs-vacations,0.233,0.24,0.429,0.217
vs,zh,/vs/vacations-vs-holiday,.vacations vs .holiday,1042,849,1370,45,45,0,3,3,0.303,0.272,/vs/tours-vs-vacations,0.284,0.293,0.439,0.088
vs,en,/vs/vegas-vs-casino,.vegas vs .casino,781,633,3469,47,47,0,3,3,0.167,0.162,/vs/casino-vs-bet,0.194,0.202,0.419,0.085
vs,zh,/vs/vegas-vs-casino,.vegas vs .casino,1255,1060,1548,48,48,0,3,3,0.198,0.189,/vs/casino-vs-bet,0.222,0.245,0.409,0.051
vs,en,/vs/ventures-vs-capital,.ventures vs .capital,660,539,2905,46,46,0,3,3,0.219,0.225,/vs/capital-vs-fund,0.213,0.247,0.405,0.152
vs,zh,/vs/ventures-vs-capital,.ventures vs .capital,1039,874,1430,46,46,0,3,3,0.28,0.26,/vs/capital-vs-fund,0.256,0.287,0.405,0.057
vs,en,/vs/vet-vs-pet,.vet vs .pet,720,563,3006,48,48,0,3,3,0.168,0.162,/vs/dog-vs-pet,0.231,0.247,0.409,0.125
vs,zh,/vs/vet-vs-pet,.vet vs .pet,1110,903,1276,48,48,0,3,3,0.218,0.204,/vs/dog-vs-pet,0.274,0.292,0.409,0.056
vs,en,/vs/video-vs-tv,.video vs .tv,595,458,2402,43,43,0,3,3,0.187,0.188,/vs/media-vs-tv,0.269,0.287,0.462,0.07
vs,zh,/vs/video-vs-tv,.video vs .tv,952,764,1109,42,42,0,3,3,0.232,0.217,/vs/media-vs-tv,0.294,0.313,0.474,0.125
vs,en,/vs/villas-vs-rentals,.villas vs .rentals,736,576,3304,48,48,0,3,3,0.192,0.182,/vs/apartments-vs-rentals,0.215,0.244,0.409,0.167
vs,zh,/vs/villas-vs-rentals,.villas vs .rentals,1151,939,1483,49,49,0,3,3,0.221,0.215,/vs/rent-vs-rentals,0.249,0.285,0.4,0.081
vs,en,/vs/vin-vs-wine,.vin vs .wine,786,633,3403,49,49,0,3,3,0.172,0.162,/vs/wine-vs-bar,0.194,0.217,0.4,0.102
vs,zh,/vs/vin-vs-wine,.vin vs .wine,1248,1043,1500,50,50,0,3,3,0.205,0.191,/vs/wine-vs-bar,0.228,0.269,0.391,0.053
vs,en,/vs/vip-vs-club,.vip vs .club,757,588,3101,46,46,0,3,3,0.175,0.182,/vs/plus-vs-vip,0.209,0.211,0.429,0.065
vs,zh,/vs/vip-vs-club,.vip vs .club,1091,870,1294,46,46,0,3,3,0.212,0.205,/vs/fun-vs-club,0.253,0.271,0.429,0.054
vs,en,/vs/vip-vs-top,.vip vs .top,676,508,2730,42,42,0,3,3,0.188,0.193,/vs/com-vs-top,0.228,0.23,0.474,0.071
vs,zh,/vs/vip-vs-top,.vip vs .top,1032,816,1077,44,44,0,3,3,0.241,0.227,/vs/com-vs-top,0.272,0.284,0.45,0.067
vs,en,/vs/vision-vs-care,.vision vs .care,815,654,3571,50,50,0,3,3,0.201,0.188,/vs/care-vs-doctor,0.191,0.218,0.391,0.1
vs,zh,/vs/vision-vs-care,.vision vs .care,1243,1033,1584,50,50,0,3,3,0.271,0.254,/vs/clinic-vs-care,0.223,0.274,0.391,0.053
vs,en,/vs/vn-vs-id,.vn vs .id,724,572,3160,48,48,0,3,3,0.282,0.259,/vs/id-vs-sg,0.163,0.182,0.356,0.063
vs,zh,/vs/vn-vs-id,.vn vs .id,1234,1036,1492,47,47,0,3,3,0.339,0.319,/vs/th-vs-vn,0.185,0.226,0.386,0.152
vs,en,/vs/vodka-vs-wine,.vodka vs .wine,786,633,3451,48,48,0,3,3,0.174,0.164,/vs/wine-vs-bar,0.191,0.209,0.409,0.104
vs,zh,/vs/vodka-vs-wine,.vodka vs .wine,1240,1035,1530,49,49,0,3,3,0.197,0.183,/vs/wine-vs-bar,0.219,0.251,0.4,0.051
vs,en,/vs/voyage-vs-tours,.voyage vs .tours,754,600,3359,48,48,0,3,3,0.179,0.17,/vs/travel-vs-tours,0.2,0.221,0.409,0.063
vs,zh,/vs/voyage-vs-tours,.voyage vs .tours,1167,963,1475,49,49,0,3,3,0.224,0.212,/vs/travel-vs-tours,0.253,0.288,0.4,0.05
vs,en,/vs/wang-vs-cn,.wang vs .cn,804,704,3736,48,48,0,3,3,0.202,0.231,/vs/wang-vs-com,0.158,0.186,0.378,0.104
vs,zh,/vs/wang-vs-cn,.wang vs .cn,1299,1146,1515,49,49,0,3,3,0.31,0.306,/vs/wang-vs-com,0.21,0.244,0.391,0.1
vs,en,/vs/wang-vs-com,.wang vs .com,792,627,3414,47,47,0,3,3,0.202,0.231,/vs/wang-vs-cn,0.189,0.217,0.372,0.128
vs,zh,/vs/wang-vs-com,.wang vs .com,1260,1046,1445,49,49,0,3,3,0.31,0.306,/vs/wang-vs-cn,0.243,0.272,0.4,0.125
vs,en,/vs/watch-vs-show,.watch vs .show,710,588,3117,47,47,0,3,3,0.204,0.193,/vs/theater-vs-show,0.214,0.24,0.419,0.128
vs,zh,/vs/watch-vs-show,.watch vs .show,1104,926,1410,47,47,0,3,3,0.239,0.227,/vs/theater-vs-show,0.252,0.288,0.419,0.061
vs,en,/vs/website-vs-site,.website vs .site,696,532,2852,47,47,0,3,3,0.161,0.167,/vs/app-vs-site,0.222,0.237,0.419,0.106
vs,zh,/vs/website-vs-site,.website vs .site,1060,846,1240,47,47,0,3,3,0.214,0.206,/vs/app-vs-site,0.277,0.283,0.419,0.056
vs,en,/vs/wedding-vs-love,.wedding vs .love,737,582,3150,48,48,0,3,3,0.173,0.198,/vs/dating-vs-love,0.212,0.23,0.409,0.063
vs,zh,/vs/wedding-vs-love,.wedding vs .love,1112,908,1420,48,48,0,3,3,0.277,0.266,/vs/love-vs-me,0.262,0.282,0.409,0.059
vs,en,/vs/wiki-vs-info,.wiki vs .info,699,542,2957,45,45,0,3,3,0.187,0.186,/vs/info-vs-net,0.218,0.22,0.439,0.067
vs,zh,/vs/wiki-vs-info,.wiki vs .info,1103,895,1268,44,44,0,3,3,0.252,0.23,/vs/info-vs-com,0.26,0.271,0.45,0.056
vs,en,/vs/win-vs-bet,.win vs .bet,783,627,3427,48,48,0,3,3,0.208,0.206,/vs/win-vs-vip,0.191,0.211,0.409,0.083
vs,zh,/vs/win-vs-bet,.win vs .bet,1274,1067,1494,49,49,0,3,3,0.299,0.276,/vs/win-vs-vip,0.228,0.254,0.4,0.088
vs,en,/vs/win-vs-vip,.win vs .vip,824,654,3512,48,48,0,3,3,0.208,0.206,/vs/win-vs-bet,0.182,0.209,0.409,0.083
vs,zh,/vs/win-vs-vip,.win vs .vip,1245,1023,1435,49,49,0,3,3,0.299,0.276,/vs/win-vs-bet,0.248,0.28,0.4,0.111
vs,en,/vs/wine-vs-bar,.wine vs .bar,661,497,2638,47,47,0,3,3,0.174,0.164,/vs/vodka-vs-wine,0.247,0.253,0.419,0.149
vs,zh,/vs/wine-vs-bar,.wine vs .bar,1093,875,1305,48,48,0,3,3,0.25,0.234,/vs/restaurant-vs-bar,0.254,0.279,0.409,0.121
vs,en,/vs/work-vs-works,.work vs .works,720,564,2938,47,47,0,3,3,0.181,0.167,/vs/careers-vs-work,0.212,0.232,0.419,0.085
vs,zh,/vs/work-vs-works,.work vs .works,1096,887,1362,47,47,0,3,3,0.217,0.202,/vs/careers-vs-work,0.249,0.283,0.419,0.059
vs,en,/vs/works-vs-studio,.works vs .studio,883,715,3780,55,55,0,3,3,0.169,0.159,/vs/art-vs-studio,0.166,0.168,0.353,0.091
vs,zh,/vs/works-vs-studio,.works vs .studio,1304,1086,1682,56,56,0,3,3,0.207,0.195,/vs/art-vs-studio,0.191,0.209,0.346,0.067
vs,en,/vs/world-vs-com,.world vs .com,812,644,3404,51,51,0,3,3,0.137,0.141,/vs/biz-vs-com,0.176,0.181,0.34,0.059
vs,zh,/vs/world-vs-com,.world vs .com,1272,1053,1527,54,54,0,3,3,0.186,0.176,/vs/land-vs-com,0.201,0.218,0.36,0.043
vs,en,/vs/wtf-vs-lol,.wtf vs .lol,556,426,2236,44,44,0,3,3,0.173,0.166,/vs/lol-vs-gg,0.265,0.284,0.425,0.045
vs,zh,/vs/wtf-vs-lol,.wtf vs .lol,867,693,975,44,44,0,3,3,0.227,0.209,/vs/lol-vs-gg,0.295,0.315,0.425,0.065
vs,en,/vs/xyz-vs-top,.xyz vs .top,704,560,2936,46,46,0,3,3,0.189,0.191,/vs/com-vs-top,0.209,0.209,0.429,0.065
vs,zh,/vs/xyz-vs-top,.xyz vs .top,1092,903,1277,45,45,0,3,3,0.263,0.242,/vs/com-vs-top,0.236,0.245,0.439,0.057
vs,en,/vs/yoga-vs-fitness,.yoga vs .fitness,680,521,2736,49,49,0,3,3,0.176,0.175,/vs/fitness-vs-coach,0.238,0.24,0.4,0.163
vs,zh,/vs/yoga-vs-fitness,.yoga vs .fitness,1034,828,1240,48,48,0,3,3,0.242,0.221,/vs/fitness-vs-coach,0.279,0.292,0.409,0.132
vs,en,/vs/za-vs-ng,.za vs .ng,735,585,3145,48,48,0,3,3,0.341,0.321,/vs/ke-vs-ng,0.173,0.198,0.341,0.083
vs,zh,/vs/za-vs-ng,.za vs .ng,1115,917,1321,46,46,0,3,3,0.414,0.376,/vs/ke-vs-ng,0.189,0.23,0.381,0.125
vs,en,/vs/zone-vs-site,.zone vs .site,850,685,3646,51,51,0,3,3,0.136,0.131,/vs/space-vs-site,0.171,0.176,0.383,0.078
vs,zh,/vs/zone-vs-site,.zone vs .site,1309,1090,1619,55,55,0,3,3,0.177,0.172,/vs/site-vs-com,0.19,0.206,0.353,0.048
