group,lang,path,label,bodyWords,proseWords,proseChars,sentences,uniqueSentences,dupSentenceRatio,faqDetails,faqLd,nnMasked,nnRaw,nnPath,templateShare50,templateShare10,templateSentShare,vsReuseFromTld
tld,en,/tld/abogado,.abogado,2345,677,4001,49,39,0.204,3,3,0.239,0.148,/tld/tienda,0.222,0.273,0.359,
tld,zh,/tld/abogado,.abogado,2730,1056,1645,44,36,0.182,3,3,0.3,0.191,/tld/tienda,0.285,0.341,0.417,
tld,en,/tld/academy,.academy,2214,527,2971,48,38,0.208,3,3,0.189,0.117,/tld/school,0.275,0.3,0.395,
tld,zh,/tld/academy,.academy,2636,938,1410,47,38,0.191,3,3,0.247,0.169,/tld/school,0.318,0.364,0.421,
tld,en,/tld/accountants,.accountants,2249,581,3233,49,38,0.224,3,3,0.194,0.11,/tld/engineer,0.261,0.295,0.368,
tld,zh,/tld/accountants,.accountants,2630,956,1563,46,37,0.196,3,3,0.269,0.169,/tld/diamonds,0.329,0.359,0.405,
tld,en,/tld/actor,.actor,2311,643,3545,51,40,0.216,3,3,0.253,0.166,/tld/graphics,0.238,0.296,0.35,
tld,zh,/tld/actor,.actor,2680,1006,1611,44,36,0.182,3,3,0.311,0.201,/tld/graphics,0.297,0.352,0.417,
tld,en,/tld/ae,.ae,2363,689,3680,47,37,0.213,3,3,0.363,0.234,/tld/ph,0.217,0.293,0.378,
tld,zh,/tld/ae,.ae,2814,1134,1442,48,38,0.208,3,3,0.445,0.326,/tld/ph,0.263,0.443,0.395,
tld,en,/tld/agency,.agency,2170,491,2617,40,34,0.15,3,3,0.19,0.126,/tld/space,0.288,0.311,0.441,
tld,zh,/tld/agency,.agency,2573,886,1213,43,36,0.163,3,3,0.222,0.16,/tld/group,0.301,0.327,0.444,
tld,en,/tld/ai,.ai,2148,463,2373,38,33,0.132,3,3,0.093,0.125,/tld/space,0.149,0.167,0.242,
tld,zh,/tld/ai,.ai,2521,824,1108,39,34,0.128,3,3,0.199,0.157,/tld/io,0.292,0.308,0.412,
tld,en,/tld/am,.am,2341,676,3695,46,36,0.217,3,3,0.135,0.118,/tld/mn,0.153,0.171,0.194,
tld,zh,/tld/am,.am,2789,1118,1544,47,37,0.213,3,3,0.213,0.157,/tld/mn,0.236,0.273,0.378,
tld,en,/tld/amsterdam,.amsterdam,2303,635,3533,47,37,0.213,3,3,0.385,0.223,/tld/paris,0.24,0.292,0.378,
tld,zh,/tld/amsterdam,.amsterdam,2752,1078,1619,44,36,0.182,3,3,0.426,0.282,/tld/paris,0.296,0.349,0.417,
tld,en,/tld/apartments,.apartments,2271,595,3360,48,38,0.208,3,3,0.249,0.155,/tld/properties,0.254,0.302,0.395,
tld,zh,/tld/apartments,.apartments,2636,952,1515,45,37,0.178,3,3,0.28,0.191,/tld/engineering,0.337,0.383,0.432,
tld,en,/tld/app,.app,2163,475,2481,44,37,0.159,3,3,0.197,0.124,/tld/space,0.298,0.318,0.405,
tld,zh,/tld/app,.app,2498,798,1148,43,36,0.163,3,3,0.228,0.16,/tld/page,0.314,0.336,0.444,
tld,en,/tld/ar,.ar,2342,671,3814,49,38,0.224,3,3,0.245,0.237,/tld/cl,0.19,0.248,0.316,
tld,zh,/tld/ar,.ar,2795,1118,1548,48,38,0.208,3,3,0.45,0.327,/tld/cl,0.253,0.421,0.395,
tld,en,/tld/art,.art,2136,451,2479,42,35,0.167,3,3,0.202,0.127,/tld/space,0.31,0.332,0.429,
tld,zh,/tld/art,.art,2508,810,1054,43,36,0.163,3,3,0.236,0.165,/tld/design,0.334,0.353,0.444,
tld,en,/tld/asia,.asia,2353,679,3692,49,39,0.204,3,3,0.228,0.136,/tld/place,0.223,0.268,0.359,
tld,zh,/tld/asia,.asia,2770,1090,1574,44,36,0.182,3,3,0.287,0.176,/tld/place,0.292,0.343,0.417,
tld,en,/tld/associates,.associates,2221,553,3223,47,37,0.213,3,3,0.18,0.109,/tld/engineer,0.276,0.292,0.378,
tld,zh,/tld/associates,.associates,2542,868,1581,44,36,0.182,3,3,0.243,0.163,/tld/attorney,0.335,0.354,0.417,
tld,en,/tld/at,.at,2315,647,3548,45,36,0.2,3,3,0.241,0.204,/tld/pt,0.188,0.235,0.278,
tld,zh,/tld/at,.at,2740,1066,1474,48,38,0.208,3,3,0.415,0.311,/tld/pt,0.26,0.429,0.395,
tld,en,/tld/attorney,.attorney,2251,581,3271,44,36,0.182,3,3,0.269,0.158,/tld/dentist,0.257,0.296,0.417,
tld,zh,/tld/attorney,.attorney,2637,958,1538,43,36,0.163,3,3,0.34,0.218,/tld/dentist,0.32,0.377,0.444,
tld,en,/tld/au,.au,2256,585,3456,53,40,0.245,3,3,0.232,0.139,/tld/uk,0.246,0.283,0.35,
tld,zh,/tld/au,.au,2727,1050,1486,46,37,0.196,3,3,0.275,0.191,/tld/uk,0.255,0.324,0.405,
tld,en,/tld/auction,.auction,2219,547,3081,46,37,0.196,3,3,0.261,0.155,/tld/discount,0.268,0.302,0.405,
tld,zh,/tld/auction,.auction,2596,914,1404,43,36,0.163,3,3,0.343,0.23,/tld/discount,0.343,0.385,0.444,
tld,en,/tld/audio,.audio,2299,629,3349,50,40,0.2,3,3,0.188,0.117,/tld/holdings,0.244,0.272,0.375,
tld,zh,/tld/audio,.audio,2721,1042,1523,43,36,0.163,3,3,0.223,0.157,/tld/fashion,0.285,0.324,0.444,
tld,en,/tld/autos,.autos,2281,607,3371,48,38,0.208,3,3,0.265,0.199,/tld/homes,0.244,0.263,0.395,
tld,zh,/tld/autos,.autos,2705,1022,1491,45,37,0.178,3,3,0.367,0.282,/tld/homes,0.297,0.328,0.432,
tld,en,/tld/baby,.baby,2277,603,3257,48,38,0.208,3,3,0.206,0.125,/tld/green,0.251,0.289,0.395,
tld,zh,/tld/baby,.baby,2679,998,1375,47,38,0.191,3,3,0.256,0.187,/tld/green,0.31,0.364,0.421,
tld,en,/tld/band,.band,2219,549,2863,44,36,0.182,3,3,0.204,0.124,/tld/tech,0.268,0.318,0.417,
tld,zh,/tld/band,.band,2585,908,1342,43,36,0.163,3,3,0.221,0.16,/tld/international,0.321,0.354,0.444,
tld,en,/tld/bar,.bar,2292,609,3074,46,37,0.196,3,3,0.166,0.108,/tld/space,0.241,0.252,0.405,
tld,zh,/tld/bar,.bar,2655,960,1406,45,37,0.178,3,3,0.202,0.16,/tld/wtf,0.284,0.308,0.432,
tld,en,/tld/bargains,.bargains,2241,571,3236,48,38,0.208,3,3,0.187,0.114,/tld/camera,0.253,0.282,0.395,
tld,zh,/tld/bargains,.bargains,2573,894,1493,47,38,0.191,3,3,0.245,0.169,/tld/camera,0.332,0.382,0.421,
tld,en,/tld/basketball,.basketball,2281,611,3379,48,39,0.188,3,3,0.352,0.246,/tld/cricket,0.249,0.301,0.385,
tld,zh,/tld/basketball,.basketball,2680,1002,1650,43,36,0.163,3,3,0.4,0.322,/tld/rugby,0.303,0.345,0.444,
tld,en,/tld/be,.be,2325,657,3473,45,36,0.2,3,3,0.241,0.191,/tld/cz,0.187,0.251,0.278,
tld,zh,/tld/be,.be,2742,1068,1484,48,38,0.208,3,3,0.38,0.279,/tld/at,0.27,0.404,0.395,
tld,en,/tld/beauty,.beauty,2258,583,3132,48,38,0.208,3,3,0.191,0.114,/tld/games,0.257,0.296,0.395,
tld,zh,/tld/beauty,.beauty,2668,982,1374,45,37,0.178,3,3,0.245,0.187,/tld/fashion,0.32,0.37,0.432,
tld,en,/tld/beer,.beer,2272,603,3183,46,37,0.196,3,3,0.214,0.132,/tld/tattoo,0.257,0.301,0.405,
tld,zh,/tld/beer,.beer,2644,966,1429,45,37,0.178,3,3,0.278,0.192,/tld/tattoo,0.304,0.365,0.432,
tld,en,/tld/berlin,.berlin,2380,709,3808,49,39,0.204,3,3,0.443,0.245,/tld/boston,0.222,0.274,0.359,
tld,zh,/tld/berlin,.berlin,2803,1126,1636,44,36,0.182,3,3,0.429,0.298,/tld/boston,0.281,0.337,0.417,
tld,en,/tld/best,.best,2221,556,3051,46,36,0.217,3,3,0.159,0.107,/tld/us,0.253,0.253,0.333,
tld,zh,/tld/best,.best,2635,964,1309,43,35,0.186,3,3,0.217,0.144,/tld/lol,0.298,0.318,0.4,
tld,en,/tld/bet,.bet,2278,601,3211,48,39,0.188,3,3,0.179,0.115,/tld/poker,0.249,0.286,0.385,
tld,zh,/tld/bet,.bet,2650,964,1378,45,37,0.178,3,3,0.245,0.174,/tld/poker,0.324,0.372,0.432,
tld,en,/tld/bike,.bike,2227,559,2804,45,36,0.2,3,3,0.199,0.129,/tld/shoes,0.263,0.303,0.389,
tld,zh,/tld/bike,.bike,2560,886,1321,42,35,0.167,3,3,0.281,0.195,/tld/shoes,0.343,0.394,0.429,
tld,en,/tld/bio,.bio,2198,527,2791,45,36,0.2,3,3,0.178,0.113,/tld/art,0.275,0.281,0.389,
tld,zh,/tld/bio,.bio,2551,874,1350,40,34,0.15,3,3,0.206,0.149,/tld/photography,0.319,0.325,0.441,
tld,en,/tld/biz,.biz,2323,647,3362,50,39,0.22,3,3,0.177,0.107,/tld/loans,0.232,0.264,0.385,
tld,zh,/tld/biz,.biz,2747,1060,1538,47,38,0.191,3,3,0.24,0.162,/tld/ltd,0.284,0.308,0.421,
tld,en,/tld/black,.black,2213,545,3001,47,37,0.213,3,3,0.189,0.113,/tld/blue,0.268,0.299,0.378,
tld,zh,/tld/black,.black,2620,946,1369,44,36,0.182,3,3,0.231,0.16,/tld/marketing,0.321,0.361,0.417,
tld,en,/tld/blog,.blog,2175,493,2725,42,35,0.167,3,3,0.19,0.124,/tld/space,0.287,0.307,0.429,
tld,zh,/tld/blog,.blog,2506,816,1387,43,36,0.163,3,3,0.205,0.146,/tld/app,0.294,0.313,0.444,
tld,en,/tld/blue,.blue,2253,583,3102,46,37,0.196,3,3,0.189,0.118,/tld/black,0.252,0.299,0.405,
tld,zh,/tld/blue,.blue,2699,1020,1461,45,37,0.178,3,3,0.233,0.16,/tld/pink,0.293,0.341,0.432,
tld,en,/tld/boats,.boats,2265,589,3239,50,40,0.2,3,3,0.255,0.203,/tld/homes,0.249,0.28,0.375,
tld,zh,/tld/boats,.boats,2696,1008,1413,45,37,0.178,3,3,0.345,0.279,/tld/homes,0.307,0.339,0.432,
tld,en,/tld/bond,.bond,2311,643,3616,49,39,0.204,3,3,0.276,0.152,/tld/buzz,0.237,0.281,0.359,
tld,zh,/tld/bond,.bond,2748,1074,1625,44,36,0.182,3,3,0.302,0.193,/tld/buzz,0.295,0.349,0.417,
tld,en,/tld/boston,.boston,2323,655,3592,45,37,0.178,3,3,0.443,0.259,/tld/berlin,0.236,0.29,0.378,
tld,zh,/tld/boston,.boston,2734,1060,1560,42,35,0.167,3,3,0.429,0.311,/tld/berlin,0.293,0.355,0.429,
tld,en,/tld/boutique,.boutique,2235,551,3065,50,39,0.22,3,3,0.198,0.14,/tld/garden,0.268,0.293,0.385,
tld,zh,/tld/boutique,.boutique,2596,900,1391,45,37,0.178,3,3,0.25,0.182,/tld/garden,0.323,0.369,0.432,
tld,en,/tld/br,.br,2370,699,3879,47,37,0.213,3,3,0.178,0.165,/tld/vn,0.187,0.227,0.324,
tld,zh,/tld/br,.br,2823,1146,1604,48,38,0.208,3,3,0.294,0.22,/tld/no,0.242,0.354,0.395,
tld,en,/tld/builders,.builders,2245,575,3255,50,39,0.22,3,3,0.225,0.133,/tld/engineering,0.254,0.301,0.385,
tld,zh,/tld/builders,.builders,2676,998,1513,47,38,0.191,3,3,0.269,0.182,/tld/properties,0.319,0.363,0.421,
tld,en,/tld/business,.business,2269,599,3163,50,39,0.22,3,3,0.184,0.12,/tld/shop,0.254,0.278,0.385,
tld,zh,/tld/business,.business,2626,948,1483,45,37,0.178,3,3,0.226,0.162,/tld/ltd,0.317,0.35,0.432,
tld,en,/tld/buzz,.buzz,2339,671,3536,51,40,0.216,3,3,0.276,0.152,/tld/bond,0.228,0.271,0.35,
tld,zh,/tld/buzz,.buzz,2782,1108,1611,44,36,0.182,3,3,0.302,0.193,/tld/bond,0.279,0.327,0.417,
tld,en,/tld/ca,.ca,2257,589,3340,45,36,0.2,3,3,0.182,0.129,/tld/au,0.226,0.265,0.361,
tld,zh,/tld/ca,.ca,2726,1052,1430,44,36,0.182,3,3,0.272,0.191,/tld/au,0.251,0.323,0.417,
tld,en,/tld/cafe,.cafe,2293,601,3003,42,35,0.167,3,3,0.177,0.115,/tld/art,0.253,0.285,0.429,
tld,zh,/tld/cafe,.cafe,2626,924,1411,43,36,0.163,3,3,0.237,0.162,/tld/pizza,0.323,0.362,0.444,
tld,en,/tld/camera,.camera,2217,549,3047,49,39,0.204,3,3,0.211,0.127,/tld/diamonds,0.274,0.306,0.359,
tld,zh,/tld/camera,.camera,2574,900,1515,46,37,0.196,3,3,0.266,0.17,/tld/diamonds,0.342,0.382,0.405,
tld,en,/tld/camp,.camp,2233,565,3073,47,37,0.213,3,3,0.216,0.123,/tld/villas,0.261,0.276,0.378,
tld,zh,/tld/camp,.camp,2620,946,1495,46,37,0.196,3,3,0.246,0.156,/tld/villas,0.314,0.336,0.405,
tld,en,/tld/capital,.capital,2240,569,3047,47,37,0.213,3,3,0.236,0.138,/tld/partners,0.264,0.298,0.378,
tld,zh,/tld/capital,.capital,2631,954,1482,44,36,0.182,3,3,0.287,0.205,/tld/partners,0.33,0.367,0.417,
tld,en,/tld/care,.care,2208,521,2950,48,38,0.208,3,3,0.219,0.127,/tld/clinic,0.276,0.324,0.395,
tld,zh,/tld/care,.care,2634,936,1353,47,38,0.191,3,3,0.25,0.176,/tld/clinic,0.309,0.352,0.421,
tld,en,/tld/careers,.careers,2261,591,3352,48,39,0.188,3,3,0.19,0.11,/tld/lighting,0.251,0.281,0.385,
tld,zh,/tld/careers,.careers,2656,976,1507,43,36,0.163,3,3,0.265,0.194,/tld/contractors,0.323,0.369,0.444,
tld,en,/tld/casa,.casa,2355,685,3770,48,39,0.188,3,3,0.192,0.119,/tld/moda,0.224,0.263,0.385,
tld,zh,/tld/casa,.casa,2770,1092,1654,45,37,0.178,3,3,0.271,0.179,/tld/moda,0.282,0.339,0.432,
tld,en,/tld/cash,.cash,2195,527,2915,43,35,0.186,3,3,0.185,0.118,/tld/ventures,0.274,0.303,0.4,
tld,zh,/tld/cash,.cash,2550,876,1283,44,36,0.182,3,3,0.219,0.161,/tld/shoes,0.334,0.357,0.417,
tld,en,/tld/casino,.casino,2293,619,3431,48,38,0.208,3,3,0.194,0.124,/tld/clothing,0.244,0.276,0.395,
tld,zh,/tld/casino,.casino,2681,998,1513,45,37,0.178,3,3,0.296,0.194,/tld/clothing,0.321,0.394,0.432,
tld,en,/tld/catering,.catering,2241,573,3202,45,36,0.2,3,3,0.198,0.122,/tld/review,0.258,0.276,0.389,
tld,zh,/tld/catering,.catering,2592,918,1468,42,35,0.167,3,3,0.287,0.22,/tld/cleaning,0.329,0.366,0.429,
tld,en,/tld/cc,.cc,2153,479,2397,39,33,0.154,3,3,0.186,0.118,/tld/gg,0.297,0.297,0.424,
tld,zh,/tld/cc,.cc,2486,806,1062,40,34,0.15,3,3,0.224,0.156,/tld/vip,0.33,0.334,0.441,
tld,en,/tld/center,.center,2174,497,2967,40,34,0.15,3,3,0.196,0.135,/tld/zone,0.282,0.298,0.441,
tld,zh,/tld/center,.center,2555,866,1281,43,36,0.163,3,3,0.22,0.154,/tld/zone,0.31,0.323,0.444,
tld,en,/tld/ch,.ch,2321,653,3670,47,37,0.213,3,3,0.324,0.23,/tld/pt,0.213,0.287,0.351,
tld,zh,/tld/ch,.ch,2782,1108,1476,48,38,0.208,3,3,0.385,0.289,/tld/pt,0.257,0.411,0.395,
tld,en,/tld/chat,.chat,2187,519,2846,45,36,0.2,3,3,0.173,0.115,/tld/dev,0.277,0.281,0.389,
tld,zh,/tld/chat,.chat,2488,814,1269,44,36,0.182,3,3,0.218,0.158,/tld/plus,0.338,0.358,0.417,
tld,en,/tld/cheap,.cheap,2265,593,3204,48,38,0.208,3,3,0.178,0.117,/tld/diamonds,0.251,0.283,0.395,
tld,zh,/tld/cheap,.cheap,2600,916,1466,47,38,0.191,3,3,0.234,0.16,/tld/cruises,0.31,0.357,0.421,
tld,en,/tld/church,.church,2253,585,3280,45,36,0.2,3,3,0.193,0.11,/tld/degree,0.261,0.289,0.389,
tld,zh,/tld/church,.church,2678,1004,1481,44,36,0.182,3,3,0.23,0.149,/tld/florist,0.309,0.334,0.417,
tld,en,/tld/city,.city,2242,553,3031,48,38,0.208,3,3,0.179,0.117,/tld/space,0.266,0.285,0.395,
tld,zh,/tld/city,.city,2655,956,1317,47,38,0.191,3,3,0.217,0.167,/tld/properties,0.304,0.341,0.421,
tld,en,/tld/cl,.cl,2323,649,3580,47,37,0.213,3,3,0.311,0.237,/tld/vn,0.228,0.307,0.378,
tld,zh,/tld/cl,.cl,2776,1096,1418,48,38,0.208,3,3,0.45,0.327,/tld/ar,0.262,0.444,0.395,
tld,en,/tld/cleaning,.cleaning,2261,593,3352,45,36,0.2,3,3,0.185,0.108,/tld/catering,0.254,0.257,0.389,
tld,zh,/tld/cleaning,.cleaning,2654,980,1584,40,34,0.15,3,3,0.287,0.22,/tld/catering,0.304,0.331,0.441,
tld,en,/tld/click,.click,2183,515,2758,43,35,0.186,3,3,0.185,0.111,/tld/us,0.274,0.29,0.4,
tld,zh,/tld/click,.click,2506,832,1297,40,34,0.15,3,3,0.22,0.169,/tld/fashion,0.331,0.345,0.441,
tld,en,/tld/clinic,.clinic,2237,557,3174,50,39,0.22,3,3,0.219,0.129,/tld/care,0.266,0.307,0.385,
tld,zh,/tld/clinic,.clinic,2682,990,1499,47,38,0.191,3,3,0.25,0.176,/tld/care,0.309,0.354,0.421,
tld,en,/tld/clothing,.clothing,2275,605,3420,46,37,0.196,3,3,0.25,0.145,/tld/singles,0.251,0.297,0.405,
tld,zh,/tld/clothing,.clothing,2654,976,1665,45,37,0.178,3,3,0.343,0.22,/tld/singles,0.316,0.384,0.432,
tld,en,/tld/cloud,.cloud,2138,461,2491,39,33,0.154,3,3,0.195,0.119,/tld/us,0.31,0.318,0.424,
tld,zh,/tld/cloud,.cloud,2435,752,1080,40,34,0.15,3,3,0.221,0.166,/tld/vip,0.353,0.361,0.441,
tld,en,/tld/club,.club,2157,469,2521,42,35,0.167,3,3,0.195,0.133,/tld/design,0.3,0.314,0.429,
tld,zh,/tld/club,.club,2470,768,1045,43,36,0.163,3,3,0.248,0.176,/tld/vip,0.351,0.371,0.444,
tld,en,/tld/cn,.cn,2149,467,2576,38,33,0.132,3,3,0.193,0.123,/tld/space,0.294,0.314,0.455,
tld,zh,/tld/cn,.cn,2545,850,1060,41,35,0.146,3,3,0.226,0.168,/tld/com,0.33,0.349,0.457,
tld,en,/tld/co,.co,2154,467,2425,44,36,0.182,3,3,0.182,0.122,/tld/space,0.288,0.302,0.389,
tld,zh,/tld/co,.co,2485,784,1081,39,34,0.128,3,3,0.222,0.165,/tld/vip,0.316,0.339,0.471,
tld,en,/tld/coach,.coach,2243,557,3027,48,38,0.208,3,3,0.176,0.115,/tld/fun,0.263,0.281,0.395,
tld,zh,/tld/coach,.coach,2621,920,1362,47,38,0.191,3,3,0.223,0.165,/tld/fitness,0.304,0.337,0.421,
tld,en,/tld/codes,.codes,2229,559,3158,46,37,0.196,3,3,0.174,0.113,/tld/space,0.255,0.27,0.405,
tld,zh,/tld/codes,.codes,2618,940,1346,45,37,0.178,3,3,0.214,0.155,/tld/zone,0.302,0.315,0.432,
tld,en,/tld/coffee,.coffee,2263,595,3105,55,41,0.255,3,3,0.199,0.118,/tld/events,0.257,0.293,0.341,
tld,zh,/tld/coffee,.coffee,2642,968,1461,46,37,0.196,3,3,0.256,0.176,/tld/photography,0.316,0.363,0.405,
tld,en,/tld/college,.college,2317,649,3925,49,39,0.204,3,3,0.243,0.14,/tld/university,0.233,0.285,0.359,
tld,zh,/tld/college,.college,2764,1090,1747,44,36,0.182,3,3,0.293,0.211,/tld/university,0.285,0.338,0.417,
tld,en,/tld/com,.com,2141,453,2406,42,35,0.167,3,3,0.184,0.124,/tld/us,0.29,0.304,0.4,
tld,zh,/tld/com,.com,2539,840,1043,37,33,0.108,3,3,0.226,0.168,/tld/cn,0.318,0.336,0.485,
tld,en,/tld/community,.community,2245,569,3116,48,38,0.208,3,3,0.2,0.123,/tld/education,0.261,0.31,0.395,
tld,zh,/tld/community,.community,2634,950,1472,45,37,0.178,3,3,0.267,0.182,/tld/market,0.332,0.393,0.432,
tld,en,/tld/company,.company,2181,507,2753,39,33,0.154,3,3,0.181,0.12,/tld/design,0.287,0.297,0.424,
tld,zh,/tld/company,.company,2556,876,1380,42,35,0.167,3,3,0.233,0.163,/tld/ltd,0.329,0.333,0.429,
tld,en,/tld/computer,.computer,2259,591,3324,45,36,0.2,3,3,0.199,0.111,/tld/mortgage,0.265,0.306,0.389,
tld,zh,/tld/computer,.computer,2650,976,1584,42,35,0.167,3,3,0.279,0.173,/tld/mortgage,0.335,0.373,0.429,
tld,en,/tld/condos,.condos,2329,661,3680,51,40,0.216,3,3,0.268,0.169,/tld/domains,0.236,0.293,0.35,
tld,zh,/tld/condos,.condos,2706,1032,1644,44,36,0.182,3,3,0.349,0.234,/tld/domains,0.306,0.366,0.417,
tld,en,/tld/construction,.construction,2269,593,3429,48,38,0.208,3,3,0.229,0.148,/tld/engineering,0.254,0.301,0.395,
tld,zh,/tld/construction,.construction,2655,966,1629,45,37,0.178,3,3,0.278,0.191,/tld/apartments,0.329,0.374,0.432,
tld,en,/tld/consulting,.consulting,2236,563,3189,48,38,0.208,3,3,0.232,0.133,/tld/marketing,0.266,0.31,0.395,
tld,zh,/tld/consulting,.consulting,2593,912,1540,45,37,0.178,3,3,0.279,0.214,/tld/marketing,0.342,0.391,0.432,
tld,en,/tld/contractors,.contractors,2231,559,3348,48,38,0.208,3,3,0.26,0.15,/tld/management,0.271,0.306,0.395,
tld,zh,/tld/contractors,.contractors,2630,942,1650,43,36,0.163,3,3,0.335,0.215,/tld/management,0.34,0.384,0.444,
tld,en,/tld/cooking,.cooking,2263,593,3286,46,38,0.174,3,3,0.248,0.198,/tld/fishing,0.253,0.288,0.395,
tld,zh,/tld/cooking,.cooking,2616,938,1489,43,36,0.163,3,3,0.313,0.271,/tld/fishing,0.3,0.352,0.444,
tld,en,/tld/cool,.cool,2191,519,2923,42,35,0.167,3,3,0.178,0.116,/tld/space,0.27,0.282,0.429,
tld,zh,/tld/cool,.cool,2605,924,1339,45,37,0.178,3,3,0.23,0.172,/tld/today,0.321,0.349,0.432,
tld,en,/tld/coupons,.coupons,2251,583,3292,45,36,0.2,3,3,0.227,0.126,/tld/management,0.254,0.274,0.389,
tld,zh,/tld/coupons,.coupons,2622,948,1492,42,35,0.167,3,3,0.317,0.202,/tld/parts,0.333,0.36,0.429,
tld,en,/tld/courses,.courses,2253,579,3335,47,38,0.191,3,3,0.227,0.179,/tld/study,0.258,0.279,0.368,
tld,zh,/tld/courses,.courses,2650,970,1570,42,35,0.167,3,3,0.329,0.253,/tld/study,0.315,0.34,0.429,
tld,en,/tld/credit,.credit,2245,577,3182,47,38,0.191,3,3,0.258,0.134,/tld/loans,0.267,0.311,0.368,
tld,zh,/tld/credit,.credit,2640,966,1571,42,35,0.167,3,3,0.303,0.195,/tld/loans,0.326,0.362,0.429,
tld,en,/tld/cricket,.cricket,2303,633,3494,50,40,0.2,3,3,0.352,0.206,/tld/basketball,0.238,0.269,0.375,
tld,zh,/tld/cricket,.cricket,2698,1020,1583,45,37,0.178,3,3,0.387,0.265,/tld/basketball,0.28,0.308,0.432,
tld,en,/tld/cruises,.cruises,2241,571,3194,46,37,0.196,3,3,0.241,0.134,/tld/clothing,0.264,0.298,0.405,
tld,zh,/tld/cruises,.cruises,2623,944,1516,45,37,0.178,3,3,0.309,0.191,/tld/clothing,0.325,0.369,0.432,
tld,en,/tld/cyou,.cyou,2331,663,3426,49,39,0.204,3,3,0.181,0.141,/tld/bond,0.233,0.263,0.359,
tld,zh,/tld/cyou,.cyou,2732,1058,1535,44,36,0.182,3,3,0.245,0.178,/tld/bond,0.3,0.346,0.417,
tld,en,/tld/cz,.cz,2317,643,3610,49,38,0.224,3,3,0.357,0.217,/tld/pt,0.231,0.306,0.368,
tld,zh,/tld/cz,.cz,2752,1072,1454,50,39,0.22,3,3,0.43,0.323,/tld/nz,0.264,0.449,0.385,
tld,en,/tld/dad,.dad,2255,587,3043,49,38,0.224,3,3,0.21,0.129,/tld/mom,0.252,0.276,0.368,
tld,zh,/tld/dad,.dad,2634,960,1337,46,37,0.196,3,3,0.244,0.16,/tld/mom,0.305,0.333,0.405,
tld,en,/tld/dance,.dance,2306,637,3497,54,42,0.222,3,3,0.235,0.139,/tld/soccer,0.238,0.279,0.357,
tld,zh,/tld/dance,.dance,2721,1044,1492,47,38,0.191,3,3,0.289,0.181,/tld/soccer,0.318,0.357,0.421,
tld,en,/tld/dating,.dating,2282,609,3438,48,39,0.188,3,3,0.207,0.124,/tld/clothing,0.25,0.288,0.385,
tld,zh,/tld/dating,.dating,2664,984,1515,45,37,0.178,3,3,0.279,0.205,/tld/clothing,0.325,0.381,0.432,
tld,en,/tld/day,.day,2340,669,3561,49,39,0.204,3,3,0.203,0.159,/tld/meme,0.231,0.28,0.359,
tld,zh,/tld/day,.day,2741,1064,1649,44,36,0.182,3,3,0.296,0.227,/tld/meme,0.275,0.314,0.417,
tld,en,/tld/de,.de,2298,615,3421,47,37,0.213,3,3,0.166,0.131,/tld/uk,0.178,0.21,0.27,
tld,zh,/tld/de,.de,2757,1068,1536,44,36,0.182,3,3,0.285,0.204,/tld/uk,0.253,0.327,0.417,
tld,en,/tld/deals,.deals,2253,579,3176,46,37,0.196,3,3,0.253,0.179,/tld/auction,0.255,0.288,0.405,
tld,zh,/tld/deals,.deals,2654,972,1428,43,36,0.163,3,3,0.329,0.26,/tld/discount,0.323,0.365,0.444,
tld,en,/tld/degree,.degree,2219,551,3310,47,38,0.191,3,3,0.193,0.117,/tld/church,0.275,0.294,0.368,
tld,zh,/tld/degree,.degree,2594,920,1515,42,35,0.167,3,3,0.242,0.159,/tld/jewelry,0.327,0.369,0.429,
tld,en,/tld/delivery,.delivery,2221,553,3208,47,37,0.213,3,3,0.203,0.127,/tld/rent,0.257,0.296,0.378,
tld,zh,/tld/delivery,.delivery,2602,928,1491,42,35,0.167,3,3,0.289,0.176,/tld/rent,0.341,0.377,0.429,
tld,en,/tld/dental,.dental,2200,529,3022,43,35,0.186,3,3,0.175,0.11,/tld/yoga,0.276,0.276,0.4,
tld,zh,/tld/dental,.dental,2645,968,1422,42,35,0.167,3,3,0.214,0.172,/tld/photography,0.305,0.328,0.429,
tld,en,/tld/dentist,.dentist,2242,573,3330,46,38,0.174,3,3,0.269,0.158,/tld/attorney,0.257,0.314,0.395,
tld,zh,/tld/dentist,.dentist,2646,968,1503,43,36,0.163,3,3,0.34,0.218,/tld/attorney,0.318,0.386,0.444,
tld,en,/tld/design,.design,2139,461,2617,38,33,0.132,3,3,0.197,0.127,/tld/games,0.305,0.333,0.455,
tld,zh,/tld/design,.design,2466,774,1052,41,35,0.146,3,3,0.252,0.177,/tld/studio,0.349,0.369,0.457,
tld,en,/tld/dev,.dev,2137,449,2475,46,37,0.196,3,3,0.191,0.123,/tld/space,0.301,0.315,0.405,
tld,zh,/tld/dev,.dev,2481,780,1166,43,36,0.163,3,3,0.214,0.161,/tld/app,0.314,0.332,0.444,
tld,en,/tld/diamonds,.diamonds,2195,527,3052,47,37,0.213,3,3,0.215,0.126,/tld/cruises,0.28,0.303,0.378,
tld,zh,/tld/diamonds,.diamonds,2576,902,1494,46,37,0.196,3,3,0.3,0.187,/tld/clothing,0.335,0.381,0.405,
tld,en,/tld/digital,.digital,2141,473,2747,41,34,0.171,3,3,0.217,0.154,/tld/life,0.306,0.32,0.412,
tld,zh,/tld/digital,.digital,2512,838,1256,42,35,0.167,3,3,0.236,0.181,/tld/life,0.336,0.343,0.429,
tld,en,/tld/directory,.directory,2219,554,3016,46,36,0.217,3,3,0.211,0.127,/tld/marketing,0.254,0.294,0.361,
tld,zh,/tld/directory,.directory,2577,906,1410,43,35,0.186,3,3,0.252,0.168,/tld/services,0.321,0.358,0.4,
tld,en,/tld/discount,.discount,2257,583,3487,46,37,0.196,3,3,0.261,0.179,/tld/auction,0.26,0.293,0.405,
tld,zh,/tld/discount,.discount,2648,966,1547,43,36,0.163,3,3,0.343,0.26,/tld/auction,0.334,0.382,0.444,
tld,en,/tld/dk,.dk,2330,659,3580,47,37,0.213,3,3,0.333,0.23,/tld/pt,0.226,0.302,0.378,
tld,zh,/tld/dk,.dk,2785,1108,1456,48,38,0.208,3,3,0.403,0.29,/tld/pt,0.253,0.423,0.395,
tld,en,/tld/doctor,.doctor,2210,539,3110,45,36,0.2,3,3,0.173,0.111,/tld/art,0.274,0.274,0.389,
tld,zh,/tld/doctor,.doctor,2663,986,1429,44,36,0.182,3,3,0.234,0.159,/tld/clinic,0.303,0.325,0.417,
tld,en,/tld/dog,.dog,2293,623,3158,50,39,0.22,3,3,0.24,0.143,/tld/green,0.251,0.301,0.385,
tld,zh,/tld/dog,.dog,2670,992,1422,47,38,0.191,3,3,0.297,0.206,/tld/green,0.32,0.375,0.421,
tld,en,/tld/domains,.domains,2311,643,3603,51,40,0.216,3,3,0.333,0.219,/tld/graphics,0.24,0.304,0.35,
tld,zh,/tld/domains,.domains,2680,1006,1595,44,36,0.182,3,3,0.372,0.249,/tld/graphics,0.316,0.389,0.417,
tld,en,/tld/earth,.earth,2232,559,3262,50,39,0.22,3,3,0.193,0.119,/tld/eco,0.257,0.293,0.385,
tld,zh,/tld/earth,.earth,2665,982,1413,45,37,0.178,3,3,0.252,0.177,/tld/eco,0.299,0.345,0.432,
tld,en,/tld/eco,.eco,2220,545,3198,48,38,0.208,3,3,0.193,0.122,/tld/earth,0.264,0.304,0.395,
tld,zh,/tld/eco,.eco,2656,968,1307,45,37,0.178,3,3,0.252,0.177,/tld/earth,0.305,0.349,0.432,
tld,en,/tld/education,.education,2284,607,3464,50,39,0.22,3,3,0.2,0.123,/tld/community,0.25,0.288,0.385,
tld,zh,/tld/education,.education,2690,1006,1613,47,38,0.191,3,3,0.252,0.185,/tld/market,0.305,0.355,0.421,
tld,en,/tld/ee,.ee,2368,697,3908,51,39,0.235,3,3,0.253,0.201,/tld/lt,0.214,0.279,0.359,
tld,zh,/tld/ee,.ee,2903,1226,1718,52,40,0.231,3,3,0.32,0.256,/tld/lt,0.225,0.369,0.375,
tld,en,/tld/eg,.eg,2412,741,4118,49,38,0.224,3,3,0.212,0.16,/tld/vn,0.176,0.224,0.316,
tld,zh,/tld/eg,.eg,2885,1208,1610,48,38,0.208,3,3,0.309,0.221,/tld/sa,0.234,0.367,0.395,
tld,en,/tld/email,.email,2148,477,2649,43,35,0.186,3,3,0.217,0.132,/tld/works,0.302,0.309,0.4,
tld,zh,/tld/email,.email,2489,812,1268,44,36,0.182,3,3,0.208,0.145,/tld/space,0.308,0.313,0.417,
tld,en,/tld/energy,.energy,2258,583,3168,46,37,0.196,3,3,0.209,0.12,/tld/green,0.262,0.314,0.405,
tld,zh,/tld/energy,.energy,2670,982,1445,43,36,0.163,3,3,0.265,0.183,/tld/properties,0.333,0.383,0.444,
tld,en,/tld/engineer,.engineer,2207,539,3216,49,39,0.204,3,3,0.205,0.114,/tld/theater,0.277,0.305,0.359,
tld,zh,/tld/engineer,.engineer,2594,920,1508,46,37,0.196,3,3,0.252,0.173,/tld/theater,0.33,0.36,0.405,
tld,en,/tld/engineering,.engineering,2253,577,3374,48,38,0.208,3,3,0.245,0.15,/tld/green,0.26,0.311,0.395,
tld,zh,/tld/engineering,.engineering,2651,966,1562,45,37,0.178,3,3,0.295,0.206,/tld/green,0.323,0.38,0.432,
tld,en,/tld/equipment,.equipment,2225,555,3249,48,38,0.208,3,3,0.317,0.145,/tld/management,0.268,0.302,0.395,
tld,zh,/tld/equipment,.equipment,2620,940,1506,43,36,0.163,3,3,0.422,0.301,/tld/management,0.339,0.38,0.444,
tld,en,/tld/es,.es,2304,633,3541,43,35,0.186,3,3,0.12,0.138,/tld/nl,0.129,0.177,0.257,
tld,zh,/tld/es,.es,2729,1052,1364,44,36,0.182,3,3,0.251,0.192,/tld/it,0.283,0.356,0.417,
tld,en,/tld/estate,.estate,2254,569,3275,48,38,0.208,3,3,0.188,0.13,/tld/restaurant,0.255,0.303,0.395,
tld,zh,/tld/estate,.estate,2622,928,1437,47,38,0.191,3,3,0.242,0.179,/tld/pet,0.322,0.362,0.421,
tld,en,/tld/eu,.eu,2325,651,3647,47,37,0.213,3,3,0.161,0.146,/tld/us,0.229,0.251,0.378,
tld,zh,/tld/eu,.eu,2750,1070,1452,46,37,0.196,3,3,0.22,0.177,/tld/it,0.268,0.284,0.405,
tld,en,/tld/events,.events,2260,581,3076,48,38,0.208,3,3,0.205,0.118,/tld/services,0.253,0.3,0.395,
tld,zh,/tld/events,.events,2684,992,1391,45,37,0.178,3,3,0.262,0.175,/tld/salon,0.32,0.381,0.432,
tld,en,/tld/exchange,.exchange,2211,543,3058,47,37,0.213,3,3,0.2,0.129,/tld/systems,0.267,0.307,0.378,
tld,zh,/tld/exchange,.exchange,2584,910,1375,44,36,0.182,3,3,0.253,0.179,/tld/international,0.344,0.385,0.417,
tld,en,/tld/expert,.expert,2249,567,3283,48,38,0.208,3,3,0.181,0.115,/tld/art,0.26,0.278,0.395,
tld,zh,/tld/expert,.expert,2642,952,1423,45,37,0.178,3,3,0.228,0.158,/tld/black,0.306,0.347,0.432,
tld,en,/tld/express,.express,2306,627,3484,48,38,0.208,3,3,0.21,0.127,/tld/hockey,0.238,0.287,0.395,
tld,zh,/tld/express,.express,2720,1030,1572,47,38,0.191,3,3,0.277,0.174,/tld/hockey,0.32,0.362,0.421,
tld,en,/tld/family,.family,2253,575,3203,50,39,0.22,3,3,0.193,0.134,/tld/gifts,0.266,0.313,0.385,
tld,zh,/tld/family,.family,2670,982,1421,47,38,0.191,3,3,0.244,0.181,/tld/consulting,0.332,0.374,0.421,
tld,en,/tld/fan,.fan,2332,657,3450,50,40,0.2,3,3,0.205,0.126,/tld/moda,0.24,0.292,0.375,
tld,zh,/tld/fan,.fan,2688,1002,1476,45,37,0.178,3,3,0.29,0.187,/tld/fish,0.32,0.389,0.432,
tld,en,/tld/fans,.fans,2335,667,3523,51,40,0.216,3,3,0.174,0.098,/tld/bond,0.231,0.269,0.35,
tld,zh,/tld/fans,.fans,2734,1060,1550,44,36,0.182,3,3,0.218,0.158,/tld/fan,0.294,0.332,0.417,
tld,en,/tld/farm,.farm,2218,541,3013,46,37,0.196,3,3,0.186,0.13,/tld/care,0.27,0.31,0.405,
tld,zh,/tld/farm,.farm,2607,918,1375,45,37,0.178,3,3,0.227,0.181,/tld/consulting,0.317,0.353,0.432,
tld,en,/tld/fashion,.fashion,2249,569,3090,48,38,0.208,3,3,0.201,0.153,/tld/wedding,0.26,0.296,0.395,
tld,zh,/tld/fashion,.fashion,2631,942,1357,45,37,0.178,3,3,0.276,0.213,/tld/wedding,0.326,0.374,0.432,
tld,en,/tld/fi,.fi,2343,669,3632,47,37,0.213,3,3,0.293,0.217,/tld/se,0.194,0.256,0.324,
tld,zh,/tld/fi,.fi,2784,1104,1444,48,38,0.208,3,3,0.427,0.316,/tld/se,0.263,0.434,0.395,
tld,en,/tld/finance,.finance,2214,531,2919,45,36,0.2,3,3,0.187,0.123,/tld/fund,0.276,0.279,0.389,
tld,zh,/tld/finance,.finance,2615,926,1292,44,36,0.182,3,3,0.221,0.16,/tld/fund,0.323,0.337,0.417,
tld,en,/tld/fish,.fish,2288,619,3439,50,40,0.2,3,3,0.213,0.136,/tld/clothing,0.248,0.297,0.375,
tld,zh,/tld/fish,.fish,2641,962,1495,45,37,0.178,3,3,0.29,0.191,/tld/fan,0.325,0.391,0.432,
tld,en,/tld/fishing,.fishing,2277,603,3298,44,36,0.182,3,3,0.248,0.198,/tld/cooking,0.249,0.281,0.417,
tld,zh,/tld/fishing,.fishing,2615,934,1503,43,36,0.163,3,3,0.313,0.271,/tld/cooking,0.296,0.345,0.444,
tld,en,/tld/fit,.fit,2313,639,3350,52,41,0.212,3,3,0.255,0.19,/tld/surf,0.236,0.271,0.366,
tld,zh,/tld/fit,.fit,2736,1048,1528,47,38,0.191,3,3,0.326,0.256,/tld/surf,0.289,0.331,0.421,
tld,en,/tld/fitness,.fitness,2258,573,3124,50,40,0.2,3,3,0.189,0.13,/tld/clinic,0.264,0.282,0.375,
tld,zh,/tld/fitness,.fitness,2690,996,1518,47,38,0.191,3,3,0.243,0.17,/tld/restaurant,0.3,0.347,0.421,
tld,en,/tld/flights,.flights,2259,591,3495,47,37,0.213,3,3,0.189,0.112,/tld/shoes,0.245,0.279,0.378,
tld,zh,/tld/flights,.flights,2682,1008,1539,44,36,0.182,3,3,0.246,0.165,/tld/vacations,0.302,0.34,0.417,
tld,en,/tld/florist,.florist,2250,579,3231,47,38,0.191,3,3,0.184,0.121,/tld/mba,0.255,0.261,0.368,
tld,zh,/tld/florist,.florist,2623,946,1496,42,35,0.167,3,3,0.262,0.179,/tld/plumbing,0.328,0.359,0.429,
tld,en,/tld/flowers,.flowers,2271,601,3369,48,39,0.188,3,3,0.201,0.126,/tld/attorney,0.244,0.264,0.385,
tld,zh,/tld/flowers,.flowers,2682,1004,1525,45,37,0.178,3,3,0.257,0.163,/tld/attorney,0.29,0.332,0.432,
tld,en,/tld/fm,.fm,2215,539,2851,40,34,0.15,3,3,0.207,0.128,/tld/io,0.263,0.281,0.441,
tld,zh,/tld/fm,.fm,2611,926,1280,41,35,0.146,3,3,0.253,0.183,/tld/io,0.28,0.3,0.457,
tld,en,/tld/food,.food,2305,633,3435,46,37,0.196,3,3,0.204,0.121,/tld/clothing,0.243,0.277,0.405,
tld,zh,/tld/food,.food,2702,1018,1541,45,37,0.178,3,3,0.247,0.157,/tld/clothing,0.298,0.339,0.432,
tld,en,/tld/football,.football,2323,647,3522,50,40,0.2,3,3,0.213,0.161,/tld/soccer,0.236,0.279,0.375,
tld,zh,/tld/football,.football,2719,1034,1565,47,38,0.191,3,3,0.274,0.216,/tld/soccer,0.325,0.363,0.421,
tld,en,/tld/forum,.forum,2265,597,3289,47,38,0.191,3,3,0.188,0.15,/tld/management,0.254,0.271,0.368,
tld,zh,/tld/forum,.forum,2580,906,1422,42,35,0.167,3,3,0.237,0.178,/tld/study,0.324,0.353,0.429,
tld,en,/tld/foundation,.foundation,2351,683,4008,49,39,0.204,3,3,0.185,0.107,/tld/kids,0.228,0.265,0.359,
tld,zh,/tld/foundation,.foundation,2748,1074,1845,44,36,0.182,3,3,0.237,0.152,/tld/fan,0.285,0.325,0.417,
tld,en,/tld/fr,.fr,2277,609,3407,49,38,0.224,3,3,0.227,0.155,/tld/jp,0.24,0.31,0.368,
tld,zh,/tld/fr,.fr,2736,1062,1400,48,38,0.208,3,3,0.302,0.218,/tld/jp,0.271,0.395,0.395,
tld,en,/tld/fun,.fun,2138,449,2524,40,34,0.15,3,3,0.193,0.127,/tld/studio,0.299,0.319,0.441,
tld,zh,/tld/fun,.fun,2467,764,1020,43,36,0.163,3,3,0.251,0.174,/tld/live,0.352,0.368,0.444,
tld,en,/tld/fund,.fund,2201,527,2956,43,35,0.186,3,3,0.187,0.123,/tld/finance,0.277,0.297,0.4,
tld,zh,/tld/fund,.fund,2572,892,1403,44,36,0.182,3,3,0.221,0.161,/tld/finance,0.321,0.353,0.417,
tld,en,/tld/furniture,.furniture,2267,599,3516,47,37,0.213,3,3,0.252,0.123,/tld/equipment,0.261,0.282,0.378,
tld,zh,/tld/furniture,.furniture,2660,986,1610,42,35,0.167,3,3,0.328,0.199,/tld/equipment,0.317,0.339,0.429,
tld,en,/tld/futbol,.futbol,2319,649,3643,50,40,0.2,3,3,0.226,0.155,/tld/rugby,0.234,0.277,0.375,
tld,zh,/tld/futbol,.futbol,2739,1058,1663,45,37,0.178,3,3,0.262,0.184,/tld/moda,0.303,0.351,0.432,
tld,en,/tld/fyi,.fyi,2322,651,3413,48,38,0.208,3,3,0.182,0.112,/tld/promo,0.232,0.278,0.395,
tld,zh,/tld/fyi,.fyi,2755,1076,1545,47,38,0.191,3,3,0.242,0.164,/tld/tennis,0.295,0.332,0.421,
tld,en,/tld/gallery,.gallery,2264,589,3238,48,38,0.208,3,3,0.179,0.111,/tld/kitchen,0.248,0.259,0.395,
tld,zh,/tld/gallery,.gallery,2682,996,1423,45,37,0.178,3,3,0.234,0.16,/tld/kitchen,0.308,0.345,0.432,
tld,en,/tld/games,.games,2167,479,2662,42,35,0.167,3,3,0.205,0.135,/tld/org,0.298,0.325,0.429,
tld,zh,/tld/games,.games,2541,840,1203,41,35,0.146,3,3,0.217,0.162,/tld/gg,0.319,0.333,0.457,
tld,en,/tld/garden,.garden,2254,575,3099,48,38,0.208,3,3,0.198,0.14,/tld/boutique,0.254,0.271,0.395,
tld,zh,/tld/garden,.garden,2673,982,1437,45,37,0.178,3,3,0.25,0.182,/tld/boutique,0.298,0.335,0.432,
tld,en,/tld/ge,.ge,2389,721,3974,49,38,0.224,3,3,0.366,0.241,/tld/lv,0.21,0.271,0.368,
tld,zh,/tld/ge,.ge,2900,1226,1550,50,39,0.22,3,3,0.427,0.305,/tld/lk,0.245,0.408,0.385,
tld,en,/tld/gg,.gg,2120,437,2317,42,35,0.167,3,3,0.197,0.162,/tld/space,0.303,0.317,0.429,
tld,zh,/tld/gg,.gg,2402,706,958,41,35,0.146,3,3,0.238,0.187,/tld/so,0.349,0.373,0.457,
tld,en,/tld/gift,.gift,2275,605,3303,46,38,0.174,3,3,0.178,0.107,/tld/pub,0.249,0.272,0.395,
tld,zh,/tld/gift,.gift,2669,990,1450,45,37,0.178,3,3,0.23,0.179,/tld/cooking,0.298,0.344,0.432,
tld,en,/tld/gifts,.gifts,2288,615,3394,52,40,0.231,3,3,0.204,0.119,/tld/dance,0.24,0.282,0.375,
tld,zh,/tld/gifts,.gifts,2707,1026,1490,47,38,0.191,3,3,0.258,0.179,/tld/soccer,0.316,0.36,0.421,
tld,en,/tld/glass,.glass,2317,649,3567,49,39,0.204,3,3,0.266,0.162,/tld/domains,0.239,0.297,0.359,
tld,zh,/tld/glass,.glass,2712,1038,1621,44,36,0.182,3,3,0.312,0.214,/tld/immo,0.309,0.366,0.417,
tld,en,/tld/global,.global,2198,523,3019,44,36,0.182,3,3,0.183,0.117,/tld/land,0.274,0.303,0.417,
tld,zh,/tld/global,.global,2619,934,1372,43,36,0.163,3,3,0.214,0.166,/tld/international,0.307,0.339,0.444,
tld,en,/tld/gmbh,.gmbh,2359,691,3730,51,40,0.216,3,3,0.222,0.134,/tld/graphics,0.223,0.273,0.35,
tld,zh,/tld/gmbh,.gmbh,2774,1100,1574,44,36,0.182,3,3,0.26,0.164,/tld/domains,0.284,0.337,0.417,
tld,en,/tld/gold,.gold,2272,601,3168,47,37,0.213,3,3,0.167,0.113,/tld/legal,0.251,0.262,0.378,
tld,zh,/tld/gold,.gold,2615,938,1369,44,36,0.182,3,3,0.229,0.163,/tld/shoes,0.327,0.364,0.417,
tld,en,/tld/golf,.golf,2318,647,3292,51,39,0.235,3,3,0.272,0.147,/tld/hockey,0.237,0.273,0.359,
tld,zh,/tld/golf,.golf,2711,1034,1429,46,37,0.196,3,3,0.364,0.229,/tld/hockey,0.324,0.352,0.405,
tld,en,/tld/gr,.gr,2319,651,3550,49,39,0.204,3,3,0.329,0.223,/tld/pt,0.221,0.28,0.333,
tld,zh,/tld/gr,.gr,2754,1080,1402,48,38,0.208,3,3,0.42,0.305,/tld/pt,0.264,0.429,0.395,
tld,en,/tld/graphics,.graphics,2305,637,3546,51,40,0.216,3,3,0.333,0.219,/tld/domains,0.24,0.299,0.35,
tld,zh,/tld/graphics,.graphics,2692,1018,1658,44,36,0.182,3,3,0.372,0.249,/tld/domains,0.313,0.378,0.417,
tld,en,/tld/green,.green,2252,577,3236,48,38,0.208,3,3,0.245,0.15,/tld/engineering,0.265,0.317,0.395,
tld,zh,/tld/green,.green,2679,992,1434,45,37,0.178,3,3,0.297,0.202,/tld/dog,0.333,0.391,0.432,
tld,en,/tld/group,.group,2198,519,2898,44,36,0.182,3,3,0.191,0.121,/tld/life,0.275,0.291,0.417,
tld,zh,/tld/group,.group,2565,878,1212,45,37,0.178,3,3,0.231,0.165,/tld/media,0.33,0.355,0.432,
tld,en,/tld/guide,.guide,2307,637,3366,50,40,0.2,3,3,0.173,0.117,/tld/soccer,0.22,0.262,0.3,
tld,zh,/tld/guide,.guide,2732,1054,1570,47,38,0.191,3,3,0.256,0.165,/tld/promo,0.309,0.344,0.421,
tld,en,/tld/guru,.guru,2209,541,2896,47,37,0.213,3,3,0.174,0.109,/tld/ventures,0.27,0.279,0.378,
tld,zh,/tld/guru,.guru,2562,888,1403,44,36,0.182,3,3,0.254,0.169,/tld/institute,0.329,0.362,0.417,
tld,en,/tld/hair,.hair,2233,563,3018,48,39,0.188,3,3,0.274,0.192,/tld/makeup,0.264,0.298,0.385,
tld,zh,/tld/hair,.hair,2614,936,1364,43,36,0.163,3,3,0.38,0.283,/tld/makeup,0.32,0.36,0.444,
tld,en,/tld/health,.health,2303,623,3490,52,40,0.231,3,3,0.239,0.142,/tld/hockey,0.251,0.292,0.375,
tld,zh,/tld/health,.health,2767,1074,1533,47,38,0.191,3,3,0.257,0.165,/tld/hockey,0.299,0.343,0.421,
tld,en,/tld/healthcare,.healthcare,2321,653,3932,53,41,0.226,3,3,0.241,0.138,/tld/domains,0.235,0.281,0.341,
tld,zh,/tld/healthcare,.healthcare,2760,1086,1810,44,36,0.182,3,3,0.329,0.238,/tld/hospital,0.303,0.368,0.417,
tld,en,/tld/help,.help,2301,631,3257,48,38,0.208,3,3,0.185,0.116,/tld/community,0.236,0.272,0.395,
tld,zh,/tld/help,.help,2686,1008,1421,45,37,0.178,3,3,0.253,0.171,/tld/support,0.297,0.355,0.432,
tld,en,/tld/hk,.hk,2358,687,3880,45,36,0.2,3,3,0.257,0.162,/tld/sg,0.217,0.267,0.389,
tld,zh,/tld/hk,.hk,2785,1108,1466,46,37,0.196,3,3,0.308,0.217,/tld/sg,0.258,0.35,0.405,
tld,en,/tld/hockey,.hockey,2303,633,3287,52,40,0.231,3,3,0.272,0.147,/tld/golf,0.244,0.292,0.375,
tld,zh,/tld/hockey,.hockey,2731,1052,1523,47,38,0.191,3,3,0.364,0.229,/tld/golf,0.314,0.356,0.421,
tld,en,/tld/holdings,.holdings,2273,605,3528,49,39,0.204,3,3,0.195,0.117,/tld/investments,0.243,0.257,0.359,
tld,zh,/tld/holdings,.holdings,2706,1032,1584,42,35,0.167,3,3,0.282,0.184,/tld/investments,0.31,0.338,0.429,
tld,en,/tld/holiday,.holiday,2303,633,3536,52,41,0.212,3,3,0.188,0.138,/tld/taxi,0.239,0.269,0.366,
tld,zh,/tld/holiday,.holiday,2656,978,1540,47,38,0.191,3,3,0.244,0.179,/tld/tax,0.305,0.351,0.421,
tld,en,/tld/homes,.homes,2265,595,3449,50,40,0.2,3,3,0.265,0.203,/tld/autos,0.25,0.273,0.375,
tld,zh,/tld/homes,.homes,2668,988,1511,45,37,0.178,3,3,0.367,0.282,/tld/autos,0.31,0.353,0.432,
tld,en,/tld/horse,.horse,2305,635,3410,44,36,0.182,3,3,0.219,0.173,/tld/fishing,0.241,0.275,0.417,
tld,zh,/tld/horse,.horse,2674,996,1505,43,36,0.163,3,3,0.295,0.229,/tld/fishing,0.287,0.338,0.444,
tld,en,/tld/hospital,.hospital,2325,657,3858,51,40,0.216,3,3,0.252,0.153,/tld/university,0.234,0.291,0.35,
tld,zh,/tld/hospital,.hospital,2746,1072,1710,44,36,0.182,3,3,0.329,0.238,/tld/healthcare,0.302,0.361,0.417,
tld,en,/tld/host,.host,2163,495,2778,39,33,0.154,3,3,0.189,0.112,/tld/network,0.289,0.295,0.424,
tld,zh,/tld/host,.host,2562,888,1353,40,34,0.15,3,3,0.199,0.138,/tld/cloud,0.313,0.313,0.441,
tld,en,/tld/house,.house,2281,599,3342,50,39,0.22,3,3,0.184,0.123,/tld/international,0.247,0.296,0.385,
tld,zh,/tld/house,.house,2684,994,1509,47,38,0.191,3,3,0.239,0.16,/tld/international,0.306,0.352,0.421,
tld,en,/tld/hu,.hu,2343,675,3684,47,37,0.213,3,3,0.278,0.198,/tld/sk,0.203,0.277,0.324,
tld,zh,/tld/hu,.hu,2844,1170,1454,48,38,0.208,3,3,0.377,0.27,/tld/sk,0.245,0.413,0.368,
tld,en,/tld/icu,.icu,2201,533,2911,43,35,0.186,3,3,0.169,0.109,/tld/us,0.262,0.271,0.4,
tld,zh,/tld/icu,.icu,2616,942,1310,42,35,0.167,3,3,0.195,0.139,/tld/page,0.297,0.303,0.429,
tld,en,/tld/id,.id,2377,703,3974,45,36,0.2,3,3,0.321,0.231,/tld/my,0.172,0.222,0.278,
tld,zh,/tld/id,.id,2864,1184,1565,48,38,0.208,3,3,0.447,0.334,/tld/my,0.254,0.393,0.395,
tld,en,/tld/ie,.ie,2349,681,3730,47,37,0.213,3,3,0.205,0.156,/tld/pt,0.205,0.27,0.351,
tld,zh,/tld/ie,.ie,2824,1150,1472,48,38,0.208,3,3,0.316,0.221,/tld/no,0.25,0.391,0.395,
tld,en,/tld/il,.il,2375,707,3922,51,39,0.235,3,3,0.212,0.178,/tld/sk,0.178,0.238,0.282,
tld,zh,/tld/il,.il,2816,1142,1594,50,39,0.22,3,3,0.348,0.255,/tld/ar,0.254,0.408,0.385,
tld,en,/tld/immo,.immo,2336,665,3774,49,39,0.204,3,3,0.242,0.146,/tld/tires,0.229,0.279,0.359,
tld,zh,/tld/immo,.immo,2751,1074,1652,44,36,0.182,3,3,0.314,0.195,/tld/tires,0.294,0.349,0.417,
tld,en,/tld/immobilien,.immobilien,2387,719,4148,51,40,0.216,3,3,0.289,0.185,/tld/kaufen,0.216,0.243,0.35,
tld,zh,/tld/immobilien,.immobilien,2786,1112,1883,44,36,0.182,3,3,0.353,0.251,/tld/kaufen,0.291,0.34,0.417,
tld,en,/tld/in,.in,2146,475,2675,39,33,0.154,3,3,0.084,0.117,/tld/us,0.134,0.138,0.182,
tld,zh,/tld/in,.in,2491,814,1044,40,34,0.15,3,3,0.208,0.157,/tld/us,0.321,0.324,0.412,
tld,en,/tld/info,.info,2160,479,2471,38,34,0.105,3,3,0.188,0.126,/tld/club,0.293,0.306,0.441,
tld,zh,/tld/info,.info,2476,786,1027,37,33,0.108,3,3,0.232,0.171,/tld/club,0.336,0.355,0.485,
tld,en,/tld/ink,.ink,2251,573,2948,48,38,0.208,3,3,0.166,0.116,/tld/gg,0.242,0.254,0.368,
tld,zh,/tld/ink,.ink,2616,926,1346,45,37,0.178,3,3,0.209,0.157,/tld/cool,0.291,0.314,0.432,
tld,en,/tld/institute,.institute,2249,581,3275,47,37,0.213,3,3,0.201,0.127,/tld/marketing,0.261,0.288,0.378,
tld,zh,/tld/institute,.institute,2614,940,1490,44,36,0.182,3,3,0.256,0.18,/tld/tips,0.332,0.37,0.417,
tld,en,/tld/international,.international,2233,563,3242,48,38,0.208,3,3,0.196,0.154,/tld/style,0.257,0.311,0.395,
tld,zh,/tld/international,.international,2588,910,1494,45,37,0.178,3,3,0.262,0.202,/tld/technology,0.344,0.404,0.432,
tld,en,/tld/investments,.investments,2245,577,3397,47,37,0.213,3,3,0.205,0.124,/tld/productions,0.259,0.298,0.378,
tld,zh,/tld/investments,.investments,2640,966,1608,42,35,0.167,3,3,0.292,0.201,/tld/productions,0.336,0.372,0.429,
tld,en,/tld/io,.io,2144,457,2357,36,32,0.111,3,3,0.207,0.128,/tld/fm,0.302,0.323,0.469,
tld,zh,/tld/io,.io,2476,778,1120,37,33,0.108,3,3,0.253,0.183,/tld/fm,0.315,0.329,0.485,
tld,en,/tld/is,.is,2385,717,3840,47,37,0.213,3,3,0.134,0.128,/tld/lv,0.162,0.167,0.243,
tld,zh,/tld/is,.is,2868,1194,1588,48,38,0.208,3,3,0.247,0.178,/tld/ge,0.233,0.301,0.368,
tld,en,/tld/it,.it,2281,613,3435,45,36,0.2,3,3,0.167,0.155,/tld/fr,0.182,0.206,0.278,
tld,zh,/tld/it,.it,2720,1046,1436,46,37,0.196,3,3,0.268,0.206,/tld/fr,0.268,0.322,0.405,
tld,en,/tld/jewelry,.jewelry,2258,587,3260,47,38,0.191,3,3,0.185,0.121,/tld/degree,0.257,0.278,0.368,
tld,zh,/tld/jewelry,.jewelry,2599,922,1450,42,35,0.167,3,3,0.248,0.176,/tld/delivery,0.352,0.399,0.429,
tld,en,/tld/jp,.jp,2308,637,3560,47,37,0.213,3,3,0.257,0.207,/tld/kr,0.232,0.288,0.378,
tld,zh,/tld/jp,.jp,2753,1076,1422,46,37,0.196,3,3,0.342,0.281,/tld/kr,0.261,0.376,0.405,
tld,en,/tld/kaufen,.kaufen,2353,685,3812,51,40,0.216,3,3,0.289,0.185,/tld/immobilien,0.221,0.246,0.35,
tld,zh,/tld/kaufen,.kaufen,2734,1060,1647,44,36,0.182,3,3,0.367,0.256,/tld/tienda,0.307,0.355,0.417,
tld,en,/tld/ke,.ke,2375,707,3910,47,37,0.213,3,3,0.264,0.204,/tld/pk,0.211,0.263,0.378,
tld,zh,/tld/ke,.ke,2816,1142,1578,48,38,0.208,3,3,0.455,0.311,/tld/ng,0.248,0.403,0.395,
tld,en,/tld/kids,.kids,2386,709,3899,50,40,0.2,3,3,0.199,0.121,/tld/fish,0.216,0.261,0.375,
tld,zh,/tld/kids,.kids,2816,1128,1625,45,37,0.178,3,3,0.257,0.155,/tld/fish,0.272,0.326,0.432,
tld,en,/tld/kitchen,.kitchen,2279,601,3278,56,42,0.25,3,3,0.19,0.118,/tld/wine,0.249,0.269,0.357,
tld,zh,/tld/kitchen,.kitchen,2647,960,1520,47,38,0.191,3,3,0.265,0.17,/tld/photography,0.327,0.372,0.421,
tld,en,/tld/kr,.kr,2331,663,3756,47,37,0.213,3,3,0.257,0.207,/tld/jp,0.222,0.269,0.378,
tld,zh,/tld/kr,.kr,2790,1116,1542,46,37,0.196,3,3,0.342,0.281,/tld/jp,0.248,0.351,0.405,
tld,en,/tld/kz,.kz,2371,703,3814,47,37,0.213,3,3,0.241,0.184,/tld/ee,0.219,0.28,0.378,
tld,zh,/tld/kz,.kz,2920,1246,1576,48,38,0.208,3,3,0.297,0.23,/tld/sk,0.241,0.39,0.395,
tld,en,/tld/la,.la,2337,672,3653,46,36,0.217,3,3,0.157,0.131,/tld/mn,0.171,0.179,0.25,
tld,zh,/tld/la,.la,2769,1098,1434,47,37,0.213,3,3,0.226,0.168,/tld/mn,0.254,0.287,0.378,
tld,en,/tld/land,.land,2157,485,2673,42,35,0.167,3,3,0.193,0.125,/tld/social,0.299,0.319,0.429,
tld,zh,/tld/land,.land,2536,856,1345,45,37,0.178,3,3,0.228,0.161,/tld/video,0.326,0.358,0.432,
tld,en,/tld/law,.law,2262,583,3124,48,38,0.208,3,3,0.194,0.112,/tld/design,0.257,0.29,0.395,
tld,zh,/tld/law,.law,2695,1004,1417,45,37,0.178,3,3,0.249,0.177,/tld/fashion,0.296,0.335,0.432,
tld,en,/tld/lawyer,.lawyer,2211,537,3082,45,36,0.2,3,3,0.187,0.115,/tld/design,0.268,0.283,0.389,
tld,zh,/tld/lawyer,.lawyer,2638,958,1472,42,35,0.167,3,3,0.239,0.18,/tld/attorney,0.312,0.335,0.429,
tld,en,/tld/legal,.legal,2218,547,3067,45,36,0.2,3,3,0.194,0.122,/tld/recipes,0.274,0.293,0.389,
tld,zh,/tld/legal,.legal,2619,942,1484,42,35,0.167,3,3,0.247,0.171,/tld/recipes,0.326,0.354,0.429,
tld,en,/tld/life,.life,2167,481,2699,44,36,0.182,3,3,0.217,0.154,/tld/digital,0.29,0.313,0.417,
tld,zh,/tld/life,.life,2530,832,1241,43,36,0.163,3,3,0.236,0.181,/tld/media,0.313,0.338,0.444,
tld,en,/tld/lighting,.lighting,2262,589,3347,48,38,0.208,3,3,0.245,0.135,/tld/management,0.262,0.296,0.395,
tld,zh,/tld/lighting,.lighting,2647,964,1577,43,36,0.163,3,3,0.309,0.199,/tld/management,0.311,0.343,0.444,
tld,en,/tld/limited,.limited,2247,577,3266,48,38,0.208,3,3,0.18,0.112,/tld/land,0.251,0.278,0.395,
tld,zh,/tld/limited,.limited,2610,932,1408,47,38,0.191,3,3,0.224,0.163,/tld/bargains,0.32,0.357,0.421,
tld,en,/tld/limo,.limo,2271,601,3344,50,40,0.2,3,3,0.224,0.148,/tld/villas,0.25,0.288,0.375,
tld,zh,/tld/limo,.limo,2676,998,1499,47,38,0.191,3,3,0.265,0.187,/tld/villas,0.302,0.341,0.421,
tld,en,/tld/link,.link,2136,463,2551,40,34,0.15,3,3,0.196,0.125,/tld/studio,0.284,0.298,0.412,
tld,zh,/tld/link,.link,2468,786,1086,41,35,0.146,3,3,0.262,0.198,/tld/live,0.344,0.36,0.457,
tld,en,/tld/live,.live,2135,449,2431,38,33,0.132,3,3,0.168,0.129,/tld/pro,0.266,0.281,0.364,
tld,zh,/tld/live,.live,2455,758,1005,41,35,0.146,3,3,0.262,0.198,/tld/link,0.351,0.367,0.457,
tld,en,/tld/lk,.lk,2361,693,3704,47,37,0.213,3,3,0.352,0.229,/tld/lv,0.207,0.278,0.351,
tld,zh,/tld/lk,.lk,2792,1118,1460,48,38,0.208,3,3,0.427,0.305,/tld/ge,0.259,0.433,0.395,
tld,en,/tld/llc,.llc,2324,653,3409,54,42,0.222,3,3,0.193,0.118,/tld/ltd,0.239,0.283,0.357,
tld,zh,/tld/llc,.llc,2778,1098,1504,47,38,0.191,3,3,0.281,0.187,/tld/ltd,0.311,0.35,0.421,
tld,en,/tld/loans,.loans,2223,555,3202,47,38,0.191,3,3,0.258,0.134,/tld/credit,0.268,0.308,0.368,
tld,zh,/tld/loans,.loans,2606,932,1528,42,35,0.167,3,3,0.303,0.195,/tld/credit,0.336,0.38,0.429,
tld,en,/tld/lol,.lol,2201,527,2791,41,34,0.171,3,3,0.187,0.112,/tld/today,0.274,0.28,0.412,
tld,zh,/tld/lol,.lol,2572,892,1274,44,36,0.182,3,3,0.217,0.157,/tld/best,0.312,0.322,0.417,
tld,en,/tld/london,.london,2340,669,3646,49,39,0.204,3,3,0.371,0.212,/tld/tokyo,0.236,0.264,0.359,
tld,zh,/tld/london,.london,2739,1062,1580,42,35,0.167,3,3,0.396,0.266,/tld/tokyo,0.3,0.344,0.429,
tld,en,/tld/love,.love,2278,599,3077,48,38,0.208,3,3,0.2,0.118,/tld/style,0.249,0.286,0.395,
tld,zh,/tld/love,.love,2648,960,1399,45,37,0.178,3,3,0.229,0.159,/tld/wedding,0.303,0.336,0.432,
tld,en,/tld/lt,.lt,2376,705,3912,49,38,0.224,3,3,0.386,0.267,/tld/lv,0.214,0.279,0.368,
tld,zh,/tld/lt,.lt,2869,1192,1536,50,39,0.22,3,3,0.436,0.339,/tld/lv,0.245,0.409,0.385,
tld,en,/tld/ltd,.ltd,2313,633,3352,50,39,0.22,3,3,0.194,0.117,/tld/soccer,0.241,0.289,0.385,
tld,zh,/tld/ltd,.ltd,2698,1008,1438,47,38,0.191,3,3,0.281,0.187,/tld/llc,0.336,0.383,0.421,
tld,en,/tld/lu,.lu,2355,690,3725,46,36,0.217,3,3,0.22,0.151,/tld/mn,0.212,0.244,0.361,
tld,zh,/tld/lu,.lu,2767,1096,1412,47,37,0.213,3,3,0.275,0.232,/tld/lk,0.246,0.343,0.378,
tld,en,/tld/luxury,.luxury,2317,647,3463,46,37,0.196,3,3,0.177,0.138,/tld/fishing,0.234,0.272,0.405,
tld,zh,/tld/luxury,.luxury,2665,986,1512,45,37,0.178,3,3,0.249,0.168,/tld/clothing,0.303,0.371,0.432,
tld,en,/tld/lv,.lv,2355,687,3664,47,37,0.213,3,3,0.386,0.267,/tld/lt,0.219,0.291,0.378,
tld,zh,/tld/lv,.lv,2878,1204,1514,50,39,0.22,3,3,0.436,0.339,/tld/lt,0.249,0.417,0.385,
tld,en,/tld/ma,.ma,2361,693,3824,49,38,0.224,3,3,0.248,0.23,/tld/lv,0.173,0.231,0.237,
tld,zh,/tld/ma,.ma,2882,1208,1592,50,39,0.22,3,3,0.374,0.287,/tld/lk,0.23,0.387,0.359,
tld,en,/tld/makeup,.makeup,2263,593,3182,48,39,0.188,3,3,0.276,0.214,/tld/skin,0.257,0.29,0.385,
tld,zh,/tld/makeup,.makeup,2645,964,1404,43,36,0.163,3,3,0.38,0.283,/tld/hair,0.327,0.356,0.444,
tld,en,/tld/management,.management,2199,531,3210,47,37,0.213,3,3,0.317,0.145,/tld/equipment,0.289,0.312,0.378,
tld,zh,/tld/management,.management,2578,904,1553,42,35,0.167,3,3,0.422,0.301,/tld/equipment,0.348,0.378,0.429,
tld,en,/tld/market,.market,2267,589,3291,50,39,0.22,3,3,0.183,0.112,/tld/community,0.246,0.289,0.385,
tld,zh,/tld/market,.market,2665,976,1518,47,38,0.191,3,3,0.267,0.18,/tld/community,0.314,0.361,0.421,
tld,en,/tld/marketing,.marketing,2207,539,2861,47,37,0.213,3,3,0.232,0.133,/tld/consulting,0.278,0.311,0.378,
tld,zh,/tld/marketing,.marketing,2564,890,1440,44,36,0.182,3,3,0.279,0.214,/tld/consulting,0.346,0.392,0.417,
tld,en,/tld/mba,.mba,2261,593,3214,47,38,0.191,3,3,0.193,0.116,/tld/management,0.258,0.276,0.368,
tld,zh,/tld/mba,.mba,2634,960,1452,42,35,0.167,3,3,0.257,0.168,/tld/florist,0.322,0.35,0.429,
tld,en,/tld/md,.md,2313,648,3444,50,39,0.22,3,3,0.185,0.117,/tld/mn,0.22,0.236,0.333,
tld,zh,/tld/md,.md,2765,1094,1494,47,37,0.213,3,3,0.216,0.168,/tld/mn,0.245,0.279,0.378,
tld,en,/tld/me,.me,2160,473,2505,38,33,0.132,3,3,0.157,0.13,/tld/net,0.235,0.255,0.333,
tld,zh,/tld/me,.me,2529,828,1144,39,34,0.128,3,3,0.227,0.167,/tld/sh,0.316,0.341,0.471,
tld,en,/tld/media,.media,2204,523,2933,44,36,0.182,3,3,0.206,0.126,/tld/life,0.275,0.291,0.417,
tld,zh,/tld/media,.media,2586,894,1308,47,38,0.191,3,3,0.236,0.168,/tld/life,0.307,0.33,0.421,
tld,en,/tld/meme,.meme,2330,659,3480,51,40,0.216,3,3,0.203,0.159,/tld/day,0.241,0.283,0.35,
tld,zh,/tld/meme,.meme,2699,1022,1516,44,36,0.182,3,3,0.296,0.227,/tld/day,0.292,0.338,0.417,
tld,en,/tld/menu,.menu,2283,603,3081,50,39,0.22,3,3,0.192,0.116,/tld/wedding,0.25,0.282,0.385,
tld,zh,/tld/menu,.menu,2688,1000,1408,47,38,0.191,3,3,0.258,0.17,/tld/wedding,0.299,0.333,0.421,
tld,en,/tld/miami,.miami,2311,643,3513,45,37,0.178,3,3,0.408,0.259,/tld/boston,0.237,0.289,0.378,
tld,zh,/tld/miami,.miami,2710,1036,1493,42,35,0.167,3,3,0.426,0.311,/tld/boston,0.292,0.336,0.429,
tld,en,/tld/mn,.mn,2359,694,3771,46,36,0.217,3,3,0.22,0.131,/tld/lu,0.204,0.226,0.361,
tld,zh,/tld/mn,.mn,2823,1152,1460,47,37,0.213,3,3,0.255,0.196,/tld/uz,0.239,0.336,0.378,
tld,en,/tld/mobi,.mobi,2427,759,4014,49,39,0.204,3,3,0.161,0.095,/tld/report,0.201,0.238,0.359,
tld,zh,/tld/mobi,.mobi,2836,1162,1669,44,36,0.182,3,3,0.238,0.142,/tld/domains,0.284,0.327,0.417,
tld,en,/tld/moda,.moda,2344,673,3712,48,39,0.188,3,3,0.205,0.138,/tld/fan,0.229,0.272,0.385,
tld,zh,/tld/moda,.moda,2720,1040,1677,45,37,0.178,3,3,0.279,0.22,/tld/fan,0.297,0.36,0.432,
tld,en,/tld/moe,.moe,2245,577,3189,45,36,0.2,3,3,0.164,0.106,/tld/social,0.249,0.26,0.389,
tld,zh,/tld/moe,.moe,2604,930,1307,44,36,0.182,3,3,0.208,0.144,/tld/fashion,0.307,0.318,0.417,
tld,en,/tld/mom,.mom,2269,601,3157,47,37,0.213,3,3,0.21,0.119,/tld/dad,0.257,0.278,0.378,
tld,zh,/tld/mom,.mom,2692,1018,1436,46,37,0.196,3,3,0.244,0.174,/tld/dad,0.302,0.332,0.405,
tld,en,/tld/money,.money,2231,557,3188,43,35,0.186,3,3,0.181,0.112,/tld/shop,0.27,0.292,0.4,
tld,zh,/tld/money,.money,2650,970,1498,44,36,0.182,3,3,0.22,0.159,/tld/institute,0.314,0.343,0.417,
tld,en,/tld/monster,.monster,2319,651,3674,49,39,0.204,3,3,0.164,0.12,/tld/pics,0.232,0.273,0.359,
tld,zh,/tld/monster,.monster,2698,1024,1597,44,36,0.182,3,3,0.225,0.164,/tld/fish,0.305,0.354,0.417,
tld,en,/tld/mortgage,.mortgage,2259,591,3346,51,40,0.216,3,3,0.218,0.12,/tld/loans,0.258,0.297,0.35,
tld,zh,/tld/mortgage,.mortgage,2650,976,1531,42,35,0.167,3,3,0.279,0.174,/tld/computer,0.332,0.363,0.429,
tld,en,/tld/movie,.movie,2311,641,3331,48,38,0.208,3,3,0.18,0.106,/tld/credit,0.236,0.274,0.395,
tld,zh,/tld/movie,.movie,2714,1034,1522,45,37,0.178,3,3,0.231,0.151,/tld/express,0.314,0.35,0.432,
tld,en,/tld/mx,.mx,2353,679,3835,47,37,0.213,3,3,0.385,0.228,/tld/pl,0.218,0.276,0.378,
tld,zh,/tld/mx,.mx,2788,1108,1483,48,38,0.208,3,3,0.497,0.348,/tld/pl,0.266,0.406,0.395,
tld,en,/tld/my,.my,2390,719,3950,47,37,0.213,3,3,0.321,0.231,/tld/id,0.21,0.279,0.378,
tld,zh,/tld/my,.my,2899,1222,1602,50,39,0.22,3,3,0.447,0.334,/tld/id,0.237,0.394,0.385,
tld,en,/tld/net,.net,2136,457,2428,38,33,0.132,3,3,0.195,0.141,/tld/org,0.31,0.325,0.455,
tld,zh,/tld/net,.net,2490,804,1075,39,34,0.128,3,3,0.217,0.166,/tld/vip,0.321,0.336,0.471,
tld,en,/tld/network,.network,2150,473,2788,44,36,0.182,3,3,0.191,0.135,/tld/zone,0.301,0.315,0.417,
tld,zh,/tld/network,.network,2554,864,1244,45,37,0.178,3,3,0.217,0.166,/tld/studio,0.306,0.324,0.432,
tld,en,/tld/news,.news,2220,537,2834,42,35,0.167,3,3,0.192,0.123,/tld/shop,0.274,0.296,0.429,
tld,zh,/tld/news,.news,2582,884,1377,45,37,0.178,3,3,0.213,0.149,/tld/shop,0.298,0.326,0.432,
tld,en,/tld/ng,.ng,2373,699,3844,47,37,0.213,3,3,0.268,0.222,/tld/pk,0.187,0.242,0.297,
tld,zh,/tld/ng,.ng,2802,1122,1530,48,38,0.208,3,3,0.455,0.311,/tld/ke,0.255,0.403,0.395,
tld,en,/tld/ninja,.ninja,2207,539,2901,45,36,0.2,3,3,0.174,0.111,/tld/us,0.27,0.282,0.389,
tld,zh,/tld/ninja,.ninja,2582,908,1348,44,36,0.182,3,3,0.227,0.159,/tld/school,0.326,0.35,0.417,
tld,en,/tld/nl,.nl,2358,687,3773,47,37,0.213,3,3,0.194,0.155,/tld/fr,0.216,0.266,0.378,
tld,zh,/tld/nl,.nl,2781,1104,1468,44,36,0.182,3,3,0.258,0.209,/tld/fr,0.267,0.327,0.417,
tld,en,/tld/no,.no,2339,671,3686,45,36,0.2,3,3,0.203,0.173,/tld/pt,0.201,0.266,0.333,
tld,zh,/tld/no,.no,2778,1104,1448,46,37,0.196,3,3,0.323,0.254,/tld/pt,0.255,0.403,0.405,
tld,en,/tld/nyc,.nyc,2358,687,3533,49,39,0.204,3,3,0.335,0.188,/tld/amsterdam,0.23,0.283,0.359,
tld,zh,/tld/nyc,.nyc,2765,1088,1505,42,35,0.167,3,3,0.407,0.262,/tld/boston,0.287,0.34,0.429,
tld,en,/tld/nz,.nz,2299,631,3414,47,37,0.213,3,3,0.34,0.208,/tld/pt,0.236,0.315,0.378,
tld,zh,/tld/nz,.nz,2730,1056,1384,48,38,0.208,3,3,0.457,0.324,/tld/pt,0.274,0.468,0.395,
tld,en,/tld/one,.one,2221,553,2911,43,35,0.186,3,3,0.174,0.108,/tld/us,0.265,0.274,0.4,
tld,zh,/tld/one,.one,2606,932,1328,44,36,0.182,3,3,0.21,0.16,/tld/bike,0.316,0.347,0.417,
tld,en,/tld/online,.online,2156,475,2615,44,37,0.159,3,3,0.201,0.14,/tld/site,0.287,0.3,0.405,
tld,zh,/tld/online,.online,2579,888,1131,45,38,0.156,3,3,0.217,0.163,/tld/info,0.314,0.334,0.421,
tld,en,/tld/org,.org,2142,459,2576,40,34,0.15,3,3,0.205,0.141,/tld/games,0.3,0.314,0.441,
tld,zh,/tld/org,.org,2484,786,1061,41,35,0.146,3,3,0.218,0.158,/tld/vip,0.32,0.335,0.457,
tld,en,/tld/organic,.organic,2357,687,3901,52,40,0.231,3,3,0.191,0.126,/tld/clothing,0.229,0.275,0.375,
tld,zh,/tld/organic,.organic,2758,1078,1640,47,38,0.191,3,3,0.27,0.181,/tld/fish,0.304,0.377,0.421,
tld,en,/tld/page,.page,2213,545,2990,41,34,0.171,3,3,0.174,0.129,/tld/space,0.265,0.28,0.412,
tld,zh,/tld/page,.page,2584,910,1412,42,35,0.167,3,3,0.228,0.16,/tld/app,0.297,0.315,0.429,
tld,en,/tld/paris,.paris,2363,695,3773,47,38,0.191,3,3,0.385,0.218,/tld/amsterdam,0.213,0.262,0.342,
tld,zh,/tld/paris,.paris,2782,1108,1565,44,36,0.182,3,3,0.426,0.282,/tld/amsterdam,0.279,0.329,0.417,
tld,en,/tld/partners,.partners,2226,555,3270,47,37,0.213,3,3,0.236,0.135,/tld/capital,0.265,0.299,0.378,
tld,zh,/tld/partners,.partners,2675,998,1573,44,36,0.182,3,3,0.287,0.205,/tld/capital,0.31,0.35,0.417,
tld,en,/tld/parts,.parts,2227,557,3170,48,38,0.208,3,3,0.287,0.141,/tld/equipment,0.269,0.303,0.395,
tld,zh,/tld/parts,.parts,2633,954,1430,43,36,0.163,3,3,0.356,0.216,/tld/equipment,0.332,0.368,0.444,
tld,en,/tld/party,.party,2313,643,3473,48,39,0.188,3,3,0.183,0.123,/tld/villas,0.24,0.287,0.385,
tld,zh,/tld/party,.party,2714,1036,1585,45,37,0.178,3,3,0.238,0.157,/tld/casa,0.291,0.346,0.432,
tld,en,/tld/pe,.pe,2365,697,3708,47,37,0.213,3,3,0.303,0.211,/tld/pk,0.217,0.282,0.378,
tld,zh,/tld/pe,.pe,2806,1132,1488,48,38,0.208,3,3,0.41,0.307,/tld/ng,0.258,0.431,0.395,
tld,en,/tld/pet,.pet,2288,605,3381,50,39,0.22,3,3,0.179,0.122,/tld/care,0.244,0.29,0.385,
tld,zh,/tld/pet,.pet,2699,1004,1376,47,38,0.191,3,3,0.242,0.177,/tld/estate,0.314,0.362,0.421,
tld,en,/tld/ph,.ph,2329,661,3736,51,39,0.235,3,3,0.363,0.234,/tld/ae,0.222,0.299,0.359,
tld,zh,/tld/ph,.ph,2784,1110,1454,52,40,0.231,3,3,0.445,0.326,/tld/ae,0.259,0.434,0.375,
tld,en,/tld/photo,.photo,2305,635,3418,52,41,0.212,3,3,0.191,0.12,/tld/mom,0.237,0.27,0.366,
tld,zh,/tld/photo,.photo,2714,1036,1569,47,38,0.191,3,3,0.235,0.205,/tld/photography,0.294,0.335,0.421,
tld,en,/tld/photography,.photography,2239,563,3172,54,41,0.241,3,3,0.208,0.127,/tld/photos,0.264,0.304,0.366,
tld,zh,/tld/photography,.photography,2628,944,1520,45,37,0.178,3,3,0.272,0.226,/tld/photos,0.334,0.386,0.432,
tld,en,/tld/photos,.photos,2244,563,3255,52,41,0.212,3,3,0.208,0.124,/tld/photography,0.261,0.307,0.366,
tld,zh,/tld/photos,.photos,2651,958,1469,47,38,0.191,3,3,0.272,0.226,/tld/photography,0.318,0.365,0.421,
tld,en,/tld/pics,.pics,2319,651,3574,49,39,0.204,3,3,0.182,0.132,/tld/fish,0.238,0.271,0.359,
tld,zh,/tld/pics,.pics,2678,1004,1619,44,36,0.182,3,3,0.225,0.17,/tld/bond,0.302,0.349,0.417,
tld,en,/tld/pictures,.pictures,2261,591,3400,46,37,0.196,3,3,0.203,0.125,/tld/investments,0.254,0.308,0.405,
tld,zh,/tld/pictures,.pictures,2647,968,1632,43,36,0.163,3,3,0.256,0.187,/tld/productions,0.334,0.392,0.444,
tld,en,/tld/pink,.pink,2258,587,3125,50,39,0.22,3,3,0.177,0.117,/tld/blue,0.246,0.286,0.385,
tld,zh,/tld/pink,.pink,2652,974,1297,49,39,0.204,3,3,0.237,0.179,/tld/international,0.319,0.369,0.41,
tld,en,/tld/pizza,.pizza,2239,569,3045,46,37,0.196,3,3,0.198,0.126,/tld/space,0.265,0.29,0.405,
tld,zh,/tld/pizza,.pizza,2627,950,1404,47,38,0.191,3,3,0.237,0.169,/tld/cafe,0.314,0.354,0.421,
tld,en,/tld/pk,.pk,2371,703,3988,47,37,0.213,3,3,0.303,0.222,/tld/pe,0.213,0.27,0.378,
tld,zh,/tld/pk,.pk,2870,1196,1580,48,38,0.208,3,3,0.408,0.303,/tld/ng,0.249,0.409,0.395,
tld,en,/tld/pl,.pl,2344,667,3628,47,37,0.213,3,3,0.385,0.228,/tld/mx,0.223,0.283,0.378,
tld,zh,/tld/pl,.pl,2767,1084,1405,48,38,0.208,3,3,0.497,0.348,/tld/mx,0.276,0.424,0.395,
tld,en,/tld/place,.place,2317,649,3513,51,40,0.216,3,3,0.261,0.161,/tld/shopping,0.236,0.288,0.35,
tld,zh,/tld/place,.place,2722,1048,1587,44,36,0.182,3,3,0.345,0.207,/tld/shopping,0.311,0.378,0.417,
tld,en,/tld/plumbing,.plumbing,2275,607,3376,47,38,0.191,3,3,0.217,0.121,/tld/courses,0.249,0.27,0.368,
tld,zh,/tld/plumbing,.plumbing,2614,940,1521,42,35,0.167,3,3,0.271,0.192,/tld/courses,0.321,0.352,0.429,
tld,en,/tld/plus,.plus,2233,565,2953,47,37,0.213,3,3,0.197,0.113,/tld/support,0.256,0.295,0.378,
tld,zh,/tld/plus,.plus,2616,942,1345,44,36,0.182,3,3,0.286,0.184,/tld/support,0.329,0.381,0.417,
tld,en,/tld/poker,.poker,2296,623,3420,50,40,0.2,3,3,0.201,0.136,/tld/fish,0.245,0.279,0.375,
tld,zh,/tld/poker,.poker,2688,1006,1532,45,37,0.178,3,3,0.279,0.191,/tld/fish,0.309,0.354,0.432,
tld,en,/tld/press,.press,2282,611,3460,54,42,0.222,3,3,0.184,0.112,/tld/credit,0.252,0.29,0.357,
tld,zh,/tld/press,.press,2716,1036,1560,47,38,0.191,3,3,0.223,0.166,/tld/express,0.301,0.331,0.421,
tld,en,/tld/pro,.pro,2140,459,2470,42,35,0.167,3,3,0.196,0.127,/tld/space,0.308,0.323,0.429,
tld,zh,/tld/pro,.pro,2475,780,1020,41,35,0.146,3,3,0.232,0.171,/tld/link,0.349,0.365,0.457,
tld,en,/tld/productions,.productions,2277,607,3364,48,38,0.208,3,3,0.205,0.125,/tld/investments,0.245,0.293,0.395,
tld,zh,/tld/productions,.productions,2686,1008,1650,43,36,0.163,3,3,0.292,0.201,/tld/investments,0.323,0.365,0.444,
tld,en,/tld/promo,.promo,2320,643,3417,54,42,0.222,3,3,0.194,0.115,/tld/hockey,0.238,0.285,0.357,
tld,zh,/tld/promo,.promo,2724,1036,1528,47,38,0.191,3,3,0.256,0.181,/tld/football,0.317,0.362,0.421,
tld,en,/tld/properties,.properties,2273,597,3345,48,38,0.208,3,3,0.249,0.155,/tld/apartments,0.246,0.292,0.395,
tld,zh,/tld/properties,.properties,2643,958,1549,45,37,0.178,3,3,0.289,0.198,/tld/taxi,0.331,0.373,0.432,
tld,en,/tld/pt,.pt,2299,631,3504,47,37,0.213,3,3,0.365,0.274,/tld/sk,0.234,0.315,0.378,
tld,zh,/tld/pt,.pt,2752,1078,1388,48,38,0.208,3,3,0.457,0.347,/tld/nz,0.27,0.463,0.395,
tld,en,/tld/pub,.pub,2270,597,3134,46,37,0.196,3,3,0.21,0.129,/tld/spa,0.251,0.284,0.405,
tld,zh,/tld/pub,.pub,2684,1000,1455,45,37,0.178,3,3,0.25,0.17,/tld/spa,0.292,0.342,0.432,
tld,en,/tld/qa,.qa,2427,759,3976,49,38,0.224,3,3,0.346,0.226,/tld/lk,0.206,0.273,0.368,
tld,zh,/tld/qa,.qa,2896,1222,1602,50,39,0.22,3,3,0.411,0.292,/tld/lk,0.235,0.381,0.385,
tld,en,/tld/quest,.quest,2338,667,3642,49,39,0.204,3,3,0.18,0.12,/tld/villas,0.231,0.273,0.359,
tld,zh,/tld/quest,.quest,2705,1028,1551,44,36,0.182,3,3,0.24,0.164,/tld/win,0.296,0.341,0.417,
tld,en,/tld/recipes,.recipes,2246,575,3285,45,36,0.2,3,3,0.194,0.122,/tld/legal,0.255,0.279,0.389,
tld,zh,/tld/recipes,.recipes,2631,954,1576,42,35,0.167,3,3,0.247,0.168,/tld/legal,0.323,0.359,0.429,
tld,en,/tld/red,.red,2282,611,3171,45,36,0.2,3,3,0.161,0.104,/tld/digital,0.244,0.249,0.389,
tld,zh,/tld/red,.red,2677,1000,1342,44,36,0.182,3,3,0.209,0.156,/tld/marketing,0.305,0.335,0.417,
tld,en,/tld/rehab,.rehab,2329,661,3899,53,41,0.226,3,3,0.259,0.18,/tld/immobilien,0.232,0.259,0.341,
tld,zh,/tld/rehab,.rehab,2772,1098,1660,44,36,0.182,3,3,0.314,0.216,/tld/immobilien,0.301,0.348,0.417,
tld,en,/tld/rent,.rent,2229,561,3067,47,38,0.191,3,3,0.203,0.123,/tld/delivery,0.26,0.275,0.368,
tld,zh,/tld/rent,.rent,2604,930,1385,42,35,0.167,3,3,0.289,0.189,/tld/delivery,0.323,0.356,0.429,
tld,en,/tld/rentals,.rentals,2301,615,3270,48,38,0.208,3,3,0.232,0.146,/tld/repair,0.239,0.283,0.395,
tld,zh,/tld/rentals,.rentals,2690,990,1434,45,37,0.178,3,3,0.311,0.222,/tld/repair,0.323,0.378,0.432,
tld,en,/tld/repair,.repair,2295,613,3311,48,38,0.208,3,3,0.232,0.138,/tld/rentals,0.249,0.295,0.395,
tld,zh,/tld/repair,.repair,2667,976,1451,45,37,0.178,3,3,0.311,0.222,/tld/rentals,0.326,0.379,0.432,
tld,en,/tld/report,.report,2319,651,3696,51,40,0.216,3,3,0.206,0.125,/tld/town,0.24,0.288,0.35,
tld,zh,/tld/report,.report,2740,1066,1637,44,36,0.182,3,3,0.277,0.172,/tld/town,0.314,0.373,0.417,
tld,en,/tld/restaurant,.restaurant,2241,551,3010,46,37,0.196,3,3,0.208,0.126,/tld/clinic,0.273,0.317,0.405,
tld,zh,/tld/restaurant,.restaurant,2631,930,1505,45,37,0.178,3,3,0.248,0.169,/tld/photography,0.328,0.372,0.432,
tld,en,/tld/review,.review,2261,593,3354,47,38,0.191,3,3,0.198,0.122,/tld/catering,0.254,0.254,0.368,
tld,zh,/tld/review,.review,2648,974,1474,42,35,0.167,3,3,0.25,0.181,/tld/supply,0.293,0.317,0.429,
tld,en,/tld/reviews,.reviews,2292,619,3560,52,41,0.212,3,3,0.217,0.13,/tld/hockey,0.24,0.29,0.366,
tld,zh,/tld/reviews,.reviews,2755,1074,1574,47,38,0.191,3,3,0.257,0.181,/tld/hockey,0.307,0.351,0.421,
tld,en,/tld/ro,.ro,2323,655,3632,47,37,0.213,3,3,0.354,0.248,/tld/sk,0.222,0.291,0.378,
tld,zh,/tld/ro,.ro,2812,1138,1466,48,38,0.208,3,3,0.469,0.325,/tld/sk,0.256,0.432,0.395,
tld,en,/tld/rocks,.rocks,2259,591,3177,49,38,0.224,3,3,0.165,0.107,/tld/academy,0.246,0.258,0.368,
tld,zh,/tld/rocks,.rocks,2632,958,1340,50,39,0.22,3,3,0.219,0.159,/tld/ninja,0.317,0.348,0.385,
tld,en,/tld/rs,.rs,2401,733,3950,47,37,0.213,3,3,0.284,0.223,/tld/lv,0.197,0.262,0.351,
tld,zh,/tld/rs,.rs,2888,1214,1630,48,38,0.208,3,3,0.351,0.273,/tld/lv,0.234,0.37,0.395,
tld,en,/tld/rugby,.rugby,2295,625,3288,46,38,0.174,3,3,0.339,0.246,/tld/basketball,0.244,0.283,0.395,
tld,zh,/tld/rugby,.rugby,2692,1012,1541,43,36,0.163,3,3,0.4,0.322,/tld/basketball,0.3,0.34,0.444,
tld,en,/tld/run,.run,2224,551,2922,46,37,0.196,3,3,0.176,0.117,/tld/art,0.26,0.275,0.405,
tld,zh,/tld/run,.run,2569,886,1332,45,37,0.178,3,3,0.206,0.153,/tld/codes,0.293,0.309,0.432,
tld,en,/tld/sa,.sa,2376,705,4112,49,39,0.204,3,3,0.213,0.146,/tld/kz,0.213,0.275,0.359,
tld,zh,/tld/sa,.sa,2863,1186,1586,48,38,0.208,3,3,0.309,0.221,/tld/eg,0.242,0.376,0.395,
tld,en,/tld/sale,.sale,2240,569,3118,47,37,0.213,3,3,0.192,0.114,/tld/support,0.259,0.295,0.378,
tld,zh,/tld/sale,.sale,2633,956,1397,44,36,0.182,3,3,0.27,0.195,/tld/toys,0.333,0.388,0.417,
tld,en,/tld/salon,.salon,2292,613,3123,50,39,0.22,3,3,0.191,0.131,/tld/photography,0.244,0.28,0.385,
tld,zh,/tld/salon,.salon,2655,968,1382,47,38,0.191,3,3,0.262,0.176,/tld/events,0.321,0.375,0.421,
tld,en,/tld/sbs,.sbs,2347,679,3599,51,40,0.216,3,3,0.218,0.144,/tld/buzz,0.225,0.253,0.35,
tld,zh,/tld/sbs,.sbs,2766,1092,1576,44,36,0.182,3,3,0.274,0.18,/tld/buzz,0.281,0.325,0.417,
tld,en,/tld/school,.school,2222,545,3017,46,37,0.196,3,3,0.19,0.127,/tld/shop,0.268,0.293,0.405,
tld,zh,/tld/school,.school,2627,938,1395,47,38,0.191,3,3,0.247,0.179,/tld/academy,0.319,0.369,0.421,
tld,en,/tld/se,.se,2341,667,3672,47,37,0.213,3,3,0.344,0.274,/tld/pt,0.221,0.295,0.378,
tld,zh,/tld/se,.se,2790,1110,1476,48,38,0.208,3,3,0.433,0.347,/tld/pt,0.252,0.419,0.395,
tld,en,/tld/services,.services,2251,567,3099,48,38,0.208,3,3,0.205,0.134,/tld/events,0.261,0.306,0.395,
tld,zh,/tld/services,.services,2641,946,1493,45,37,0.178,3,3,0.252,0.187,/tld/directory,0.32,0.378,0.432,
tld,en,/tld/sg,.sg,2325,645,3820,45,36,0.2,3,3,0.257,0.162,/tld/hk,0.226,0.276,0.389,
tld,zh,/tld/sg,.sg,2820,1134,1478,44,36,0.182,3,3,0.308,0.217,/tld/hk,0.249,0.333,0.417,
tld,en,/tld/sh,.sh,2142,469,2499,40,35,0.125,3,3,0.19,0.127,/tld/io,0.272,0.292,0.4,
tld,zh,/tld/sh,.sh,2440,758,1020,41,35,0.146,3,3,0.234,0.172,/tld/gg,0.329,0.348,0.457,
tld,en,/tld/shoes,.shoes,2260,587,3256,50,40,0.2,3,3,0.229,0.142,/tld/toys,0.247,0.296,0.375,
tld,zh,/tld/shoes,.shoes,2612,930,1449,45,37,0.178,3,3,0.32,0.225,/tld/toys,0.327,0.389,0.432,
tld,en,/tld/shop,.shop,2166,477,2565,44,37,0.159,3,3,0.192,0.131,/tld/space,0.293,0.316,0.405,
tld,zh,/tld/shop,.shop,2499,798,1061,43,36,0.163,3,3,0.238,0.176,/tld/vip,0.328,0.36,0.444,
tld,en,/tld/shopping,.shopping,2313,645,3664,51,40,0.216,3,3,0.261,0.153,/tld/place,0.239,0.294,0.35,
tld,zh,/tld/shopping,.shopping,2670,996,1642,44,36,0.182,3,3,0.345,0.207,/tld/place,0.318,0.39,0.417,
tld,en,/tld/show,.show,2270,597,3013,50,39,0.22,3,3,0.182,0.123,/tld/house,0.243,0.293,0.359,
tld,zh,/tld/show,.show,2652,968,1415,45,37,0.178,3,3,0.247,0.173,/tld/international,0.32,0.364,0.432,
tld,en,/tld/singles,.singles,2303,633,3560,48,39,0.188,3,3,0.25,0.145,/tld/clothing,0.244,0.301,0.385,
tld,zh,/tld/singles,.singles,2712,1032,1626,45,37,0.178,3,3,0.343,0.213,/tld/clothing,0.31,0.363,0.432,
tld,en,/tld/site,.site,2187,497,2651,44,37,0.159,3,3,0.201,0.14,/tld/online,0.277,0.297,0.405,
tld,zh,/tld/site,.site,2578,876,1121,43,36,0.163,3,3,0.227,0.169,/tld/vip,0.311,0.329,0.444,
tld,en,/tld/sk,.sk,2307,639,3504,47,37,0.213,3,3,0.365,0.248,/tld/pt,0.236,0.312,0.378,
tld,zh,/tld/sk,.sk,2764,1090,1396,48,38,0.208,3,3,0.469,0.325,/tld/ro,0.272,0.465,0.395,
tld,en,/tld/skin,.skin,2233,563,3204,48,39,0.188,3,3,0.276,0.214,/tld/makeup,0.259,0.28,0.385,
tld,zh,/tld/skin,.skin,2634,956,1354,43,36,0.163,3,3,0.344,0.27,/tld/makeup,0.32,0.357,0.444,
tld,en,/tld/so,.so,2113,445,2428,41,34,0.171,3,3,0.194,0.162,/tld/gg,0.276,0.283,0.353,
tld,zh,/tld/so,.so,2418,744,1016,40,34,0.15,3,3,0.238,0.187,/tld/gg,0.341,0.345,0.441,
tld,en,/tld/soccer,.soccer,2315,637,3446,54,42,0.222,3,3,0.237,0.161,/tld/hockey,0.24,0.285,0.357,
tld,zh,/tld/soccer,.soccer,2715,1024,1511,47,38,0.191,3,3,0.334,0.216,/tld/hockey,0.319,0.362,0.421,
tld,en,/tld/social,.social,2151,483,2814,43,35,0.186,3,3,0.193,0.125,/tld/land,0.294,0.311,0.4,
tld,zh,/tld/social,.social,2524,850,1419,42,35,0.167,3,3,0.215,0.157,/tld/international,0.326,0.348,0.429,
tld,en,/tld/software,.software,2227,559,3210,53,40,0.245,3,3,0.203,0.124,/tld/marketing,0.275,0.304,0.35,
tld,zh,/tld/software,.software,2608,934,1494,44,36,0.182,3,3,0.259,0.177,/tld/consulting,0.332,0.368,0.417,
tld,en,/tld/solar,.solar,2266,595,3201,47,37,0.213,3,3,0.225,0.143,/tld/repair,0.257,0.293,0.378,
tld,zh,/tld/solar,.solar,2687,1010,1442,44,36,0.182,3,3,0.271,0.179,/tld/taxi,0.32,0.354,0.417,
tld,en,/tld/solutions,.solutions,2199,531,2999,47,37,0.213,3,3,0.196,0.122,/tld/ventures,0.273,0.289,0.378,
tld,zh,/tld/solutions,.solutions,2608,934,1458,46,37,0.196,3,3,0.248,0.187,/tld/services,0.31,0.347,0.405,
tld,en,/tld/spa,.spa,2259,589,3164,44,36,0.182,3,3,0.21,0.129,/tld/pub,0.25,0.291,0.417,
tld,zh,/tld/spa,.spa,2674,996,1451,43,36,0.163,3,3,0.275,0.17,/tld/dentist,0.285,0.342,0.444,
tld,en,/tld/space,.space,2107,431,2446,42,35,0.167,3,3,0.213,0.131,/tld/tech,0.312,0.333,0.429,
tld,zh,/tld/space,.space,2428,738,974,43,36,0.163,3,3,0.246,0.179,/tld/link,0.358,0.381,0.444,
tld,en,/tld/store,.store,2211,523,2568,44,36,0.182,3,3,0.185,0.121,/tld/space,0.274,0.293,0.417,
tld,zh,/tld/store,.store,2525,824,1146,45,37,0.178,3,3,0.219,0.169,/tld/vip,0.317,0.339,0.432,
tld,en,/tld/stream,.stream,2311,641,3462,48,38,0.208,3,3,0.185,0.11,/tld/pictures,0.231,0.263,0.395,
tld,zh,/tld/stream,.stream,2757,1078,1568,45,37,0.178,3,3,0.22,0.15,/tld/fashion,0.288,0.313,0.432,
tld,en,/tld/studio,.studio,2149,461,2386,40,35,0.125,3,3,0.196,0.126,/tld/link,0.299,0.313,0.429,
tld,zh,/tld/studio,.studio,2460,760,1027,41,35,0.146,3,3,0.252,0.179,/tld/design,0.352,0.368,0.457,
tld,en,/tld/study,.study,2231,563,3055,47,38,0.191,3,3,0.227,0.179,/tld/courses,0.267,0.276,0.368,
tld,zh,/tld/study,.study,2576,902,1412,42,35,0.167,3,3,0.329,0.253,/tld/courses,0.326,0.347,0.429,
tld,en,/tld/style,.style,2250,577,3044,50,39,0.22,3,3,0.2,0.121,/tld/love,0.259,0.31,0.385,
tld,zh,/tld/style,.style,2621,940,1490,45,37,0.178,3,3,0.255,0.193,/tld/international,0.31,0.359,0.432,
tld,en,/tld/supplies,.supplies,2275,601,3329,46,37,0.196,3,3,0.178,0.116,/tld/auction,0.243,0.268,0.405,
tld,zh,/tld/supplies,.supplies,2648,962,1536,45,37,0.178,3,3,0.256,0.2,/tld/diamonds,0.301,0.335,0.432,
tld,en,/tld/supply,.supply,2240,567,3381,50,39,0.22,3,3,0.216,0.117,/tld/management,0.264,0.288,0.385,
tld,zh,/tld/supply,.supply,2629,946,1456,43,36,0.163,3,3,0.304,0.2,/tld/management,0.319,0.36,0.444,
tld,en,/tld/support,.support,2228,557,3155,47,37,0.213,3,3,0.197,0.117,/tld/plus,0.264,0.307,0.378,
tld,zh,/tld/support,.support,2623,946,1488,44,36,0.182,3,3,0.286,0.184,/tld/plus,0.334,0.381,0.417,
tld,en,/tld/surf,.surf,2306,635,3328,53,41,0.226,3,3,0.255,0.19,/tld/fit,0.243,0.268,0.341,
tld,zh,/tld/surf,.surf,2711,1034,1449,46,37,0.196,3,3,0.326,0.256,/tld/fit,0.302,0.328,0.405,
tld,en,/tld/surgery,.surgery,2339,671,4005,53,41,0.226,3,3,0.222,0.157,/tld/hospital,0.232,0.284,0.341,
tld,zh,/tld/surgery,.surgery,2742,1068,1693,44,36,0.182,3,3,0.29,0.198,/tld/hospital,0.297,0.354,0.417,
tld,en,/tld/systems,.systems,2209,541,3126,47,37,0.213,3,3,0.206,0.121,/tld/ventures,0.274,0.303,0.378,
tld,zh,/tld/systems,.systems,2604,930,1486,44,36,0.182,3,3,0.249,0.17,/tld/exchange,0.322,0.355,0.417,
tld,en,/tld/tattoo,.tattoo,2303,633,3405,50,40,0.2,3,3,0.222,0.13,/tld/singles,0.244,0.284,0.375,
tld,zh,/tld/tattoo,.tattoo,2663,984,1589,45,37,0.178,3,3,0.286,0.18,/tld/singles,0.289,0.338,0.432,
tld,en,/tld/tax,.tax,2236,563,2894,46,37,0.196,3,3,0.233,0.135,/tld/green,0.263,0.315,0.405,
tld,zh,/tld/tax,.tax,2575,894,1326,43,36,0.163,3,3,0.289,0.195,/tld/shoes,0.339,0.408,0.444,
tld,en,/tld/taxi,.taxi,2302,629,3421,48,38,0.208,3,3,0.218,0.141,/tld/properties,0.234,0.275,0.395,
tld,zh,/tld/taxi,.taxi,2709,1028,1443,45,37,0.178,3,3,0.289,0.198,/tld/properties,0.312,0.358,0.432,
tld,en,/tld/team,.team,2152,469,2671,44,36,0.182,3,3,0.186,0.12,/tld/design,0.29,0.303,0.417,
tld,zh,/tld/team,.team,2530,832,1283,45,37,0.178,3,3,0.215,0.151,/tld/chat,0.325,0.353,0.432,
tld,en,/tld/tech,.tech,2148,459,2555,44,37,0.159,3,3,0.213,0.125,/tld/space,0.299,0.319,0.405,
tld,zh,/tld/tech,.tech,2554,854,1109,41,35,0.146,3,3,0.217,0.153,/tld/vip,0.318,0.336,0.457,
tld,en,/tld/technology,.technology,2295,627,3397,51,39,0.235,3,3,0.183,0.112,/tld/photography,0.244,0.266,0.359,
tld,zh,/tld/technology,.technology,2692,1018,1627,46,37,0.196,3,3,0.262,0.167,/tld/international,0.307,0.349,0.405,
tld,en,/tld/tennis,.tennis,2324,651,3479,54,41,0.241,3,3,0.244,0.132,/tld/hockey,0.232,0.276,0.366,
tld,zh,/tld/tennis,.tennis,2758,1076,1558,47,38,0.191,3,3,0.307,0.208,/tld/golf,0.316,0.352,0.421,
tld,en,/tld/th,.th,2365,697,3906,55,41,0.255,3,3,0.199,0.127,/tld/ua,0.193,0.219,0.293,
tld,zh,/tld/th,.th,2814,1140,1614,52,40,0.231,3,3,0.348,0.221,/tld/ua,0.25,0.381,0.375,
tld,en,/tld/theater,.theater,2221,553,3077,47,37,0.213,3,3,0.205,0.123,/tld/engineer,0.27,0.286,0.378,
tld,zh,/tld/theater,.theater,2610,936,1491,46,37,0.196,3,3,0.252,0.173,/tld/engineer,0.321,0.339,0.405,
tld,en,/tld/tickets,.tickets,2237,567,3141,48,39,0.188,3,3,0.18,0.113,/tld/dentist,0.257,0.29,0.385,
tld,zh,/tld/tickets,.tickets,2634,956,1407,45,37,0.178,3,3,0.216,0.15,/tld/dentist,0.297,0.328,0.432,
tld,en,/tld/tienda,.tienda,2385,717,4046,49,39,0.204,3,3,0.256,0.171,/tld/kaufen,0.214,0.264,0.359,
tld,zh,/tld/tienda,.tienda,2768,1094,1654,44,36,0.182,3,3,0.367,0.256,/tld/kaufen,0.304,0.361,0.417,
tld,en,/tld/tips,.tips,2209,535,2873,48,38,0.208,3,3,0.193,0.154,/tld/exchange,0.256,0.31,0.342,
tld,zh,/tld/tips,.tips,2577,894,1399,45,37,0.178,3,3,0.256,0.202,/tld/institute,0.336,0.385,0.432,
tld,en,/tld/tires,.tires,2339,671,3605,51,40,0.216,3,3,0.242,0.157,/tld/immo,0.234,0.288,0.35,
tld,zh,/tld/tires,.tires,2728,1054,1609,44,36,0.182,3,3,0.314,0.195,/tld/immo,0.304,0.361,0.417,
tld,en,/tld/today,.today,2217,549,2947,43,35,0.186,3,3,0.187,0.107,/tld/lol,0.267,0.273,0.4,
tld,zh,/tld/today,.today,2584,910,1370,44,36,0.182,3,3,0.23,0.159,/tld/cool,0.325,0.346,0.417,
tld,en,/tld/tokyo,.tokyo,2319,651,3489,45,37,0.178,3,3,0.371,0.212,/tld/london,0.236,0.286,0.378,
tld,zh,/tld/tokyo,.tokyo,2740,1066,1515,42,35,0.167,3,3,0.396,0.259,/tld/london,0.298,0.351,0.429,
tld,en,/tld/tools,.tools,2170,499,2816,43,36,0.163,3,3,0.18,0.117,/tld/zone,0.284,0.294,0.389,
tld,zh,/tld/tools,.tools,2493,816,1252,44,36,0.182,3,3,0.206,0.154,/tld/zone,0.321,0.324,0.417,
tld,en,/tld/top,.top,2144,467,2610,37,32,0.135,3,3,0.186,0.123,/tld/vip,0.291,0.291,0.438,
tld,zh,/tld/top,.top,2577,894,1133,38,33,0.132,3,3,0.216,0.161,/tld/vip,0.304,0.308,0.455,
tld,en,/tld/tours,.tours,2275,597,3302,52,41,0.212,3,3,0.214,0.136,/tld/green,0.253,0.3,0.366,
tld,zh,/tld/tours,.tours,2666,978,1506,45,37,0.178,3,3,0.262,0.193,/tld/shoes,0.316,0.357,0.432,
tld,en,/tld/town,.town,2345,677,3662,53,41,0.226,3,3,0.212,0.131,/tld/bond,0.234,0.28,0.341,
tld,zh,/tld/town,.town,2728,1054,1591,44,36,0.182,3,3,0.277,0.185,/tld/report,0.31,0.362,0.417,
tld,en,/tld/toys,.toys,2240,569,3147,49,39,0.204,3,3,0.229,0.142,/tld/shoes,0.253,0.291,0.359,
tld,zh,/tld/toys,.toys,2619,942,1383,44,36,0.182,3,3,0.32,0.225,/tld/shoes,0.329,0.383,0.417,
tld,en,/tld/tr,.tr,2358,681,3752,47,37,0.213,3,3,0.242,0.22,/tld/vn,0.182,0.222,0.351,
tld,zh,/tld/tr,.tr,2789,1106,1514,48,38,0.208,3,3,0.394,0.298,/tld/vn,0.253,0.424,0.395,
tld,en,/tld/training,.training,2233,565,3353,53,41,0.226,3,3,0.188,0.12,/tld/ventures,0.265,0.298,0.341,
tld,zh,/tld/training,.training,2644,970,1539,46,37,0.196,3,3,0.261,0.184,/tld/market,0.321,0.354,0.405,
tld,en,/tld/travel,.travel,2305,617,3457,48,38,0.208,3,3,0.187,0.113,/tld/tours,0.244,0.278,0.395,
tld,zh,/tld/travel,.travel,2742,1042,1520,45,37,0.178,3,3,0.254,0.17,/tld/shoes,0.308,0.361,0.432,
tld,en,/tld/tv,.tv,2164,477,2559,42,36,0.143,3,3,0.192,0.122,/tld/space,0.291,0.311,0.417,
tld,zh,/tld/tv,.tv,2513,814,1044,41,35,0.146,3,3,0.223,0.159,/tld/live,0.323,0.342,0.457,
tld,en,/tld/tw,.tw,2331,663,3900,45,36,0.2,3,3,0.218,0.138,/tld/pt,0.222,0.284,0.389,
tld,zh,/tld/tw,.tw,2784,1110,1430,46,37,0.196,3,3,0.329,0.238,/tld/sk,0.263,0.399,0.405,
tld,en,/tld/ua,.ua,2357,689,3818,53,40,0.245,3,3,0.23,0.147,/tld/ke,0.223,0.275,0.35,
tld,zh,/tld/ua,.ua,2776,1102,1574,50,39,0.22,3,3,0.348,0.228,/tld/th,0.252,0.383,0.385,
tld,en,/tld/uk,.uk,2239,565,2969,47,37,0.213,3,3,0.232,0.139,/tld/au,0.261,0.285,0.378,
tld,zh,/tld/uk,.uk,2628,948,1350,44,36,0.182,3,3,0.285,0.204,/tld/de,0.279,0.358,0.417,
tld,en,/tld/university,.university,2347,679,4046,49,39,0.204,3,3,0.252,0.143,/tld/hospital,0.231,0.288,0.359,
tld,zh,/tld/university,.university,2760,1086,1800,44,36,0.182,3,3,0.302,0.211,/tld/shopping,0.299,0.367,0.417,
tld,en,/tld/us,.us,2121,447,2499,37,33,0.108,3,3,0.195,0.121,/tld/cloud,0.313,0.32,0.424,
tld,zh,/tld/us,.us,2478,798,1048,36,32,0.111,3,3,0.215,0.157,/tld/vip,0.33,0.333,0.469,
tld,en,/tld/uy,.uy,2445,777,4178,47,37,0.213,3,3,0.255,0.176,/tld/lt,0.186,0.246,0.351,
tld,zh,/tld/uy,.uy,2930,1256,1652,50,39,0.22,3,3,0.356,0.257,/tld/pe,0.231,0.387,0.385,
tld,en,/tld/uz,.uz,2327,662,3745,46,36,0.217,3,3,0.21,0.155,/tld/lv,0.215,0.244,0.361,
tld,zh,/tld/uz,.uz,2853,1182,1478,47,37,0.213,3,3,0.263,0.2,/tld/lu,0.242,0.344,0.378,
tld,en,/tld/vacations,.vacations,2270,599,3419,49,39,0.204,3,3,0.182,0.134,/tld/ventures,0.247,0.282,0.359,
tld,zh,/tld/vacations,.vacations,2657,980,1586,44,36,0.182,3,3,0.246,0.177,/tld/flights,0.32,0.359,0.417,
tld,en,/tld/vegas,.vegas,2345,677,3617,49,38,0.224,3,3,0.326,0.183,/tld/amsterdam,0.231,0.282,0.368,
tld,zh,/tld/vegas,.vegas,2786,1112,1605,44,36,0.182,3,3,0.34,0.222,/tld/amsterdam,0.281,0.328,0.417,
tld,en,/tld/ventures,.ventures,2161,493,2734,47,37,0.213,3,3,0.206,0.138,/tld/systems,0.293,0.34,0.378,
tld,zh,/tld/ventures,.ventures,2554,880,1419,44,36,0.182,3,3,0.261,0.191,/tld/capital,0.337,0.369,0.417,
tld,en,/tld/vet,.vet,2261,593,3187,45,36,0.2,3,3,0.193,0.109,/tld/catering,0.256,0.256,0.389,
tld,zh,/tld/vet,.vet,2630,956,1389,42,35,0.167,3,3,0.281,0.179,/tld/catering,0.313,0.347,0.429,
tld,en,/tld/video,.video,2193,521,2858,44,36,0.182,3,3,0.187,0.117,/tld/land,0.277,0.297,0.417,
tld,zh,/tld/video,.video,2563,880,1352,43,36,0.163,3,3,0.228,0.16,/tld/land,0.332,0.363,0.444,
tld,en,/tld/villas,.villas,2247,577,3296,48,38,0.208,3,3,0.224,0.148,/tld/limo,0.257,0.317,0.395,
tld,zh,/tld/villas,.villas,2626,946,1537,47,38,0.191,3,3,0.273,0.187,/tld/cruises,0.316,0.372,0.421,
tld,en,/tld/vin,.vin,2349,681,3519,49,39,0.204,3,3,0.208,0.124,/tld/glass,0.228,0.276,0.359,
tld,zh,/tld/vin,.vin,2738,1064,1571,44,36,0.182,3,3,0.26,0.17,/tld/immo,0.295,0.344,0.417,
tld,en,/tld/vip,.vip,2140,449,2465,38,33,0.132,3,3,0.213,0.133,/tld/space,0.304,0.329,0.455,
tld,zh,/tld/vip,.vip,2447,746,943,39,34,0.128,3,3,0.249,0.176,/tld/design,0.363,0.399,0.471,
tld,en,/tld/vision,.vision,2327,659,3668,51,40,0.216,3,3,0.238,0.157,/tld/graphics,0.226,0.271,0.35,
tld,zh,/tld/vision,.vision,2738,1064,1642,46,37,0.196,3,3,0.288,0.195,/tld/shopping,0.287,0.336,0.405,
tld,en,/tld/vn,.vn,2314,643,3734,49,39,0.204,3,3,0.32,0.201,/tld/ph,0.226,0.305,0.359,
tld,zh,/tld/vn,.vn,2779,1102,1442,48,38,0.208,3,3,0.394,0.282,/tld/ph,0.257,0.442,0.395,
tld,en,/tld/vodka,.vodka,2301,631,3448,50,40,0.2,3,3,0.197,0.135,/tld/cricket,0.241,0.286,0.375,
tld,zh,/tld/vodka,.vodka,2701,1022,1509,45,37,0.178,3,3,0.259,0.192,/tld/casa,0.284,0.337,0.432,
tld,en,/tld/voyage,.voyage,2269,599,3413,50,39,0.22,3,3,0.205,0.122,/tld/cruises,0.251,0.286,0.385,
tld,zh,/tld/voyage,.voyage,2660,982,1495,47,38,0.191,3,3,0.267,0.18,/tld/clothing,0.314,0.368,0.421,
tld,en,/tld/wang,.wang,2352,681,3769,49,39,0.204,3,3,0.181,0.106,/tld/win,0.222,0.247,0.359,
tld,zh,/tld/wang,.wang,2777,1100,1546,44,36,0.182,3,3,0.22,0.147,/tld/win,0.286,0.317,0.417,
tld,en,/tld/watch,.watch,2260,587,3034,44,36,0.182,3,3,0.183,0.118,/tld/care,0.253,0.297,0.417,
tld,zh,/tld/watch,.watch,2628,942,1368,45,37,0.178,3,3,0.23,0.163,/tld/tips,0.32,0.361,0.432,
tld,en,/tld/website,.website,2289,621,3139,49,38,0.224,3,3,0.171,0.114,/tld/watch,0.239,0.253,0.368,
tld,zh,/tld/website,.website,2642,968,1374,44,36,0.182,3,3,0.22,0.153,/tld/fashion,0.31,0.339,0.417,
tld,en,/tld/wedding,.wedding,2279,609,3286,48,38,0.208,3,3,0.201,0.153,/tld/fashion,0.246,0.277,0.395,
tld,zh,/tld/wedding,.wedding,2676,998,1451,45,37,0.178,3,3,0.276,0.213,/tld/fashion,0.3,0.336,0.432,
tld,en,/tld/wiki,.wiki,2207,537,2969,42,35,0.167,3,3,0.18,0.12,/tld/gg,0.26,0.272,0.429,
tld,zh,/tld/wiki,.wiki,2550,870,1297,43,36,0.163,3,3,0.211,0.154,/tld/zone,0.311,0.327,0.444,
tld,en,/tld/win,.win,2322,649,3605,50,40,0.2,3,3,0.182,0.123,/tld/fish,0.238,0.285,0.375,
tld,zh,/tld/win,.win,2727,1044,1513,45,37,0.178,3,3,0.245,0.171,/tld/cricket,0.291,0.354,0.432,
tld,en,/tld/wine,.wine,2214,535,3057,48,38,0.208,3,3,0.19,0.128,/tld/kitchen,0.27,0.298,0.395,
tld,zh,/tld/wine,.wine,2597,904,1305,45,37,0.178,3,3,0.259,0.178,/tld/kitchen,0.324,0.368,0.432,
tld,en,/tld/work,.work,2282,607,3288,52,41,0.212,3,3,0.178,0.114,/tld/fashion,0.245,0.279,0.366,
tld,zh,/tld/work,.work,2707,1020,1496,47,38,0.191,3,3,0.24,0.169,/tld/shoes,0.293,0.334,0.421,
tld,en,/tld/works,.works,2200,523,2902,44,36,0.182,3,3,0.217,0.135,/tld/email,0.272,0.297,0.417,
tld,zh,/tld/works,.works,2550,862,1296,47,38,0.191,3,3,0.225,0.179,/tld/group,0.313,0.338,0.421,
tld,en,/tld/world,.world,2154,471,2638,42,35,0.167,3,3,0.193,0.127,/tld/space,0.295,0.315,0.429,
tld,zh,/tld/world,.world,2487,792,1182,41,35,0.146,3,3,0.217,0.179,/tld/space,0.33,0.353,0.457,
tld,en,/tld/wtf,.wtf,2205,537,3061,45,36,0.2,3,3,0.168,0.107,/tld/us,0.266,0.266,0.389,
tld,zh,/tld/wtf,.wtf,2604,930,1292,44,36,0.182,3,3,0.217,0.159,/tld/today,0.315,0.325,0.417,
tld,en,/tld/xyz,.xyz,2150,471,2536,40,35,0.125,3,3,0.187,0.123,/tld/space,0.291,0.304,0.429,
tld,zh,/tld/xyz,.xyz,2508,822,1068,39,34,0.128,3,3,0.214,0.152,/tld/live,0.315,0.333,0.471,
tld,en,/tld/yoga,.yoga,2215,547,2996,47,37,0.213,3,3,0.175,0.114,/tld/dental,0.264,0.27,0.378,
tld,zh,/tld/yoga,.yoga,2604,930,1304,44,36,0.182,3,3,0.227,0.174,/tld/salon,0.295,0.315,0.417,
tld,en,/tld/za,.za,2377,709,4001,47,37,0.213,3,3,0.295,0.218,/tld/lk,0.213,0.27,0.378,
tld,zh,/tld/za,.za,2794,1120,1540,48,38,0.208,3,3,0.341,0.253,/tld/lk,0.25,0.377,0.395,
tld,en,/tld/zone,.zone,2152,479,2665,42,35,0.167,3,3,0.196,0.134,/tld/center,0.294,0.311,0.429,
tld,zh,/tld/zone,.zone,2535,852,1279,47,38,0.191,3,3,0.23,0.167,/tld/club,0.315,0.332,0.421,
guide,en,/guide/3dprint,3D printing,2092,1149,6386,52,44,0.154,3,3,0.04,0.032,/guide/villarental,0.057,0.063,0.273,
guide,zh,/guide/3dprint,3D 打印,3857,1925,2531,55,47,0.145,3,3,0.052,0.047,/guide/datingapp,0.081,0.087,0.234,
guide,en,/guide/accounting,Accounting & tax,2090,1131,6468,60,53,0.117,3,3,0.036,0.03,/guide/legal,0.053,0.058,0.17,
guide,zh,/guide/accounting,会计财税,3873,1931,2390,49,43,0.122,3,3,0.052,0.048,/guide/dental,0.08,0.085,0.326,
guide,en,/guide/agency,Agencies & studios,1765,825,4644,56,49,0.125,3,3,0.041,0.036,/guide/photography,0.073,0.075,0.184,
guide,zh,/guide/agency,咨询工作室,3399,1478,1851,51,47,0.078,3,3,0.061,0.057,/guide/podcast,0.101,0.101,0.298,
guide,en,/guide/agent,AI agents,1927,972,5282,52,46,0.115,3,3,0.041,0.042,/guide/ai,0.032,0.032,0.196,
guide,zh,/guide/agent,AI 智能体,3603,1660,2345,53,48,0.094,3,3,0.059,0.058,/guide/ai,0.077,0.078,0.188,
guide,en,/guide/ai,AI products,1850,905,4857,59,52,0.119,3,3,0.041,0.042,/guide/agent,0.034,0.038,0.173,
guide,zh,/guide/ai,AI 产品,3458,1528,2101,55,50,0.091,3,3,0.059,0.058,/guide/agent,0.083,0.084,0.18,
guide,en,/guide/aiart,AI art tools,1985,1041,5524,51,43,0.157,3,3,0.035,0.032,/guide/ai,0.031,0.036,0.163,
guide,zh,/guide/aiart,AI 绘画,3738,1809,2458,53,46,0.132,3,3,0.053,0.046,/guide/ai,0.072,0.073,0.196,
guide,en,/guide/animation,Animation studios,2142,1182,6374,63,50,0.206,3,3,0.04,0.03,/guide/incense,0.053,0.061,0.24,
guide,zh,/guide/animation,动画工作室,3929,1980,2383,61,51,0.164,3,3,0.058,0.052,/guide/fruitshop,0.085,0.098,0.294,
guide,en,/guide/antiques,Antique shops,1829,878,4804,49,42,0.143,3,3,0.04,0.034,/guide/watches,0.067,0.069,0.286,
guide,zh,/guide/antiques,古董古玩店,3433,1502,1989,52,44,0.154,3,3,0.062,0.057,/guide/auction,0.098,0.101,0.341,
guide,en,/guide/apartment,Apartment rentals,2080,1127,6449,67,55,0.179,3,3,0.041,0.036,/guide/hotel,0.054,0.064,0.218,
guide,zh,/guide/apartment,长租公寓,3950,2019,2509,56,46,0.179,3,3,0.066,0.056,/guide/realtor,0.088,0.1,0.304,
guide,en,/guide/appliancerepair,Appliance repair,2212,1263,6961,63,53,0.159,3,3,0.04,0.03,/guide/equipmentrental,0.05,0.06,0.226,
guide,zh,/guide/appliancerepair,家电维修,3992,2063,2477,55,46,0.164,3,3,0.059,0.06,/guide/fruitshop,0.087,0.1,0.304,
guide,en,/guide/aquarium,Aquariums & reptiles,2069,1123,6303,54,46,0.148,3,3,0.034,0.032,/guide/luxuryresale,0.053,0.053,0.196,
guide,zh,/guide/aquarium,水族爬宠,3824,1888,2395,51,45,0.118,3,3,0.061,0.054,/guide/aquascaping,0.083,0.084,0.311,
guide,en,/guide/aquascaping,Aquascaping,1887,934,4956,46,39,0.152,3,3,0.043,0.037,/guide/basketball,0.066,0.068,0.231,
guide,zh,/guide/aquascaping,观赏鱼造景,3366,1437,1766,48,42,0.125,3,3,0.072,0.06,/guide/cricket,0.114,0.122,0.333,
guide,en,/guide/archery,Archery ranges,2007,1051,5530,59,50,0.153,3,3,0.049,0.042,/guide/equestrian,0.059,0.067,0.24,
guide,zh,/guide/archery,射箭馆,3711,1775,2152,49,43,0.122,3,3,0.072,0.07,/guide/bowling,0.094,0.113,0.326,
guide,en,/guide/auction,Auction houses,1868,921,5178,47,41,0.128,3,3,0.042,0.034,/guide/sneakers,0.066,0.067,0.293,
guide,zh,/guide/auction,拍卖行,3444,1519,2027,49,43,0.122,3,3,0.067,0.058,/guide/watches,0.096,0.096,0.326,
guide,en,/guide/audiobook,Audiobooks & voiceover,2170,1211,6176,64,54,0.156,3,3,0.035,0.03,/guide/legal,0.052,0.061,0.167,
guide,zh,/guide/audiobook,有声书配音,3915,1960,2354,57,48,0.158,3,3,0.054,0.049,/guide/deli,0.083,0.091,0.292,
guide,en,/guide/automotive,Automotive,1747,802,4495,40,37,0.075,3,3,0.041,0.035,/guide/photography,0.075,0.077,0.243,
guide,zh,/guide/automotive,汽车出行,3276,1349,1736,43,40,0.07,3,3,0.053,0.046,/guide/horseranch,0.097,0.097,0.35,
guide,en,/guide/autoparts,Auto parts brands,2017,1062,5648,53,45,0.151,3,3,0.049,0.045,/guide/wig,0.061,0.066,0.2,
guide,zh,/guide/autoparts,汽配用品品牌,3583,1648,2173,53,45,0.151,3,3,0.072,0.07,/guide/wig,0.094,0.104,0.311,
guide,en,/guide/axethrowing,Axe-throwing venues,1997,1037,5406,55,47,0.145,3,3,0.072,0.066,/guide/lasertag,0.059,0.07,0.255,
guide,zh,/guide/axethrowing,飞斧馆,3515,1574,1928,49,43,0.122,3,3,0.105,0.095,/guide/lasertag,0.104,0.121,0.349,
guide,en,/guide/babystore,Baby & maternity stores,1949,990,5465,51,44,0.137,3,3,0.045,0.038,/guide/evcharging,0.062,0.067,0.205,
guide,zh,/guide/babystore,母婴用品,3528,1586,1921,49,43,0.122,3,3,0.065,0.057,/guide/kidsphoto,0.103,0.112,0.326,
guide,en,/guide/badminton,Badminton clubs,1922,977,5283,49,41,0.163,3,3,0.039,0.033,/guide/rowing,0.065,0.066,0.293,
guide,zh,/guide/badminton,羽毛球馆,3672,1743,2110,48,42,0.125,3,3,0.06,0.054,/guide/judo,0.092,0.101,0.357,
guide,en,/guide/bakery,Bakeries & desserts,1952,994,5379,54,46,0.148,3,3,0.038,0.033,/guide/florist,0.062,0.063,0.196,
guide,zh,/guide/bakery,烘焙甜品,3646,1708,2094,56,48,0.143,3,3,0.056,0.055,/guide/florist,0.092,0.096,0.292,
guide,en,/guide/bambooweaving,Bamboo weaving studios,2161,1185,6281,65,56,0.138,3,3,0.084,0.073,/guide/brocade,0.056,0.085,0.161,
guide,zh,/guide/bambooweaving,竹编工坊,3649,1697,1989,44,39,0.114,3,3,0.111,0.11,/guide/brocade,0.102,0.118,0.385,
guide,en,/guide/bar,Bars & lounges,2156,1198,6171,58,49,0.155,3,3,0.037,0.03,/guide/juicebar,0.055,0.062,0.184,
guide,zh,/guide/bar,酒吧清吧,3847,1912,2469,56,47,0.161,3,3,0.054,0.049,/guide/seafood,0.085,0.091,0.298,
guide,en,/guide/barber,Barbershops & salons,1981,1031,5575,54,48,0.111,3,3,0.046,0.039,/guide/yoga,0.06,0.064,0.188,
guide,zh,/guide/barber,美发理容,3776,1839,2308,51,45,0.118,3,3,0.054,0.051,/guide/permanentmakeup,0.083,0.089,0.311,
guide,en,/guide/baseball,Baseball training,1831,880,4969,49,42,0.143,3,3,0.048,0.039,/guide/gymnastics,0.072,0.074,0.286,
guide,zh,/guide/baseball,棒球培训,3461,1528,1941,49,43,0.122,3,3,0.081,0.072,/guide/tabletennis,0.107,0.117,0.326,
guide,en,/guide/basketball,Basketball training,1872,918,4764,43,38,0.116,3,3,0.046,0.04,/guide/craftvodka,0.07,0.071,0.316,
guide,zh,/guide/basketball,篮球培训,3408,1472,1806,47,42,0.106,3,3,0.072,0.064,/guide/fanclub,0.114,0.128,0.333,
guide,en,/guide/batik,Batik studios,2118,1149,6154,60,51,0.15,3,3,0.081,0.07,/guide/gilding,0.056,0.085,0.235,
guide,zh,/guide/batik,蜡染工坊,3675,1725,2038,45,40,0.111,3,3,0.126,0.125,/guide/gilding,0.099,0.119,0.375,
guide,en,/guide/bbq,BBQ & late-night grills,2188,1229,6486,62,52,0.161,3,3,0.04,0.034,/guide/propertymgmt,0.054,0.064,0.173,
guide,zh,/guide/bbq,烧烤夜宵,3872,1940,2312,55,47,0.145,3,3,0.06,0.058,/guide/karaoke,0.086,0.093,0.298,
guide,en,/guide/beauty,Beauty & care,1802,855,4769,56,48,0.143,3,3,0.048,0.041,/guide/parenting,0.072,0.081,0.188,
guide,zh,/guide/beauty,美妆个护,3348,1419,1877,48,43,0.104,3,3,0.054,0.052,/guide/skincare,0.088,0.089,0.326,
guide,en,/guide/beekeeping,Honey brands,1917,956,5052,53,46,0.132,3,3,0.041,0.035,/guide/fashion,0.068,0.074,0.261,
guide,zh,/guide/beekeeping,蜂蜜品牌,3536,1603,1911,47,41,0.128,3,3,0.067,0.06,/guide/embroidery,0.103,0.113,0.341,
guide,en,/guide/bikeshop,Bike shops & cycling,2117,1174,6266,54,46,0.148,3,3,0.042,0.036,/guide/fishing,0.056,0.062,0.196,
guide,zh,/guide/bikeshop,骑行单车,3790,1866,2441,57,48,0.158,3,3,0.058,0.053,/guide/fishing,0.083,0.09,0.292,
guide,en,/guide/billiards,Billiards & pool halls,2075,1133,6174,53,44,0.17,3,3,0.041,0.035,/guide/massage,0.058,0.064,0.205,
guide,zh,/guide/billiards,台球桌球馆,3868,1940,2331,55,46,0.164,3,3,0.066,0.059,/guide/massage,0.085,0.093,0.304,
guide,en,/guide/birding,Birding clubs,1987,1029,5722,51,44,0.137,3,3,0.071,0.055,/guide/stargazing,0.063,0.075,0.273,
guide,zh,/guide/birding,观鸟俱乐部,3660,1717,2022,48,42,0.125,3,3,0.096,0.096,/guide/stargazing,0.1,0.113,0.357,
guide,en,/guide/bjj,BJJ academies,1914,961,5229,47,40,0.149,3,3,0.05,0.042,/guide/judo,0.063,0.063,0.3,
guide,zh,/guide/bjj,巴西柔术,3458,1519,1997,51,44,0.137,3,3,0.079,0.077,/guide/judo,0.106,0.108,0.318,
guide,en,/guide/blacksmith,Blacksmith forges,2061,1101,5710,45,41,0.089,3,3,0.069,0.056,/guide/silversmith,0.059,0.068,0.293,
guide,zh,/guide/blacksmith,铁匠铺,3498,1555,1869,43,39,0.093,3,3,0.094,0.08,/guide/silversmith,0.106,0.122,0.385,
guide,en,/guide/blog,Blogs,1878,938,5009,54,46,0.148,3,3,0.036,0.033,/guide/realestate,0.064,0.064,0.196,
guide,zh,/guide/blog,个人博客,3537,1611,2051,51,44,0.137,3,3,0.057,0.051,/guide/podcast,0.093,0.096,0.341,
guide,en,/guide/bnb,BnBs & stays,1995,1039,5223,50,44,0.12,3,3,0.039,0.036,/guide/travel,0.059,0.059,0.205,
guide,zh,/guide/bnb,民宿短租,3605,1666,2095,50,43,0.14,3,3,0.065,0.059,/guide/travel,0.092,0.093,0.326,
guide,en,/guide/boardgame,Board games,1963,1004,5371,49,42,0.143,3,3,0.035,0.032,/guide/game,0.059,0.059,0.286,
guide,zh,/guide/boardgame,桌游工作室,3615,1676,2194,48,43,0.104,3,3,0.054,0.052,/guide/aquascaping,0.088,0.088,0.326,
guide,en,/guide/bonsai,Bonsai studios,1934,981,5497,45,39,0.133,3,3,0.047,0.035,/guide/terrarium,0.065,0.09,0.308,
guide,zh,/guide/bonsai,盆景园,3549,1615,1908,47,41,0.128,3,3,0.068,0.06,/guide/sealcarving,0.105,0.115,0.341,
guide,en,/guide/bookbinding,Bookbinding studios,1978,1022,5523,47,41,0.128,3,3,0.088,0.071,/guide/letterpress,0.062,0.092,0.293,
guide,zh,/guide/bookbinding,手工装帧工作室,3579,1636,1958,46,41,0.109,3,3,0.104,0.103,/guide/letterpress,0.101,0.121,0.366,
guide,en,/guide/bookstore,Bookstores & publishing,2019,1062,5530,55,47,0.145,3,3,0.035,0.031,/guide/coffee,0.059,0.06,0.191,
guide,zh,/guide/bookstore,书店出版,3804,1869,2295,57,50,0.123,3,3,0.054,0.048,/guide/podcast,0.086,0.09,0.28,
guide,en,/guide/bowling,Bowling alleys,2012,1057,5751,56,47,0.161,3,3,0.071,0.066,/guide/trampoline,0.062,0.066,0.255,
guide,zh,/guide/bowling,保龄球馆,3733,1790,2231,50,43,0.14,3,3,0.104,0.094,/guide/trampoline,0.093,0.112,0.326,
guide,en,/guide/boxing,Boxing gyms,1797,846,4685,53,44,0.17,3,3,0.048,0.038,/guide/muaythai,0.076,0.076,0.273,
guide,zh,/guide/boxing,拳击馆,3324,1394,1775,51,44,0.137,3,3,0.076,0.065,/guide/taekwondo,0.117,0.127,0.341,
guide,en,/guide/brewery,Craft beer & drinks,2119,1167,5971,51,45,0.118,3,3,0.035,0.03,/guide/legal,0.053,0.054,0.2,
guide,zh,/guide/brewery,精酿酒饮,3775,1835,2261,47,42,0.106,3,3,0.055,0.052,/guide/taproom,0.083,0.086,0.333,
guide,en,/guide/brocade,Brocade weaving studios,2119,1146,6251,63,54,0.143,3,3,0.085,0.073,/guide/fanmaking,0.058,0.088,0.167,
guide,zh,/guide/brocade,织锦工坊,3670,1714,2007,44,39,0.114,3,3,0.119,0.117,/guide/swordsmith,0.102,0.12,0.385,
guide,en,/guide/bronzecasting,Bronze casting studios,2197,1218,6439,61,53,0.131,3,3,0.068,0.058,/guide/claysculpture,0.054,0.082,0.17,
guide,zh,/guide/bronzecasting,铸铜工坊,3632,1673,1950,44,39,0.114,3,3,0.113,0.106,/guide/claysculpture,0.102,0.119,0.385,
guide,en,/guide/bubbletea,Bubble tea shops,2169,1211,6521,53,46,0.132,3,3,0.04,0.033,/guide/propertymgmt,0.054,0.067,0.196,
guide,zh,/guide/bubbletea,奶茶茶饮,3863,1930,2315,54,46,0.148,3,3,0.062,0.056,/guide/pharmacy,0.084,0.092,0.304,
guide,en,/guide/buildingmaterials,Building materials,1837,887,4767,48,43,0.104,3,3,0.045,0.034,/guide/medicalsupplies,0.07,0.076,0.279,
guide,zh,/guide/buildingmaterials,建材五金,3448,1515,1895,48,43,0.104,3,3,0.061,0.059,/guide/officesupplies,0.102,0.106,0.326,
guide,en,/guide/calligraphy,Calligraphy studios,1836,886,5146,47,40,0.149,3,3,0.043,0.035,/guide/meditation,0.069,0.078,0.3,
guide,zh,/guide/calligraphy,书法工作室,3452,1516,1899,49,42,0.143,3,3,0.066,0.062,/guide/framing,0.105,0.107,0.357,
guide,en,/guide/campgear,Camping gear,2045,1098,6026,57,48,0.158,3,3,0.041,0.036,/guide/giftcustom,0.059,0.066,0.25,
guide,zh,/guide/campgear,露营装备,3807,1879,2381,54,46,0.148,3,3,0.064,0.057,/guide/fragrance,0.088,0.102,0.304,
guide,en,/guide/campsite,Campgrounds,1964,1020,5411,46,40,0.13,3,3,0.043,0.035,/guide/ski,0.062,0.064,0.225,
guide,zh,/guide/campsite,露营地,3698,1766,2189,52,46,0.115,3,3,0.059,0.048,/guide/fanclub,0.09,0.097,0.326,
guide,en,/guide/candle,Candle brands,1865,903,4853,45,39,0.133,3,3,0.04,0.038,/guide/soapmaking,0.068,0.073,0.308,
guide,zh,/guide/candle,香薰蜡烛,3449,1505,1815,49,43,0.122,3,3,0.067,0.067,/guide/fragrance,0.106,0.115,0.326,
guide,en,/guide/careercoach,Career coaching,2132,1184,6397,57,47,0.175,3,3,0.039,0.031,/guide/petphoto,0.057,0.062,0.255,
guide,zh,/guide/careercoach,职业规划咨询,3877,1948,2406,56,47,0.161,3,3,0.065,0.056,/guide/mealprep,0.089,0.102,0.319,
guide,en,/guide/carrental,Car rental & mobility,2174,1220,6907,59,48,0.186,3,3,0.041,0.03,/guide/stationery,0.054,0.064,0.188,
guide,zh,/guide/carrental,租车出行,4043,2109,2512,57,48,0.158,3,3,0.059,0.054,/guide/errand,0.081,0.089,0.292,
guide,en,/guide/carwash,Car wash & detailing,2132,1182,6259,59,48,0.186,3,3,0.04,0.031,/guide/petboarding,0.058,0.067,0.188,
guide,zh,/guide/carwash,汽车美容洗车,3974,2031,2492,61,50,0.18,3,3,0.066,0.061,/guide/petboarding,0.084,0.093,0.28,
guide,en,/guide/catering,Catering,2222,1270,7232,65,54,0.169,3,3,0.033,0.028,/guide/beauty,0.051,0.058,0.167,
guide,zh,/guide/catering,宴会团餐,4059,2128,2636,56,47,0.161,3,3,0.056,0.051,/guide/plumber,0.076,0.083,0.298,
guide,en,/guide/cheerleading,Cheerleading,1913,957,5162,49,42,0.143,3,3,0.044,0.038,/guide/gymnastics,0.066,0.068,0.214,
guide,zh,/guide/cheerleading,啦啦操,3474,1544,2074,51,44,0.137,3,3,0.073,0.061,/guide/gymnastics,0.104,0.114,0.318,
guide,en,/guide/cheesemaking,Cheesemaking studios,1990,1032,5393,53,47,0.113,3,3,0.051,0.04,/guide/bookbinding,0.062,0.079,0.255,
guide,zh,/guide/cheesemaking,奶酪工坊,3477,1530,1859,46,41,0.109,3,3,0.077,0.064,/guide/meadery,0.106,0.123,0.366,
guide,en,/guide/chess,Chess & Go academies,2133,1177,6663,58,49,0.155,3,3,0.036,0.03,/guide/gymnastics,0.056,0.063,0.184,
guide,zh,/guide/chess,棋类培训,3886,1942,2380,56,47,0.161,3,3,0.062,0.058,/guide/musicschool,0.088,0.103,0.298,
guide,en,/guide/chocolate,Craft chocolate,2025,1067,5693,47,40,0.149,3,3,0.048,0.036,/guide/kombucha,0.061,0.073,0.3,
guide,zh,/guide/chocolate,手工巧克力,3662,1712,2147,47,42,0.106,3,3,0.069,0.06,/guide/quilting,0.097,0.108,0.333,
guide,en,/guide/cidery,Craft cideries,1911,958,5182,55,47,0.145,3,3,0.046,0.042,/guide/terrarium,0.065,0.072,0.255,
guide,zh,/guide/cidery,苹果酒坊,3478,1537,1983,49,43,0.122,3,3,0.072,0.063,/guide/terrarium,0.104,0.119,0.349,
guide,en,/guide/claysculpture,Clay sculpture studios,2169,1193,6388,60,52,0.133,3,3,0.075,0.064,/guide/pyrography,0.054,0.082,0.173,
guide,zh,/guide/claysculpture,泥塑工作室,3609,1659,1940,44,39,0.114,3,3,0.124,0.126,/guide/pyrography,0.104,0.121,0.385,
guide,en,/guide/cleaning,Cleaning services,1955,1001,5326,53,47,0.113,3,3,0.038,0.032,/guide/resale,0.061,0.062,0.255,
guide,zh,/guide/cleaning,家政清洁,3634,1687,2107,49,45,0.082,3,3,0.061,0.057,/guide/housekeeping,0.093,0.102,0.311,
guide,en,/guide/climbing,Climbing gyms,2031,1086,6116,54,45,0.167,3,3,0.044,0.046,/guide/boxing,0.06,0.064,0.267,
guide,zh,/guide/climbing,攀岩馆,3798,1866,2408,54,46,0.148,3,3,0.071,0.073,/guide/climbinggym,0.083,0.095,0.326,
guide,en,/guide/climbinggym,Climbing gyms,2039,1083,5561,47,42,0.106,3,3,0.048,0.046,/guide/kombucha,0.061,0.07,0.286,
guide,zh,/guide/climbinggym,攀岩馆,3514,1572,1917,46,41,0.109,3,3,0.08,0.074,/guide/minigolf,0.103,0.12,0.366,
guide,en,/guide/clinic,Clinics & outpatient care,2147,1190,7220,63,53,0.159,3,3,0.039,0.033,/guide/hotel,0.054,0.06,0.17,
guide,zh,/guide/clinic,诊所门诊,3926,1989,2368,58,48,0.172,3,3,0.056,0.051,/guide/hotel,0.086,0.094,0.292,
guide,en,/guide/cloisonne,Cloisonné studios,2127,1161,5868,58,51,0.121,3,3,0.068,0.058,/guide/papermaking,0.056,0.084,0.235,
guide,zh,/guide/cloisonne,掐丝珐琅工作室,3702,1757,2060,46,41,0.109,3,3,0.097,0.091,/guide/inkstone,0.099,0.117,0.366,
guide,en,/guide/cn-dns-inland-vs-overseas,Inland vs overseas hosting,1816,841,4514,65,65,0,4,4,0.015,0.028,/guide/cn-icp-beian,0.001,0.001,0.031,
guide,zh,/guide/cn-dns-inland-vs-overseas,境内 vs 境外解析,3452,1463,1713,60,60,0,4,4,0.05,0.056,/guide/cn-icp-beian,0.006,0.006,0.05,
guide,en,/guide/cn-expiry-redemption,.cn expiry & redemption,1874,912,4707,64,64,0,4,4,0.007,0.011,/guide/cn-realname,0.001,0.001,0.031,
guide,zh,/guide/cn-expiry-redemption,.cn 到期与赎回,3490,1536,1858,58,58,0,4,4,0.031,0.036,/guide/cn-vs-comcn-registrar,0.006,0.006,0.052,
guide,en,/guide/cn-icp-beian,ICP filing vs real-name,1986,1011,5530,73,73,0,4,4,0.015,0.028,/guide/cn-dns-inland-vs-overseas,0.001,0.001,0.027,
guide,zh,/guide/cn-icp-beian,ICP 备案与实名,3713,1729,1980,67,67,0,4,4,0.05,0.056,/guide/cn-dns-inland-vs-overseas,0.005,0.005,0.045,
guide,en,/guide/cn-realname,.cn real-name verification,2030,1052,5714,74,74,0,4,4,0.02,0.02,/guide/cn-serverhold,0.001,0.001,0.027,
guide,zh,/guide/cn-realname,.cn 实名认证,3828,1845,2135,66,66,0,4,4,0.044,0.05,/guide/cn-serverhold,0.005,0.005,0.045,
guide,en,/guide/cn-serverhold,Fixing serverHold,1813,847,4487,58,58,0,4,4,0.02,0.02,/guide/cn-realname,0.001,0.001,0.034,
guide,zh,/guide/cn-serverhold,serverHold 解除,3380,1410,1836,60,60,0,4,4,0.044,0.05,/guide/cn-realname,0.007,0.007,0.05,
guide,en,/guide/cn-vs-comcn-registrar,.cn/.com.cn & registrars,1971,988,5607,76,76,0,4,4,0.012,0.011,/guide/cn-dns-inland-vs-overseas,0.002,0.002,0.026,
guide,zh,/guide/cn-vs-comcn-registrar,.cn/.com.cn 与注册商,3751,1753,2265,70,70,0,4,4,0.038,0.044,/guide/cn-realname,0.006,0.006,0.043,
guide,en,/guide/coach,Personal training,2026,1070,5584,53,46,0.132,3,3,0.038,0.03,/guide/photography,0.056,0.059,0.261,
guide,zh,/guide/coach,健身私教,3740,1800,2259,56,49,0.125,3,3,0.054,0.05,/guide/fitness,0.083,0.083,0.286,
guide,en,/guide/codingschool,Coding bootcamps,2008,1061,5758,48,41,0.146,3,3,0.034,0.03,/guide/legal,0.055,0.055,0.293,
guide,zh,/guide/codingschool,编程培训,3741,1809,2384,51,44,0.137,3,3,0.053,0.048,/guide/organicfood,0.083,0.083,0.318,
guide,en,/guide/coffee,Coffee & tea,1835,871,4440,47,42,0.106,3,3,0.04,0.035,/guide/automotive,0.071,0.073,0.214,
guide,zh,/guide/coffee,咖啡茶饮,3304,1378,1692,45,41,0.089,3,3,0.053,0.05,/guide/realestate,0.097,0.099,0.341,
guide,en,/guide/community,Communities,1799,850,4600,46,42,0.087,3,3,0.043,0.038,/guide/fitness,0.071,0.071,0.214,
guide,zh,/guide/community,社区俱乐部,3310,1382,1814,46,41,0.109,3,3,0.054,0.05,/guide/cricket,0.093,0.095,0.341,
guide,en,/guide/companyreg,Company formation services,2090,1137,6294,64,54,0.156,3,3,0.037,0.031,/guide/tea,0.055,0.06,0.167,
guide,zh,/guide/companyreg,公司注册代办,3845,1907,2450,53,46,0.132,3,3,0.058,0.054,/guide/basketball,0.084,0.102,0.304,
guide,en,/guide/construction,Construction & contracting,2154,1199,6823,65,54,0.169,3,3,0.04,0.033,/guide/realtor,0.055,0.063,0.167,
guide,zh,/guide/construction,建筑施工,3945,2009,2421,58,48,0.172,3,3,0.06,0.053,/guide/realtor,0.084,0.092,0.292,
guide,en,/guide/consulting,Management consulting,2068,1114,6510,69,58,0.159,3,3,0.037,0.031,/guide/beauty,0.059,0.065,0.207,
guide,zh,/guide/consulting,管理咨询,3839,1899,2658,59,50,0.153,3,3,0.053,0.05,/guide/immigration,0.081,0.089,0.28,
guide,en,/guide/convenience,Convenience stores,2015,1058,6445,60,50,0.167,3,3,0.041,0.031,/guide/thriftstore,0.061,0.07,0.24,
guide,zh,/guide/convenience,社区便利店,3903,1967,2333,51,44,0.137,3,3,0.058,0.052,/guide/deli,0.088,0.096,0.318,
guide,en,/guide/cookingclass,Cooking classes,1844,887,4956,53,46,0.132,3,3,0.043,0.035,/guide/flowerdelivery,0.071,0.071,0.261,
guide,zh,/guide/cookingclass,烹饪教室,3548,1618,1963,48,42,0.125,3,3,0.062,0.052,/guide/seafishing,0.102,0.103,0.333,
guide,en,/guide/cooperage,Cooperages,2033,1075,5522,53,48,0.094,3,3,0.053,0.048,/guide/indigodye,0.059,0.068,0.188,
guide,zh,/guide/cooperage,制桶工坊,3582,1639,1936,45,41,0.089,3,3,0.089,0.082,/guide/indigodye,0.101,0.116,0.366,
guide,en,/guide/coupon,Coupon & deals platforms,2066,1112,6084,68,57,0.162,3,3,0.038,0.031,/guide/wholesale,0.057,0.062,0.158,
guide,zh,/guide/coupon,优惠券导购,3869,1931,2436,57,48,0.158,3,3,0.054,0.049,/guide/flashsale,0.084,0.09,0.292,
guide,en,/guide/courses,Online courses,1963,1009,5297,45,39,0.133,3,3,0.036,0.032,/guide/podcast,0.062,0.062,0.308,
guide,zh,/guide/courses,在线课程,3651,1705,2210,51,45,0.118,3,3,0.055,0.05,/guide/edu,0.081,0.082,0.311,
guide,en,/guide/coworking,Coworking spaces,2035,1082,5846,50,44,0.12,3,3,0.036,0.03,/guide/legal,0.056,0.061,0.273,
guide,zh,/guide/coworking,联合办公,3802,1872,2296,45,41,0.089,3,3,0.056,0.05,/guide/food,0.086,0.091,0.341,
guide,en,/guide/craftvodka,Craft vodka,1887,925,4838,49,42,0.143,3,3,0.046,0.04,/guide/basketball,0.067,0.07,0.286,
guide,zh,/guide/craftvodka,精酿伏特加,3504,1567,1934,47,42,0.106,3,3,0.07,0.058,/guide/aquascaping,0.103,0.107,0.333,
guide,en,/guide/creator,Creators,1881,929,4622,47,43,0.085,3,3,0.038,0.033,/guide/framing,0.065,0.065,0.209,
guide,zh,/guide/creator,视频创作者,3316,1390,1727,46,42,0.087,3,3,0.056,0.05,/guide/freelance,0.096,0.096,0.333,
guide,en,/guide/cricket,Cricket communities,1932,977,4997,45,39,0.133,3,3,0.045,0.037,/guide/rugby,0.065,0.067,0.308,
guide,zh,/guide/cricket,板球社区,3401,1471,1825,47,42,0.106,3,3,0.072,0.06,/guide/rugby,0.111,0.115,0.333,
guide,en,/guide/crossborder,Cross-border e-commerce,2003,1052,5954,51,44,0.137,3,3,0.038,0.033,/guide/fitness,0.058,0.061,0.273,
guide,zh,/guide/crossborder,跨境电商,3779,1847,2293,53,47,0.113,3,3,0.064,0.06,/guide/ecommerce,0.084,0.086,0.298,
guide,en,/guide/crossfit,CrossFit & functional fitness,2108,1144,5925,58,49,0.155,3,3,0.037,0.031,/guide/yoga,0.056,0.061,0.184,
guide,zh,/guide/crossfit,CrossFit 综合体能,3792,1849,2406,55,48,0.127,3,3,0.051,0.049,/guide/fitness,0.081,0.085,0.229,
guide,en,/guide/cruise,Cruise agencies,1782,832,4674,47,41,0.128,3,3,0.048,0.036,/guide/flowerdelivery,0.074,0.076,0.293,
guide,zh,/guide/cruise,邮轮旅行社,3411,1474,1898,47,42,0.106,3,3,0.06,0.052,/guide/snacks,0.101,0.104,0.333,
guide,en,/guide/curling,Curling clubs,1852,899,5085,43,38,0.116,3,3,0.061,0.052,/guide/handball,0.07,0.071,0.316,
guide,zh,/guide/curling,冰壶俱乐部,3483,1544,1963,47,42,0.106,3,3,0.069,0.069,/guide/handball,0.098,0.101,0.357,
guide,en,/guide/customtour,Bespoke travel,1787,840,4939,49,42,0.143,3,3,0.039,0.034,/guide/realestate,0.068,0.07,0.286,
guide,zh,/guide/customtour,定制旅行,3421,1493,1921,47,42,0.106,3,3,0.061,0.051,/guide/limoservice,0.104,0.106,0.333,
guide,en,/guide/cybercafe,Esports cafés,2134,1176,5965,64,52,0.188,3,3,0.035,0.031,/guide/legal,0.053,0.06,0.231,
guide,zh,/guide/cybercafe,电竞网咖,3923,1985,2408,55,47,0.145,3,3,0.065,0.061,/guide/vr,0.083,0.091,0.298,
guide,en,/guide/danceschool,Dance studios,2129,1185,6396,53,44,0.17,3,3,0.054,0.038,/guide/pottery,0.056,0.077,0.273,
guide,zh,/guide/danceschool,舞蹈工作室,3913,1981,2535,56,47,0.161,3,3,0.07,0.065,/guide/martialarts,0.082,0.099,0.319,
guide,en,/guide/datingapp,Dating apps,1857,901,4696,45,40,0.111,3,3,0.045,0.037,/guide/souvenir,0.072,0.074,0.3,
guide,zh,/guide/datingapp,交友App,3470,1550,1888,48,42,0.125,3,3,0.076,0.059,/guide/luxuryresale,0.111,0.122,0.333,
guide,en,/guide/dayspa,Day spas,1851,902,4814,57,49,0.14,3,3,0.042,0.034,/guide/flowerdelivery,0.068,0.068,0.245,
guide,zh,/guide/dayspa,水疗会所,3412,1478,1852,47,42,0.106,3,3,0.069,0.052,/guide/partyplanner,0.106,0.118,0.333,
guide,en,/guide/deli,Deli & braised food,2070,1113,5805,49,41,0.163,3,3,0.059,0.051,/guide/fruitshop,0.059,0.068,0.22,
guide,zh,/guide/deli,卤味熟食,3690,1749,2058,49,42,0.143,3,3,0.094,0.088,/guide/fruitshop,0.102,0.113,0.333,
guide,en,/guide/dental,Dental clinics,2107,1150,6470,61,53,0.131,3,3,0.036,0.03,/guide/legal,0.054,0.058,0.226,
guide,zh,/guide/dental,口腔诊所,3826,1891,2313,55,48,0.127,3,3,0.056,0.05,/guide/orthodontics,0.083,0.088,0.292,
guide,en,/guide/deskcraft,Desk & stationery,2067,1121,6115,49,43,0.122,3,3,0.033,0.03,/guide/photography,0.055,0.059,0.209,
guide,zh,/guide/deskcraft,桌面文创,3791,1865,2248,50,44,0.12,3,3,0.056,0.049,/guide/giftcustom,0.088,0.09,0.318,
guide,en,/guide/dessert,Dessert & ice cream,2059,1099,5941,63,54,0.143,3,3,0.041,0.032,/guide/fruitshop,0.06,0.072,0.167,
guide,zh,/guide/dessert,甜品冰淇淋,3887,1953,2343,54,46,0.148,3,3,0.066,0.06,/guide/icecream,0.086,0.094,0.304,
guide,en,/guide/devtools,Dev tools,1762,821,4434,54,47,0.13,3,3,0.04,0.035,/guide/podcast,0.074,0.074,0.255,
guide,zh,/guide/devtools,开发者工具,3264,1341,1876,55,50,0.091,3,3,0.071,0.065,/guide/opensource,0.103,0.11,0.3,
guide,en,/guide/distillery,Craft distilleries,2019,1063,5505,47,42,0.106,3,3,0.049,0.044,/guide/kombucha,0.061,0.067,0.286,
guide,zh,/guide/distillery,精酿蒸馏厂,3578,1636,1939,44,40,0.091,3,3,0.071,0.064,/guide/blacksmith,0.1,0.109,0.375,
guide,en,/guide/diving,Diving & scuba,2157,1206,6544,54,46,0.148,3,3,0.033,0.03,/guide/meditation,0.055,0.057,0.196,
guide,zh,/guide/diving,潜水俱乐部,3965,2028,2521,58,49,0.155,3,3,0.06,0.052,/guide/careercoach,0.083,0.098,0.306,
guide,en,/guide/documentary,Documentary studios,2122,1162,6197,69,55,0.203,3,3,0.042,0.032,/guide/bonsai,0.057,0.078,0.218,
guide,zh,/guide/documentary,纪录片工作室,3853,1906,2345,57,48,0.158,3,3,0.06,0.054,/guide/fruitshop,0.088,0.102,0.313,
guide,en,/guide/dollarstore,Dollar stores,1830,871,4687,47,42,0.106,3,3,0.039,0.036,/guide/realestate,0.067,0.067,0.286,
guide,zh,/guide/dollarstore,一元折扣店,3467,1533,2115,51,45,0.118,3,3,0.064,0.06,/guide/outlet,0.094,0.095,0.311,
guide,en,/guide/doughsculpture,Dough sculpture studios,2177,1198,6444,63,54,0.143,3,3,0.104,0.093,/guide/pyrography,0.056,0.084,0.167,
guide,zh,/guide/doughsculpture,面塑工作室,3719,1761,2055,44,39,0.114,3,3,0.141,0.142,/guide/eggcarving,0.099,0.115,0.385,
guide,en,/guide/drivingschool,Driving schools,2074,1131,6467,46,40,0.13,3,3,0.048,0.039,/guide/swimschool,0.057,0.063,0.3,
guide,zh,/guide/drivingschool,驾校驾培,3857,1930,2356,51,44,0.137,3,3,0.064,0.058,/guide/mealprep,0.086,0.092,0.318,
guide,en,/guide/drone,Drone & aerial,2059,1109,6170,50,44,0.12,3,3,0.037,0.031,/guide/legal,0.056,0.062,0.205,
guide,zh,/guide/drone,无人机航拍,3858,1926,2448,51,45,0.118,3,3,0.052,0.048,/guide/podcast,0.08,0.082,0.311,
guide,en,/guide/ecommerce,E-commerce,1823,876,4724,59,52,0.119,3,3,0.039,0.034,/guide/organicfood,0.067,0.068,0.173,
guide,zh,/guide/ecommerce,电商品牌,3512,1579,2040,60,54,0.1,3,3,0.064,0.06,/guide/crossborder,0.093,0.095,0.278,
guide,en,/guide/edu,Education,1860,916,5154,49,43,0.122,3,3,0.04,0.033,/guide/officesupplies,0.065,0.066,0.209,
guide,zh,/guide/edu,教育产品,3490,1561,2187,49,44,0.102,3,3,0.062,0.057,/guide/basketball,0.094,0.103,0.341,
guide,en,/guide/eggcarving,Egg carving studios,2178,1201,6332,63,54,0.143,3,3,0.106,0.103,/guide/pyrography,0.052,0.067,0.167,
guide,zh,/guide/eggcarving,蛋雕工作室,3711,1755,2057,45,40,0.111,3,3,0.154,0.152,/guide/pyrography,0.098,0.113,0.375,
guide,en,/guide/eldercare,Senior care,2024,1065,5735,58,50,0.138,3,3,0.037,0.032,/guide/ticketing,0.058,0.061,0.24,
guide,zh,/guide/eldercare,养老服务,3691,1742,2167,61,53,0.131,3,3,0.055,0.05,/guide/podcast,0.09,0.094,0.264,
guide,en,/guide/electrician,Electricians,1889,937,5239,52,46,0.115,3,3,0.039,0.039,/guide/legal,0.064,0.071,0.196,
guide,zh,/guide/electrician,电工电气服务,3553,1619,2314,52,46,0.115,3,3,0.057,0.061,/guide/painting,0.084,0.086,0.304,
guide,en,/guide/embroidery,Embroidery studios,1983,1026,5697,49,42,0.143,3,3,0.051,0.046,/guide/incense,0.061,0.07,0.286,
guide,zh,/guide/embroidery,刺绣工作室,3501,1565,1879,46,41,0.109,3,3,0.093,0.087,/guide/sealcarving,0.108,0.122,0.366,
guide,en,/guide/energystorage,Energy storage,1900,939,5320,49,44,0.102,3,3,0.046,0.039,/guide/watertreatment,0.065,0.069,0.273,
guide,zh,/guide/energystorage,储能系统,3616,1675,2125,52,46,0.115,3,3,0.057,0.052,/guide/watertreatment,0.089,0.09,0.304,
guide,en,/guide/equestrian,Equestrian clubs,1973,1018,5902,59,50,0.153,3,3,0.049,0.038,/guide/archery,0.061,0.067,0.24,
guide,zh,/guide/equestrian,马术俱乐部,3756,1814,2188,53,45,0.151,3,3,0.067,0.061,/guide/fruitshop,0.095,0.111,0.311,
guide,en,/guide/equipmentrental,Equipment rental,2120,1167,6440,62,52,0.161,3,3,0.04,0.03,/guide/appliancerepair,0.054,0.064,0.231,
guide,zh,/guide/equipmentrental,设备租赁,3958,2020,2525,63,52,0.175,3,3,0.062,0.05,/guide/apartment,0.086,0.101,0.269,
guide,en,/guide/errand,Errand & courier services,2231,1275,6956,70,57,0.186,3,3,0.036,0.03,/guide/apartment,0.05,0.058,0.158,
guide,zh,/guide/errand,同城跑腿,4076,2152,2594,53,45,0.151,3,3,0.059,0.057,/guide/parcel,0.08,0.089,0.311,
guide,en,/guide/escaperoom,Escape rooms,1941,995,5430,66,54,0.182,3,3,0.037,0.034,/guide/health,0.06,0.06,0.222,
guide,zh,/guide/escaperoom,剧本杀密室,3663,1731,2151,59,50,0.153,3,3,0.06,0.052,/guide/giftcustom,0.092,0.094,0.28,
guide,en,/guide/esports,Esports teams,2053,1097,5773,51,45,0.118,3,3,0.034,0.031,/guide/travel,0.056,0.057,0.267,
guide,zh,/guide/esports,电竞战队,3834,1900,2483,51,44,0.137,3,3,0.055,0.043,/guide/taekwondo,0.08,0.091,0.318,
guide,en,/guide/esportsnews,Esports & gaming news,1955,996,5133,49,43,0.122,3,3,0.054,0.045,/guide/giveaway,0.065,0.065,0.209,
guide,zh,/guide/esportsnews,棋牌电竞资讯,3430,1490,1866,51,44,0.137,3,3,0.086,0.081,/guide/sportsodds,0.108,0.111,0.318,
guide,en,/guide/evcharging,EV charging,1889,930,5157,52,46,0.115,3,3,0.046,0.038,/guide/hvac,0.063,0.066,0.261,
guide,zh,/guide/evcharging,充电桩运营,3532,1589,1951,50,44,0.12,3,3,0.062,0.056,/guide/babystore,0.098,0.1,0.318,
guide,en,/guide/events,Event planning,2045,1095,5854,58,49,0.155,3,3,0.035,0.031,/guide/toys,0.055,0.055,0.245,
guide,zh,/guide/events,活动策划,3873,1937,2406,53,47,0.113,3,3,0.059,0.051,/guide/ticketing,0.081,0.087,0.298,
guide,en,/guide/falconry,Falconry experiences,1966,1013,5450,55,48,0.127,3,3,0.045,0.038,/guide/taxidermy,0.065,0.076,0.25,
guide,zh,/guide/falconry,猛禽体验基地,3540,1596,1903,49,43,0.122,3,3,0.073,0.06,/guide/meadery,0.106,0.122,0.349,
guide,en,/guide/fanclub,Fan clubs,1876,924,4782,49,41,0.163,3,3,0.042,0.035,/guide/fencing,0.07,0.072,0.293,
guide,zh,/guide/fanclub,粉丝应援站,3327,1393,1732,47,42,0.106,3,3,0.075,0.062,/guide/giveaway,0.118,0.128,0.333,
guide,en,/guide/fanmaking,Fan-making studios,2183,1213,6431,63,54,0.143,3,3,0.085,0.073,/guide/brocade,0.053,0.079,0.222,
guide,zh,/guide/fanmaking,制扇工坊,3675,1724,2024,44,39,0.114,3,3,0.13,0.127,/guide/swordsmith,0.1,0.119,0.385,
guide,en,/guide/farm,Farms & fresh food,1976,1022,5455,53,47,0.113,3,3,0.04,0.031,/guide/realestate,0.059,0.059,0.191,
guide,zh,/guide/farm,农场生鲜,3726,1797,2149,45,40,0.111,3,3,0.054,0.05,/guide/podcast,0.089,0.091,0.35,
guide,en,/guide/fashion,Fashion labels,1749,804,4364,50,43,0.14,3,3,0.041,0.036,/guide/legal,0.077,0.079,0.279,
guide,zh,/guide/fashion,服饰潮牌,3252,1322,1721,49,43,0.122,3,3,0.054,0.048,/guide/organicfood,0.096,0.096,0.326,
guide,en,/guide/fashionbuyer,Fashion select shops,1898,947,4864,49,42,0.143,3,3,0.042,0.036,/guide/homedecor,0.067,0.067,0.214,
guide,zh,/guide/fashionbuyer,快时尚买手店,3413,1485,1872,48,42,0.125,3,3,0.064,0.057,/guide/organicfood,0.108,0.11,0.333,
guide,en,/guide/fencing,Fencing clubs,1846,898,4802,48,42,0.125,3,3,0.053,0.04,/guide/tabletennis,0.074,0.075,0.286,
guide,zh,/guide/fencing,击剑俱乐部,3418,1485,1933,51,44,0.137,3,3,0.078,0.076,/guide/tabletennis,0.109,0.12,0.341,
guide,en,/guide/fintech,Fintech,1827,886,5085,62,52,0.161,3,3,0.041,0.033,/guide/singlesevents,0.067,0.068,0.173,
guide,zh,/guide/fintech,金融科技,3523,1595,2165,56,51,0.089,3,3,0.054,0.048,/guide/datingapp,0.089,0.089,0.275,
guide,en,/guide/fishing,Fishing & tackle,2122,1182,6604,51,43,0.157,3,3,0.042,0.036,/guide/bikeshop,0.053,0.06,0.209,
guide,zh,/guide/fishing,垂钓渔具,3888,1964,2436,55,46,0.164,3,3,0.058,0.053,/guide/bikeshop,0.085,0.093,0.304,
guide,en,/guide/fitness,Fitness & health,1769,826,4396,56,50,0.107,3,3,0.047,0.038,/guide/legal,0.075,0.087,0.18,
guide,zh,/guide/fitness,健身健康,3294,1377,1782,56,51,0.089,3,3,0.059,0.058,/guide/fanclub,0.105,0.105,0.275,
guide,en,/guide/flashsale,Flash sale e-commerce,2109,1157,6311,69,57,0.174,3,3,0.036,0.03,/guide/coupon,0.055,0.059,0.158,
guide,zh,/guide/flashsale,限时特卖电商,3895,1963,2430,57,48,0.158,3,3,0.054,0.049,/guide/podcast,0.086,0.091,0.292,
guide,en,/guide/fleamarket,Markets & pop-ups,2037,1085,5660,41,37,0.098,3,3,0.036,0.032,/guide/juicebar,0.059,0.061,0.243,
guide,zh,/guide/fleamarket,线下市集,3851,1911,2241,46,41,0.109,3,3,0.053,0.047,/guide/organicfood,0.084,0.084,0.341,
guide,en,/guide/fletching,Fletching workshops,2085,1117,6031,53,47,0.113,3,3,0.055,0.048,/guide/saddlery,0.058,0.067,0.255,
guide,zh,/guide/fletching,制箭工坊,3642,1692,1993,46,41,0.109,3,3,0.086,0.079,/guide/lutherie,0.101,0.121,0.366,
guide,en,/guide/florist,Florists,1953,1002,5370,55,48,0.127,3,3,0.038,0.033,/guide/bakery,0.061,0.061,0.188,
guide,zh,/guide/florist,花店花艺,3761,1829,2176,56,50,0.107,3,3,0.07,0.062,/guide/flowerdelivery,0.087,0.089,0.28,
guide,en,/guide/flowerdelivery,Flower delivery,1807,857,4684,51,45,0.118,3,3,0.058,0.044,/guide/snacks,0.073,0.077,0.267,
guide,zh,/guide/flowerdelivery,鲜花电商,3386,1455,1908,47,42,0.106,3,3,0.07,0.062,/guide/florist,0.104,0.116,0.333,
guide,en,/guide/food,Food & dining,1782,832,4304,57,51,0.105,3,3,0.046,0.035,/guide/fitness,0.073,0.08,0.176,
guide,zh,/guide/food,餐饮美食,3344,1416,1720,54,49,0.093,3,3,0.06,0.054,/guide/aquascaping,0.109,0.114,0.286,
guide,en,/guide/foodreview,Food reviews,1944,993,5519,51,44,0.137,3,3,0.039,0.034,/guide/datingapp,0.065,0.067,0.273,
guide,zh,/guide/foodreview,探店测评,3661,1723,2081,53,46,0.132,3,3,0.063,0.049,/guide/datingapp,0.099,0.106,0.304,
guide,en,/guide/foodtruck,Food trucks & street food,2168,1219,6402,59,48,0.186,3,3,0.037,0.031,/guide/sushi,0.055,0.062,0.188,
guide,zh,/guide/foodtruck,餐车小吃,3885,1963,2432,55,47,0.145,3,3,0.053,0.05,/guide/fruitshop,0.084,0.089,0.298,
guide,en,/guide/football,Flag football,2036,1084,5750,48,42,0.125,3,3,0.045,0.039,/guide/hockey,0.056,0.056,0.286,
guide,zh,/guide/football,腰旗橄榄球,3683,1760,2174,52,46,0.115,3,3,0.068,0.061,/guide/soccer,0.091,0.091,0.304,
guide,en,/guide/footspa,Foot spas & wellness lounges,2179,1229,6957,68,56,0.176,3,3,0.035,0.031,/guide/petcafe,0.055,0.061,0.161,
guide,zh,/guide/footspa,足疗采耳,3972,2043,2452,56,46,0.179,3,3,0.06,0.055,/guide/petcafe,0.086,0.095,0.304,
guide,en,/guide/forwarder,Cross-border logistics,2026,1077,6122,50,43,0.14,3,3,0.04,0.033,/guide/food,0.06,0.061,0.279,
guide,zh,/guide/forwarder,跨境物流,3697,1769,2246,46,41,0.109,3,3,0.065,0.063,/guide/logistics,0.089,0.098,0.341,
guide,en,/guide/fragrance,Home fragrance & candles,2143,1195,6289,61,48,0.213,3,3,0.039,0.036,/guide/campgear,0.057,0.062,0.188,
guide,zh,/guide/fragrance,香氛蜡烛,3927,1995,2394,55,47,0.145,3,3,0.067,0.067,/guide/candle,0.087,0.098,0.298,
guide,en,/guide/framing,Framing shops,1862,905,5122,43,38,0.116,3,3,0.048,0.034,/guide/watchrepair,0.068,0.07,0.316,
guide,zh,/guide/framing,装裱画框店,3523,1579,1938,45,40,0.111,3,3,0.066,0.065,/guide/calligraphy,0.103,0.107,0.375,
guide,en,/guide/franchise,Franchise brands,1909,962,5281,49,42,0.143,3,3,0.042,0.038,/guide/fitness,0.064,0.069,0.286,
guide,zh,/guide/franchise,连锁加盟,3569,1634,1953,47,42,0.106,3,3,0.057,0.05,/guide/basketball,0.097,0.097,0.333,
guide,en,/guide/freelance,Freelancers,1804,853,4390,46,40,0.13,3,3,0.039,0.035,/guide/podcast,0.072,0.072,0.225,
guide,zh,/guide/freelance,自由职业,3307,1372,1793,48,42,0.125,3,3,0.056,0.05,/guide/creator,0.093,0.095,0.333,
guide,en,/guide/fruitshop,Fruit shops,1974,1014,5348,51,43,0.157,3,3,0.059,0.051,/guide/deli,0.066,0.074,0.279,
guide,zh,/guide/fruitshop,水果店,3624,1687,2074,53,45,0.151,3,3,0.094,0.088,/guide/deli,0.102,0.121,0.311,
guide,en,/guide/funeral,Funeral & memorial services,2055,1095,5924,57,50,0.123,3,3,0.045,0.033,/guide/tailor,0.06,0.067,0.18,
guide,zh,/guide/funeral,殡葬服务,3706,1759,2172,48,42,0.125,3,3,0.061,0.055,/guide/seafood,0.093,0.107,0.333,
guide,en,/guide/furniture,Furniture,2094,1141,6202,51,44,0.137,3,3,0.038,0.029,/guide/watertreatment,0.056,0.063,0.205,
guide,zh,/guide/furniture,家具品牌,3774,1835,2299,51,46,0.098,3,3,0.055,0.049,/guide/woodworking,0.082,0.084,0.326,
guide,en,/guide/futsal,Futsal venues,1881,925,4984,49,41,0.163,3,3,0.04,0.037,/guide/realestate,0.064,0.066,0.293,
guide,zh,/guide/futsal,五人制足球场馆,3488,1547,1945,49,43,0.122,3,3,0.07,0.065,/guide/tabletopclub,0.106,0.114,0.349,
guide,en,/guide/game,Games,1867,927,4808,58,51,0.121,3,3,0.038,0.033,/guide/automotive,0.066,0.068,0.176,
guide,zh,/guide/game,游戏,3491,1568,2081,52,47,0.096,3,3,0.057,0.05,/guide/candle,0.094,0.096,0.298,
guide,en,/guide/gardening,Gardening & plants,2023,1065,6021,51,45,0.118,3,3,0.038,0.031,/guide/fitness,0.059,0.065,0.2,
guide,zh,/guide/gardening,园艺绿植,3716,1784,2229,45,41,0.089,3,3,0.058,0.052,/guide/flowerdelivery,0.087,0.091,0.341,
guide,en,/guide/gearrental,Gear & studio rentals,2099,1148,6017,51,44,0.137,3,3,0.042,0.033,/guide/villarental,0.058,0.059,0.205,
guide,zh,/guide/gearrental,影棚器材租赁,3855,1921,2341,51,44,0.137,3,3,0.052,0.047,/guide/podcast,0.082,0.086,0.318,
guide,en,/guide/giftcustom,Custom gifts,1958,992,5336,49,42,0.143,3,3,0.041,0.032,/guide/campgear,0.065,0.072,0.286,
guide,zh,/guide/giftcustom,礼品定制,3545,1593,1918,50,43,0.14,3,3,0.064,0.055,/guide/homedecor,0.105,0.111,0.326,
guide,en,/guide/gilding,Gilding studios,2083,1118,6207,57,49,0.14,3,3,0.081,0.07,/guide/batik,0.058,0.086,0.245,
guide,zh,/guide/gilding,贴金工坊,3689,1737,2025,44,40,0.091,3,3,0.126,0.125,/guide/batik,0.1,0.12,0.375,
guide,en,/guide/giveaway,Giveaway platforms,1857,911,5002,45,40,0.111,3,3,0.054,0.045,/guide/esportsnews,0.069,0.069,0.3,
guide,zh,/guide/giveaway,抽奖活动平台,3403,1478,1816,49,43,0.122,3,3,0.079,0.069,/guide/esportsnews,0.115,0.127,0.349,
guide,en,/guide/glassblowing,Glass studios,1922,969,5305,56,47,0.161,3,3,0.049,0.046,/guide/papercut,0.068,0.083,0.255,
guide,zh,/guide/glassblowing,玻璃工作室,3548,1613,1941,49,43,0.122,3,3,0.081,0.084,/guide/embroidery,0.104,0.119,0.349,
guide,en,/guide/gokart,Go-kart venues,1932,982,5374,47,41,0.128,3,3,0.036,0.033,/guide/legal,0.063,0.064,0.293,
guide,zh,/guide/gokart,卡丁车馆,3660,1727,2167,51,45,0.118,3,3,0.062,0.055,/guide/kidsphoto,0.089,0.09,0.333,
guide,en,/guide/golf,Golf,2059,1108,6303,51,44,0.137,3,3,0.039,0.032,/guide/deli,0.059,0.065,0.205,
guide,zh,/guide/golf,高尔夫,3875,1933,2447,53,46,0.132,3,3,0.059,0.051,/guide/luxuryresale,0.084,0.097,0.304,
guide,en,/guide/grocery,Fresh groceries,2161,1207,6654,63,54,0.143,3,3,0.036,0.034,/guide/fruitshop,0.055,0.062,0.222,
guide,zh,/guide/grocery,社区生鲜,3995,2064,2469,52,44,0.154,3,3,0.064,0.067,/guide/fruitshop,0.084,0.092,0.318,
guide,en,/guide/guqin,Guqin workshops,2164,1191,6324,65,55,0.154,3,3,0.075,0.072,/guide/swordsmith,0.055,0.067,0.218,
guide,zh,/guide/guqin,斫琴工坊,3626,1677,1971,44,40,0.091,3,3,0.121,0.119,/guide/swordsmith,0.102,0.122,0.375,
guide,en,/guide/gymnastics,Gymnastics academies,1895,947,5219,47,40,0.149,3,3,0.058,0.053,/guide/wrestling,0.071,0.071,0.3,
guide,zh,/guide/gymnastics,体操培训,3523,1587,2031,51,44,0.137,3,3,0.088,0.081,/guide/wrestling,0.102,0.112,0.341,
guide,en,/guide/handball,Handball clubs,1848,892,4865,45,39,0.133,3,3,0.061,0.052,/guide/curling,0.068,0.068,0.308,
guide,zh,/guide/handball,手球俱乐部,3437,1502,1948,49,43,0.122,3,3,0.069,0.071,/guide/curling,0.101,0.103,0.349,
guide,en,/guide/hanfu,Hanfu & guochao,2168,1212,6866,51,44,0.137,3,3,0.034,0.03,/guide/legal,0.051,0.052,0.205,
guide,zh,/guide/hanfu,汉服国潮,3934,1995,2352,48,43,0.104,3,3,0.051,0.047,/guide/organicfood,0.082,0.086,0.326,
guide,en,/guide/hardware,Hardware & IoT,1866,916,5066,48,42,0.125,3,3,0.038,0.032,/guide/coffee,0.065,0.068,0.214,
guide,zh,/guide/hardware,智能硬件,3434,1496,1872,47,43,0.085,3,3,0.049,0.043,/guide/taekwondo,0.085,0.085,0.326,
guide,en,/guide/health,Health,1727,789,4294,50,45,0.1,3,3,0.046,0.036,/guide/legal,0.075,0.079,0.2,
guide,zh,/guide/health,医疗健康,3267,1346,1642,48,44,0.083,3,3,0.062,0.058,/guide/realestate,0.113,0.113,0.318,
guide,en,/guide/hearingaid,Hearing aid centers,1934,976,5458,47,40,0.149,3,3,0.037,0.032,/guide/boxing,0.066,0.067,0.225,
guide,zh,/guide/hearingaid,助听器验配,3550,1609,2012,45,41,0.089,3,3,0.061,0.052,/guide/basketball,0.101,0.103,0.341,
guide,en,/guide/hockey,Hockey clubs,2048,1094,5622,48,42,0.125,3,3,0.045,0.039,/guide/soccer,0.057,0.057,0.286,
guide,zh,/guide/hockey,冰球俱乐部,3693,1763,2129,53,46,0.132,3,3,0.067,0.061,/guide/football,0.091,0.091,0.304,
guide,en,/guide/homedecor,Home decor,1856,901,4741,49,42,0.143,3,3,0.044,0.035,/guide/fitness,0.069,0.072,0.286,
guide,zh,/guide/homedecor,家居饰品,3468,1537,1861,48,42,0.125,3,3,0.073,0.06,/guide/luxuryresale,0.11,0.119,0.333,
guide,en,/guide/homestaging,Home staging,1970,1017,5564,56,48,0.143,3,3,0.04,0.034,/guide/makeupartist,0.062,0.067,0.25,
guide,zh,/guide/homestaging,房屋整备布置,3687,1747,2255,53,45,0.151,3,3,0.064,0.056,/guide/makeupartist,0.092,0.106,0.311,
guide,en,/guide/horology,Watchmaking ateliers,2068,1101,6140,58,50,0.138,3,3,0.052,0.046,/guide/gilding,0.058,0.071,0.24,
guide,zh,/guide/horology,独立制表工作室,3726,1778,2144,43,39,0.093,3,3,0.085,0.077,/guide/ikebana,0.093,0.111,0.385,
guide,en,/guide/horseranch,Horse ranches,1862,912,4925,51,45,0.118,3,3,0.045,0.037,/guide/partyplanner,0.067,0.067,0.267,
guide,zh,/guide/horseranch,马场骑乘,3539,1608,1935,48,42,0.125,3,3,0.065,0.053,/guide/seafishing,0.104,0.108,0.333,
guide,en,/guide/hostel,Hostels,2014,1058,5789,52,43,0.173,3,3,0.041,0.035,/guide/seafood,0.063,0.069,0.209,
guide,zh,/guide/hostel,青年旅舍,3776,1831,2245,53,45,0.151,3,3,0.061,0.058,/guide/deli,0.091,0.102,0.311,
guide,en,/guide/hotel,Hotels & lodging,2136,1178,6254,56,48,0.143,3,3,0.041,0.036,/guide/realtor,0.055,0.061,0.188,
guide,zh,/guide/hotel,酒店旅宿,3929,1982,2415,50,43,0.14,3,3,0.066,0.058,/guide/realtor,0.082,0.091,0.326,
guide,en,/guide/hotpot,Hotpot & BBQ,2102,1144,6277,60,51,0.15,3,3,0.04,0.03,/guide/stationery,0.056,0.066,0.176,
guide,zh,/guide/hotpot,火锅烧烤,3899,1964,2331,50,42,0.16,3,3,0.059,0.057,/guide/bbq,0.086,0.096,0.333,
guide,en,/guide/hotspring,Hot spring resorts,2125,1164,5946,53,45,0.151,3,3,0.045,0.035,/guide/bowling,0.059,0.063,0.2,
guide,zh,/guide/hotspring,温泉度假,3706,1757,2124,47,41,0.128,3,3,0.071,0.064,/guide/bowling,0.099,0.111,0.341,
guide,en,/guide/housekeeping,Housekeeping services,1970,1011,5720,47,41,0.128,3,3,0.038,0.033,/guide/petgrooming,0.059,0.064,0.293,
guide,zh,/guide/housekeeping,家政服务,3521,1578,1883,46,42,0.087,3,3,0.064,0.057,/guide/kidsphoto,0.105,0.105,0.333,
guide,en,/guide/hvac,HVAC services,1916,959,5335,50,44,0.12,3,3,0.046,0.035,/guide/evcharging,0.06,0.063,0.273,
guide,zh,/guide/hvac,暖通空调,3590,1649,2014,51,45,0.118,3,3,0.063,0.054,/guide/taekwondo,0.1,0.107,0.311,
guide,en,/guide/icecream,Ice cream brands,1988,1034,5334,49,41,0.163,3,3,0.051,0.044,/guide/fruitshop,0.062,0.071,0.22,
guide,zh,/guide/icecream,冰淇淋品牌,3663,1722,2090,50,43,0.14,3,3,0.084,0.081,/guide/fruitshop,0.1,0.11,0.326,
guide,en,/guide/ikebana,Ikebana schools,2159,1193,6493,65,56,0.138,3,3,0.051,0.046,/guide/horology,0.052,0.066,0.214,
guide,zh,/guide/ikebana,花道教室,3726,1777,2093,45,40,0.111,3,3,0.091,0.085,/guide/gilding,0.099,0.116,0.375,
guide,en,/guide/immigration,Immigration consulting,1935,983,5855,50,43,0.14,3,3,0.041,0.033,/guide/wrestling,0.062,0.067,0.279,
guide,zh,/guide/immigration,移民咨询,3680,1742,2176,51,44,0.137,3,3,0.062,0.054,/guide/fruitshop,0.097,0.109,0.318,
guide,en,/guide/incense,Incense studios,1961,996,5333,47,42,0.106,3,3,0.051,0.044,/guide/embroidery,0.062,0.076,0.286,
guide,zh,/guide/incense,香道工作室,3649,1705,2026,47,41,0.128,3,3,0.08,0.076,/guide/embroidery,0.102,0.113,0.366,
guide,en,/guide/indiegame,Indie games,2085,1133,5797,58,49,0.155,3,3,0.034,0.03,/guide/ecommerce,0.053,0.055,0.245,
guide,zh,/guide/indiegame,独立游戏,3804,1869,2523,53,47,0.113,3,3,0.054,0.047,/guide/giveaway,0.078,0.086,0.319,
guide,en,/guide/indiehacker,Indie hackers,2012,1059,5401,53,46,0.132,3,3,0.042,0.037,/guide/saas,0.06,0.06,0.261,
guide,zh,/guide/indiehacker,独立开发者,3714,1778,2264,47,42,0.106,3,3,0.063,0.054,/guide/saas,0.089,0.098,0.333,
guide,en,/guide/indigodye,Indigo dye studios,2067,1109,5546,51,45,0.118,3,3,0.054,0.051,/guide/inkstone,0.058,0.074,0.2,
guide,zh,/guide/indigodye,蓝染工坊,3604,1663,1949,44,40,0.091,3,3,0.089,0.084,/guide/cooperage,0.103,0.122,0.375,
guide,en,/guide/inkstone,Inkstone studios,2081,1116,5990,51,45,0.118,3,3,0.061,0.06,/guide/marquetry,0.055,0.071,0.267,
guide,zh,/guide/inkstone,制砚工坊,3604,1657,1952,47,42,0.106,3,3,0.103,0.098,/guide/lapidary,0.103,0.123,0.357,
guide,en,/guide/insidepainting,Inside painting studios,2191,1214,6610,65,55,0.154,3,3,0.105,0.091,/guide/eggcarving,0.052,0.067,0.164,
guide,zh,/guide/insidepainting,内画工作室,3738,1780,2054,45,40,0.111,3,3,0.137,0.139,/guide/pyrography,0.098,0.113,0.375,
guide,en,/guide/instrumentstore,Instrument stores,1796,846,4774,45,39,0.133,3,3,0.039,0.034,/guide/organicfood,0.071,0.073,0.308,
guide,zh,/guide/instrumentstore,乐器行,3388,1459,1881,49,43,0.122,3,3,0.067,0.054,/guide/taekwondo,0.109,0.121,0.349,
guide,en,/guide/insurance,Insurance,1993,1045,5776,62,52,0.161,3,3,0.038,0.032,/guide/realestate,0.058,0.058,0.173,
guide,zh,/guide/insurance,保险经纪,3748,1814,2275,51,45,0.118,3,3,0.054,0.047,/guide/sportsodds,0.085,0.088,0.311,
guide,en,/guide/interior,Interior & renovation,2035,1086,5847,57,48,0.158,3,3,0.037,0.031,/guide/lawfirm,0.057,0.057,0.188,
guide,zh,/guide/interior,装修设计,3768,1830,2223,49,43,0.122,3,3,0.059,0.054,/guide/florist,0.084,0.089,0.326,
guide,en,/guide/ipagency,IP & patent services,2079,1125,6462,55,48,0.127,3,3,0.042,0.037,/guide/tea,0.057,0.063,0.188,
guide,zh,/guide/ipagency,知识产权代理,3827,1884,2353,50,43,0.14,3,3,0.068,0.06,/guide/securityguard,0.09,0.11,0.326,
guide,en,/guide/izakaya,Izakayas,1802,853,4789,51,45,0.118,3,3,0.039,0.034,/guide/nonprofit,0.07,0.072,0.2,
guide,zh,/guide/izakaya,居酒屋,3417,1489,1792,42,38,0.095,3,3,0.067,0.054,/guide/taekwondo,0.113,0.125,0.368,
guide,en,/guide/jadecarving,Jade carving studios,2242,1268,6648,63,54,0.143,3,3,0.099,0.095,/guide/swordsmith,0.053,0.08,0.167,
guide,zh,/guide/jadecarving,玉雕工作室,3677,1727,2030,44,39,0.114,3,3,0.141,0.13,/guide/swordsmith,0.1,0.118,0.385,
guide,en,/guide/jewelry,Jewelry,2036,1085,5832,52,45,0.135,3,3,0.038,0.032,/guide/productphoto,0.059,0.066,0.2,
guide,zh,/guide/jewelry,珠宝首饰,3751,1817,2328,52,45,0.135,3,3,0.051,0.046,/guide/podcast,0.082,0.083,0.311,
guide,en,/guide/jobboard,Job boards,1830,872,4823,45,41,0.089,3,3,0.044,0.038,/guide/sneakers,0.07,0.075,0.293,
guide,zh,/guide/jobboard,招聘求职平台,3479,1546,2111,51,45,0.118,3,3,0.057,0.053,/guide/recruiting,0.094,0.096,0.333,
guide,en,/guide/judo,Judo dojos,1909,955,5200,48,40,0.167,3,3,0.053,0.048,/guide/squash,0.07,0.07,0.3,
guide,zh,/guide/judo,柔道馆,3497,1560,1932,52,44,0.154,3,3,0.09,0.078,/guide/squash,0.107,0.116,0.341,
guide,en,/guide/juicebar,Juice bars,1816,852,4604,45,39,0.133,3,3,0.04,0.036,/guide/squash,0.074,0.074,0.308,
guide,zh,/guide/juicebar,果汁轻食吧,3404,1473,1861,49,43,0.122,3,3,0.07,0.061,/guide/soapmaking,0.109,0.116,0.349,
guide,en,/guide/karaoke,Karaoke lounges,2124,1167,6294,56,47,0.161,3,3,0.037,0.03,/guide/bbq,0.055,0.061,0.255,
guide,zh,/guide/karaoke,量贩KTV,3851,1913,2320,55,46,0.164,3,3,0.06,0.053,/guide/bbq,0.084,0.094,0.304,
guide,en,/guide/kidsart,Kids' art schools,2116,1168,6347,47,41,0.128,3,3,0.048,0.034,/guide/swimschool,0.058,0.065,0.22,
guide,zh,/guide/kidsart,少儿美术,3869,1940,2343,50,43,0.14,3,3,0.064,0.059,/guide/swimschool,0.09,0.097,0.326,
guide,en,/guide/kidsphoto,Kids' photography,1921,966,5416,47,41,0.128,3,3,0.038,0.035,/guide/petphoto,0.059,0.067,0.293,
guide,zh,/guide/kidsphoto,儿童摄影,3574,1622,1935,50,44,0.12,3,3,0.065,0.059,/guide/babystore,0.103,0.11,0.318,
guide,en,/guide/kidsplayground,Kids' playgrounds,2012,1050,5563,52,45,0.135,3,3,0.035,0.034,/guide/boxing,0.059,0.061,0.267,
guide,zh,/guide/kidsplayground,亲子乐园,3588,1641,1966,53,46,0.132,3,3,0.063,0.052,/guide/taekwondo,0.099,0.11,0.304,
guide,en,/guide/kidswear,Kidswear brands,1850,894,4840,49,43,0.122,3,3,0.055,0.041,/guide/flowerdelivery,0.072,0.075,0.279,
guide,zh,/guide/kidswear,童装品牌,3529,1592,1995,51,44,0.137,3,3,0.065,0.062,/guide/organicfood,0.1,0.106,0.318,
guide,en,/guide/kintsugi,Kintsugi studios,2041,1081,5775,55,48,0.127,3,3,0.066,0.055,/guide/taxidermy,0.061,0.09,0.25,
guide,zh,/guide/kintsugi,金缮修复工作室,3570,1622,1928,45,40,0.111,3,3,0.089,0.092,/guide/taxidermy,0.105,0.124,0.375,
guide,en,/guide/kite,Kite workshops,2099,1132,5962,45,39,0.133,3,3,0.051,0.044,/guide/puppet,0.056,0.066,0.308,
guide,zh,/guide/kite,风筝工坊,3637,1684,1979,46,41,0.109,3,3,0.095,0.084,/guide/puppet,0.099,0.11,0.366,
guide,en,/guide/knowledgepay,Paid knowledge & communities,2069,1125,6438,61,50,0.18,3,3,0.041,0.03,/guide/mealprep,0.058,0.066,0.18,
guide,zh,/guide/knowledgepay,知识付费,3866,1928,2395,58,48,0.172,3,3,0.056,0.05,/guide/taekwondo,0.086,0.091,0.292,
guide,en,/guide/kombucha,Kombucha brands,2010,1052,5350,43,39,0.093,3,3,0.055,0.044,/guide/minigolf,0.062,0.075,0.308,
guide,zh,/guide/kombucha,康普茶品牌,3526,1583,1914,44,40,0.091,3,3,0.071,0.064,/guide/distillery,0.102,0.11,0.375,
guide,en,/guide/lacquerware,Lacquerware studios,2066,1099,6122,58,50,0.138,3,3,0.081,0.07,/guide/fanmaking,0.058,0.086,0.24,
guide,zh,/guide/lacquerware,漆艺工坊,3659,1710,2017,43,39,0.093,3,3,0.121,0.12,/guide/gilding,0.098,0.12,0.385,
guide,en,/guide/lacrosse,Lacrosse clubs,1882,928,5169,45,38,0.156,3,3,0.054,0.041,/guide/tabletennis,0.069,0.069,0.316,
guide,zh,/guide/lacrosse,长曲棍球,3582,1649,2154,49,42,0.143,3,3,0.077,0.073,/guide/tabletennis,0.096,0.104,0.333,
guide,en,/guide/landscaping,Landscaping,1906,959,5104,57,48,0.158,3,3,0.046,0.034,/guide/medicalsupplies,0.066,0.072,0.188,
guide,zh,/guide/landscaping,园林景观,3490,1563,2213,55,47,0.145,3,3,0.059,0.049,/guide/boxing,0.09,0.095,0.298,
guide,en,/guide/language,Language learning,1987,1034,5692,46,40,0.13,3,3,0.042,0.034,/guide/villarental,0.06,0.06,0.3,
guide,zh,/guide/language,语言学习,3742,1807,2318,48,42,0.125,3,3,0.062,0.057,/guide/edu,0.085,0.089,0.333,
guide,en,/guide/lantern,Lantern workshops,1993,1033,5646,45,39,0.133,3,3,0.043,0.039,/guide/leathercraft,0.062,0.065,0.308,
guide,zh,/guide/lantern,灯笼工坊,3631,1682,1970,51,44,0.137,3,3,0.078,0.071,/guide/papercut,0.101,0.114,0.341,
guide,en,/guide/lapidary,Lapidary studios,2054,1089,5601,56,49,0.125,3,3,0.067,0.052,/guide/taxidermy,0.06,0.09,0.245,
guide,zh,/guide/lapidary,宝石切磨工作室,3615,1662,1963,45,40,0.111,3,3,0.103,0.095,/guide/inkstone,0.103,0.123,0.375,
guide,en,/guide/lasertag,Laser tag arenas,2004,1045,5522,47,40,0.149,3,3,0.072,0.066,/guide/axethrowing,0.062,0.074,0.225,
guide,zh,/guide/lasertag,镭射对战馆,3530,1590,1960,49,43,0.122,3,3,0.105,0.095,/guide/axethrowing,0.104,0.12,0.349,
guide,en,/guide/laundry,Laundry & garment care,2050,1107,6050,47,41,0.128,3,3,0.045,0.033,/guide/postpartum,0.059,0.067,0.22,
guide,zh,/guide/laundry,洗衣洗护,3789,1855,2351,52,45,0.135,3,3,0.061,0.052,/guide/matchmaking,0.087,0.092,0.311,
guide,en,/guide/lawfirm,Law firms,1865,921,5177,55,46,0.164,3,3,0.041,0.033,/guide/flowerdelivery,0.068,0.068,0.261,
guide,zh,/guide/lawfirm,律师事务所,3441,1513,1824,44,39,0.114,3,3,0.064,0.055,/guide/snacks,0.106,0.112,0.385,
guide,en,/guide/leathercraft,Leather studios,1871,921,5126,47,40,0.149,3,3,0.043,0.033,/guide/lantern,0.07,0.07,0.3,
guide,zh,/guide/leathercraft,皮具工作室,3440,1503,1958,49,43,0.122,3,3,0.067,0.065,/guide/woodworking,0.102,0.116,0.349,
guide,en,/guide/legal,Legal,1691,757,4383,49,42,0.143,3,3,0.047,0.036,/guide/fitness,0.078,0.088,0.214,
guide,zh,/guide/legal,法律服务,3291,1371,1692,47,43,0.085,3,3,0.062,0.056,/guide/boxing,0.11,0.11,0.326,
guide,en,/guide/letterpress,Letterpress studios,2041,1078,5687,53,45,0.151,3,3,0.088,0.071,/guide/bookbinding,0.061,0.091,0.267,
guide,zh,/guide/letterpress,活版印刷工作室,3618,1675,2032,47,41,0.128,3,3,0.104,0.103,/guide/bookbinding,0.103,0.122,0.366,
guide,en,/guide/lightingbrand,Lighting brands,1853,908,5073,51,45,0.118,3,3,0.047,0.036,/guide/motorcycleparts,0.067,0.076,0.267,
guide,zh,/guide/lightingbrand,灯具照明品牌,3429,1508,2069,49,43,0.122,3,3,0.06,0.053,/guide/watches,0.094,0.096,0.326,
guide,en,/guide/limoservice,Limo services,1846,892,4976,53,45,0.151,3,3,0.042,0.038,/guide/flowerdelivery,0.068,0.069,0.267,
guide,zh,/guide/limoservice,豪车接送,3432,1500,1912,51,44,0.137,3,3,0.061,0.049,/guide/customtour,0.101,0.101,0.318,
guide,en,/guide/livestream,Livestream commerce,2030,1081,5928,48,43,0.104,3,3,0.038,0.03,/guide/fitness,0.059,0.063,0.279,
guide,zh,/guide/livestream,直播电商,3847,1912,2206,48,44,0.083,3,3,0.061,0.056,/guide/podcast,0.088,0.095,0.318,
guide,en,/guide/locksmith,Locksmiths,2118,1166,6404,60,49,0.183,3,3,0.035,0.029,/guide/petboarding,0.055,0.059,0.184,
guide,zh,/guide/locksmith,开锁换锁,3971,2034,2494,59,49,0.169,3,3,0.064,0.06,/guide/carwash,0.083,0.093,0.286,
guide,en,/guide/logistics,Logistics & freight,2000,1037,5916,52,46,0.115,3,3,0.039,0.033,/guide/flowerdelivery,0.059,0.062,0.196,
guide,zh,/guide/logistics,物流货运,3702,1760,2313,54,48,0.111,3,3,0.065,0.063,/guide/forwarder,0.085,0.088,0.292,
guide,en,/guide/lutherie,Lutherie studios,2070,1105,5610,49,44,0.102,3,3,0.071,0.056,/guide/marquetry,0.059,0.089,0.273,
guide,zh,/guide/lutherie,制琴工作室,3594,1641,1937,44,40,0.091,3,3,0.094,0.095,/guide/marquetry,0.102,0.122,0.375,
guide,en,/guide/luxuryresale,Luxury resale,1850,893,4943,45,40,0.111,3,3,0.048,0.038,/guide/souvenir,0.072,0.078,0.3,
guide,zh,/guide/luxuryresale,中古奢侈品,3428,1497,1923,48,42,0.125,3,3,0.079,0.067,/guide/organicfood,0.113,0.123,0.333,
guide,en,/guide/makeupartist,Makeup artists,2038,1083,5604,46,39,0.152,3,3,0.04,0.034,/guide/homestaging,0.059,0.065,0.308,
guide,zh,/guide/makeupartist,化妆造型工作室,3665,1720,2116,47,41,0.128,3,3,0.064,0.057,/guide/homestaging,0.096,0.108,0.341,
guide,en,/guide/marketing,Digital marketing,1980,1019,5441,52,46,0.115,3,3,0.041,0.032,/guide/cruise,0.062,0.062,0.261,
guide,zh,/guide/marketing,数字营销,3681,1739,2294,51,45,0.118,3,3,0.053,0.045,/guide/luxuryresale,0.083,0.085,0.311,
guide,en,/guide/marquetry,Marquetry studios,2105,1139,6005,56,49,0.125,3,3,0.071,0.06,/guide/lutherie,0.056,0.085,0.245,
guide,zh,/guide/marquetry,细木镶嵌工作室,3679,1728,2052,46,41,0.109,3,3,0.1,0.095,/guide/papermaking,0.097,0.115,0.366,
guide,en,/guide/martialarts,Martial arts gyms,2114,1171,6491,49,42,0.143,3,3,0.046,0.038,/guide/danceschool,0.056,0.061,0.214,
guide,zh,/guide/martialarts,武术格斗馆,3868,1935,2375,54,46,0.148,3,3,0.07,0.064,/guide/danceschool,0.087,0.099,0.326,
guide,en,/guide/massage,Massage & bodywork,2105,1164,6503,51,43,0.157,3,3,0.048,0.036,/guide/pottery,0.056,0.078,0.209,
guide,zh,/guide/massage,按摩推拿,3853,1920,2298,51,44,0.137,3,3,0.066,0.059,/guide/billiards,0.09,0.097,0.318,
guide,en,/guide/matchmaking,Matchmaking & dating,2116,1175,6464,59,47,0.203,3,3,0.044,0.033,/guide/laundry,0.057,0.064,0.191,
guide,zh,/guide/matchmaking,婚恋相亲,3855,1920,2417,56,47,0.161,3,3,0.061,0.052,/guide/laundry,0.086,0.09,0.298,
guide,en,/guide/mcn,Short-video MCN,2064,1113,6124,49,42,0.143,3,3,0.035,0.032,/guide/limoservice,0.055,0.058,0.286,
guide,zh,/guide/mcn,短视频 MCN,3832,1902,2311,51,44,0.137,3,3,0.058,0.05,/guide/taekwondo,0.084,0.096,0.25,
guide,en,/guide/meadery,Meaderies,2019,1055,5327,51,44,0.137,3,3,0.048,0.041,/guide/taxidermy,0.062,0.071,0.205,
guide,zh,/guide/meadery,蜂蜜酒厂,3493,1549,1845,46,41,0.109,3,3,0.077,0.064,/guide/cheesemaking,0.109,0.124,0.366,
guide,en,/guide/mealprep,Meal prep & healthy eats,2062,1117,6160,53,45,0.151,3,3,0.043,0.036,/guide/tea,0.06,0.072,0.2,
guide,zh,/guide/mealprep,轻食健康餐,3764,1838,2354,52,45,0.135,3,3,0.065,0.056,/guide/careercoach,0.089,0.106,0.333,
guide,en,/guide/medicalsupplies,Medical supplies,1814,867,4934,49,44,0.102,3,3,0.046,0.034,/guide/landscaping,0.072,0.076,0.273,
guide,zh,/guide/medicalsupplies,医疗用品,3493,1557,1964,47,42,0.106,3,3,0.061,0.055,/guide/taekwondo,0.1,0.105,0.333,
guide,en,/guide/meditation,Meditation studios,1806,854,4971,45,39,0.133,3,3,0.045,0.035,/guide/recordingstudio,0.075,0.091,0.308,
guide,zh,/guide/meditation,冥想馆,3453,1514,1882,47,42,0.106,3,3,0.066,0.056,/guide/taekwondo,0.108,0.117,0.357,
guide,en,/guide/millinery,Millinery studios,2043,1086,5641,50,44,0.12,3,3,0.072,0.054,/guide/stainedglass,0.061,0.086,0.273,
guide,zh,/guide/millinery,制帽工作室,3552,1612,2024,46,42,0.087,3,3,0.093,0.09,/guide/neonsign,0.101,0.121,0.357,
guide,en,/guide/minigolf,Mini golf courses,2017,1059,5390,51,45,0.118,3,3,0.055,0.04,/guide/kombucha,0.061,0.072,0.2,
guide,zh,/guide/minigolf,迷你高尔夫球场,3577,1641,2015,46,41,0.109,3,3,0.08,0.076,/guide/climbinggym,0.098,0.107,0.366,
guide,en,/guide/modelkit,Model kit stores,1895,938,5228,45,39,0.133,3,3,0.046,0.036,/guide/recordstore,0.066,0.066,0.231,
guide,zh,/guide/modelkit,模型手办店,3505,1562,1950,49,43,0.122,3,3,0.066,0.063,/guide/recordstore,0.104,0.115,0.349,
guide,en,/guide/mosaic,Mosaic studios,2100,1140,6005,45,39,0.133,3,3,0.075,0.063,/guide/stainedglass,0.059,0.083,0.308,
guide,zh,/guide/mosaic,马赛克工作室,3640,1701,2040,45,40,0.111,3,3,0.098,0.1,/guide/stainedglass,0.102,0.121,0.375,
guide,en,/guide/motorcycleparts,Motorcycle parts,1832,883,5022,51,45,0.118,3,3,0.047,0.036,/guide/lightingbrand,0.068,0.073,0.267,
guide,zh,/guide/motorcycleparts,摩托车配件,3460,1534,2083,49,43,0.122,3,3,0.057,0.05,/guide/lightingbrand,0.093,0.094,0.326,
guide,en,/guide/moving,Moving services,2042,1092,5492,52,46,0.115,3,3,0.036,0.033,/guide/realestate,0.055,0.055,0.261,
guide,zh,/guide/moving,搬家服务,3769,1835,2235,52,46,0.115,3,3,0.055,0.052,/guide/beekeeping,0.085,0.089,0.304,
guide,en,/guide/muaythai,Muay Thai gyms,1907,953,5052,49,42,0.143,3,3,0.048,0.036,/guide/boxing,0.069,0.069,0.214,
guide,zh,/guide/muaythai,泰拳馆,3471,1526,1939,49,43,0.122,3,3,0.065,0.057,/guide/curling,0.101,0.105,0.349,
guide,en,/guide/mushroomfarm,Mushroom farms,2044,1085,5702,45,39,0.133,3,3,0.049,0.043,/guide/terrarium,0.061,0.07,0.308,
guide,zh,/guide/mushroomfarm,菌菇农场,3554,1615,1936,47,42,0.106,3,3,0.081,0.067,/guide/terrarium,0.107,0.123,0.357,
guide,en,/guide/music,Music & labels,1818,869,4650,53,47,0.113,3,3,0.04,0.034,/guide/photography,0.07,0.07,0.191,
guide,zh,/guide/music,音乐人,3417,1489,2014,49,44,0.102,3,3,0.051,0.044,/guide/auction,0.082,0.084,0.318,
guide,en,/guide/musicschool,Music schools,2109,1154,6362,55,46,0.164,3,3,0.038,0.031,/guide/taekwondo,0.058,0.064,0.261,
guide,zh,/guide/musicschool,音乐培训琴行,3902,1963,2419,55,47,0.145,3,3,0.062,0.058,/guide/chess,0.085,0.095,0.298,
guide,en,/guide/nailsalon,Nail & lash studios,2095,1148,6384,46,40,0.13,3,3,0.049,0.039,/guide/tattoo,0.056,0.066,0.225,
guide,zh,/guide/nailsalon,美甲美睫,3860,1924,2376,52,45,0.135,3,3,0.071,0.067,/guide/tattoo,0.082,0.09,0.311,
guide,en,/guide/neonsign,Neon sign studios,2036,1080,5564,47,41,0.128,3,3,0.066,0.048,/guide/millinery,0.063,0.089,0.22,
guide,zh,/guide/neonsign,霓虹灯工作室,3570,1631,2012,49,43,0.122,3,3,0.093,0.09,/guide/millinery,0.103,0.124,0.349,
guide,en,/guide/newsletter,Newsletters,1707,763,4167,55,47,0.145,3,3,0.041,0.036,/guide/podcast,0.079,0.079,0.191,
guide,zh,/guide/newsletter,Newsletter,3241,1323,1841,49,45,0.082,3,3,0.066,0.058,/guide/podcast,0.11,0.113,0.333,
guide,en,/guide/newsmedia,Independent news media,2078,1122,6012,67,56,0.164,3,3,0.04,0.031,/guide/tailor,0.059,0.065,0.161,
guide,zh,/guide/newsmedia,独立新闻媒体,3816,1875,2343,54,46,0.148,3,3,0.06,0.054,/guide/seafood,0.087,0.099,0.304,
guide,en,/guide/nocode,No-code tools,1954,1004,5228,54,46,0.148,3,3,0.035,0.032,/guide/realestate,0.06,0.06,0.261,
guide,zh,/guide/nocode,无代码工具,3661,1737,2309,51,44,0.137,3,3,0.055,0.049,/guide/fanclub,0.088,0.093,0.341,
guide,en,/guide/nonprofit,Nonprofit,1760,816,4724,55,47,0.145,3,3,0.041,0.035,/guide/beauty,0.075,0.077,0.191,
guide,zh,/guide/nonprofit,公益组织,3394,1460,1929,53,46,0.132,3,3,0.051,0.044,/guide/organicfood,0.087,0.088,0.304,
guide,en,/guide/noodle,Noodle shops,2150,1196,6421,58,50,0.138,3,3,0.037,0.03,/guide/printshop,0.055,0.062,0.24,
guide,zh,/guide/noodle,粉面小吃,3938,2011,2364,52,45,0.135,3,3,0.063,0.058,/guide/fruitshop,0.087,0.101,0.311,
guide,en,/guide/nutcarving,Nut carving studios,2217,1240,6609,63,54,0.143,3,3,0.085,0.082,/guide/insidepainting,0.054,0.081,0.167,
guide,zh,/guide/nutcarving,核雕工作室,3696,1738,2020,48,42,0.125,3,3,0.126,0.128,/guide/insidepainting,0.1,0.116,0.357,
guide,en,/guide/nutrition,Nutrition coaching,1938,988,5554,52,43,0.173,3,3,0.039,0.032,/guide/productphoto,0.063,0.069,0.279,
guide,zh,/guide/nutrition,营养师咨询,3625,1692,2083,56,47,0.161,3,3,0.062,0.054,/guide/physio,0.098,0.105,0.298,
guide,en,/guide/officesupplies,Office supplies,1794,843,4763,58,48,0.172,3,3,0.041,0.035,/guide/organicfood,0.069,0.071,0.25,
guide,zh,/guide/officesupplies,办公用品,3446,1515,1980,47,42,0.106,3,3,0.061,0.059,/guide/buildingmaterials,0.1,0.102,0.333,
guide,en,/guide/oilpaperumbrella,Oil-paper umbrella workshops,2208,1230,6439,63,54,0.143,3,3,0.058,0.055,/guide/strawpainting,0.051,0.065,0.167,
guide,zh,/guide/oilpaperumbrella,油纸伞工坊,3663,1707,1993,45,40,0.111,3,3,0.106,0.099,/guide/claysculpture,0.102,0.119,0.375,
guide,en,/guide/opensource,Open source,2053,1101,6075,49,43,0.122,3,3,0.039,0.032,/guide/music,0.055,0.057,0.279,
guide,zh,/guide/opensource,开源项目,3734,1799,2572,51,46,0.098,3,3,0.071,0.065,/guide/devtools,0.078,0.085,0.326,
guide,en,/guide/optician,Opticians & eyewear,2064,1120,6475,53,44,0.17,3,3,0.042,0.036,/guide/pottery,0.055,0.064,0.205,
guide,zh,/guide/optician,眼镜视光,3853,1920,2354,56,47,0.161,3,3,0.06,0.055,/guide/drivingschool,0.084,0.093,0.298,
guide,en,/guide/organicfood,Organic food,1839,887,4823,49,42,0.143,3,3,0.043,0.037,/guide/luxuryresale,0.071,0.075,0.286,
guide,zh,/guide/organicfood,有机食品电商,3409,1482,1858,49,43,0.122,3,3,0.079,0.067,/guide/luxuryresale,0.115,0.119,0.326,
guide,en,/guide/orthodontics,Orthodontics,1764,818,4921,49,44,0.102,3,3,0.042,0.035,/guide/organicfood,0.071,0.072,0.205,
guide,zh,/guide/orthodontics,正畸齿科,3421,1495,1914,48,42,0.125,3,3,0.063,0.053,/guide/snacks,0.102,0.104,0.333,
guide,en,/guide/outdoor,Outdoor & camping,1970,1009,5378,53,45,0.151,3,3,0.037,0.031,/guide/automotive,0.061,0.064,0.2,
guide,zh,/guide/outdoor,户外露营,3612,1670,2087,51,45,0.118,3,3,0.059,0.054,/guide/campgear,0.093,0.095,0.311,
guide,en,/guide/outlet,Outlet & discount stores,1891,945,5118,54,46,0.148,3,3,0.037,0.032,/guide/legal,0.063,0.065,0.196,
guide,zh,/guide/outlet,折扣特卖店,3395,1475,2104,51,44,0.137,3,3,0.064,0.06,/guide/dollarstore,0.094,0.099,0.318,
guide,en,/guide/paintball,Paintball fields,2008,1047,5594,47,40,0.149,3,3,0.06,0.054,/guide/axethrowing,0.062,0.068,0.3,
guide,zh,/guide/paintball,彩弹射击场,3488,1547,1925,49,43,0.122,3,3,0.098,0.087,/guide/axethrowing,0.107,0.122,0.349,
guide,en,/guide/painting,Painting contractors,1813,868,4694,47,40,0.149,3,3,0.041,0.039,/guide/landscaping,0.07,0.07,0.3,
guide,zh,/guide/painting,油漆粉刷,3402,1474,2104,51,44,0.137,3,3,0.057,0.061,/guide/electrician,0.093,0.094,0.318,
guide,en,/guide/papercut,Papercut studios,1995,1035,5487,43,38,0.116,3,3,0.055,0.047,/guide/teaware,0.063,0.085,0.316,
guide,zh,/guide/papercut,剪纸工作室,3566,1623,1897,44,40,0.091,3,3,0.082,0.08,/guide/embroidery,0.105,0.12,0.375,
guide,en,/guide/papermaking,Papermaking studios,2117,1154,6000,57,50,0.123,3,3,0.068,0.058,/guide/cloisonne,0.055,0.083,0.24,
guide,zh,/guide/papermaking,手工造纸工坊,3634,1688,2000,44,40,0.091,3,3,0.1,0.098,/guide/marquetry,0.1,0.12,0.375,
guide,en,/guide/parcel,Parcel stations & pickup points,2229,1280,7274,70,59,0.157,3,3,0.039,0.033,/guide/realtor,0.052,0.06,0.153,
guide,zh,/guide/parcel,快递驿站,4049,2121,2527,58,48,0.172,3,3,0.071,0.065,/guide/realtor,0.082,0.091,0.292,
guide,en,/guide/parenting,Parenting & baby,1754,803,4493,52,46,0.115,3,3,0.048,0.041,/guide/beauty,0.073,0.075,0.196,
guide,zh,/guide/parenting,母婴亲子,3358,1428,1797,48,43,0.104,3,3,0.058,0.057,/guide/babystore,0.091,0.093,0.326,
guide,en,/guide/partyplanner,Party planners,1809,855,4846,49,45,0.082,3,3,0.047,0.037,/guide/kidswear,0.073,0.075,0.267,
guide,zh,/guide/partyplanner,派对策划,3487,1549,1942,49,43,0.122,3,3,0.071,0.054,/guide/seafishing,0.104,0.115,0.326,
guide,en,/guide/penmaking,Penmaking studios,2099,1141,5806,55,49,0.109,3,3,0.062,0.05,/guide/lutherie,0.057,0.085,0.245,
guide,zh,/guide/penmaking,手工制笔工作室,3613,1674,1957,45,41,0.089,3,3,0.092,0.095,/guide/lutherie,0.104,0.126,0.366,
guide,en,/guide/permanentmakeup,Permanent makeup,1848,899,5060,51,45,0.118,3,3,0.044,0.034,/guide/luxuryresale,0.069,0.075,0.267,
guide,zh,/guide/permanentmakeup,半永久纹绣,3461,1534,1897,49,43,0.122,3,3,0.068,0.056,/guide/datingapp,0.107,0.12,0.326,
guide,en,/guide/pestcontrol,Pest control,2122,1177,6791,73,59,0.192,3,3,0.043,0.032,/guide/plumber,0.055,0.062,0.203,
guide,zh,/guide/pestcontrol,害虫防治,3874,1950,2521,59,49,0.169,3,3,0.065,0.062,/guide/plumber,0.082,0.09,0.286,
guide,en,/guide/petboarding,Pet boarding,2128,1179,6167,63,51,0.19,3,3,0.04,0.035,/guide/squash,0.057,0.065,0.235,
guide,zh,/guide/petboarding,宠物寄养,3918,1983,2407,59,49,0.169,3,3,0.066,0.061,/guide/carwash,0.087,0.101,0.286,
guide,en,/guide/petcafe,Pet cafés,2186,1233,6427,73,60,0.178,3,3,0.038,0.031,/guide/coffee,0.054,0.057,0.2,
guide,zh,/guide/petcafe,宠物咖啡,3945,2021,2450,59,49,0.169,3,3,0.06,0.055,/guide/footspa,0.085,0.1,0.286,
guide,en,/guide/petgrooming,Pet grooming,1939,983,5288,53,45,0.151,3,3,0.039,0.034,/guide/babystore,0.059,0.064,0.267,
guide,zh,/guide/petgrooming,宠物美容,3531,1591,1899,46,41,0.109,3,3,0.065,0.056,/guide/babystore,0.102,0.104,0.341,
guide,en,/guide/petmemorial,Pet memorial,2072,1127,6160,52,46,0.115,3,3,0.033,0.032,/guide/beauty,0.053,0.053,0.261,
guide,zh,/guide/petmemorial,宠物殡葬,3840,1904,2316,49,43,0.122,3,3,0.052,0.047,/guide/taekwondo,0.085,0.086,0.326,
guide,en,/guide/petphoto,Pet photography,2047,1096,5994,55,46,0.164,3,3,0.041,0.032,/guide/danceschool,0.06,0.075,0.261,
guide,zh,/guide/petphoto,宠物摄影,3809,1875,2395,53,46,0.132,3,3,0.058,0.052,/guide/fanclub,0.087,0.101,0.304,
guide,en,/guide/pets,Pet brands,1816,874,4703,50,43,0.14,3,3,0.04,0.034,/guide/legal,0.068,0.073,0.279,
guide,zh,/guide/pets,宠物品牌,3440,1517,1979,53,47,0.113,3,3,0.063,0.06,/guide/petsupplies,0.098,0.1,0.319,
guide,en,/guide/petsupplies,Pet supplies e-commerce,1971,1018,5695,48,42,0.125,3,3,0.038,0.033,/guide/flowerdelivery,0.06,0.062,0.214,
guide,zh,/guide/petsupplies,宠物用品电商,3721,1791,2164,47,42,0.106,3,3,0.063,0.06,/guide/pets,0.092,0.095,0.357,
guide,en,/guide/pettraining,Pet training,1981,1037,5930,47,41,0.128,3,3,0.042,0.032,/guide/postpartum,0.062,0.067,0.293,
guide,zh,/guide/pettraining,宠物训练,3765,1833,2469,55,47,0.145,3,3,0.065,0.057,/guide/swimschool,0.082,0.086,0.298,
guide,en,/guide/pharmacy,Pharmacies,2086,1130,6765,59,48,0.186,3,3,0.038,0.033,/guide/realtor,0.056,0.063,0.188,
guide,zh,/guide/pharmacy,连锁药店,3859,1925,2340,52,44,0.154,3,3,0.062,0.056,/guide/bubbletea,0.085,0.094,0.318,
guide,en,/guide/photography,Photography,1727,781,4263,51,45,0.118,3,3,0.041,0.036,/guide/meditation,0.078,0.085,0.2,
guide,zh,/guide/photography,摄影工作室,3215,1294,1791,50,45,0.1,3,3,0.059,0.059,/guide/realestate,0.103,0.104,0.333,
guide,en,/guide/physio,Physiotherapy & rehab,1909,961,5632,49,42,0.143,3,3,0.041,0.033,/guide/mealprep,0.063,0.068,0.214,
guide,zh,/guide/physio,康复理疗,3636,1702,2072,51,45,0.118,3,3,0.062,0.054,/guide/nutrition,0.095,0.102,0.311,
guide,en,/guide/pickleball,Pickleball,1981,1030,5618,50,43,0.14,3,3,0.041,0.035,/guide/football,0.057,0.057,0.209,
guide,zh,/guide/pickleball,匹克球,3715,1782,2110,51,45,0.118,3,3,0.064,0.055,/guide/football,0.094,0.095,0.311,
guide,en,/guide/pilates,Pilates studios,1952,1000,5786,49,43,0.122,3,3,0.041,0.032,/guide/calligraphy,0.06,0.068,0.279,
guide,zh,/guide/pilates,普拉提馆,3730,1795,2264,51,45,0.118,3,3,0.058,0.051,/guide/hockey,0.087,0.089,0.311,
guide,en,/guide/pizza,Pizza shops,1946,1000,5689,48,42,0.125,3,3,0.037,0.033,/guide/legal,0.06,0.061,0.286,
guide,zh,/guide/pizza,披萨店,3673,1749,2270,51,45,0.118,3,3,0.06,0.054,/guide/food,0.088,0.092,0.333,
guide,en,/guide/plumber,Plumbing & repair,2239,1287,7054,72,57,0.208,3,3,0.049,0.041,/guide/towing,0.051,0.062,0.158,
guide,zh,/guide/plumber,管道疏通维修,4091,2167,2687,60,49,0.183,3,3,0.077,0.071,/guide/roofing,0.08,0.087,0.286,
guide,en,/guide/podcast,Podcasts,1694,756,3887,47,42,0.106,3,3,0.041,0.036,/guide/newsletter,0.079,0.079,0.214,
guide,zh,/guide/podcast,播客节目,3217,1306,1595,50,45,0.1,3,3,0.066,0.058,/guide/newsletter,0.116,0.12,0.333,
guide,en,/guide/portrait,Portrait studios,1964,1010,5684,59,50,0.153,3,3,0.042,0.031,/guide/meditation,0.06,0.074,0.24,
guide,zh,/guide/portrait,个人写真,3632,1694,2034,53,45,0.151,3,3,0.06,0.054,/guide/taekwondo,0.097,0.103,0.311,
guide,en,/guide/postpartum,Postpartum care,2070,1129,6227,49,42,0.143,3,3,0.045,0.031,/guide/laundry,0.057,0.066,0.286,
guide,zh,/guide/postpartum,月子中心,3836,1900,2325,50,43,0.14,3,3,0.058,0.048,/guide/taekwondo,0.087,0.096,0.349,
guide,en,/guide/postproduction,Post-production & VFX,2124,1169,6266,54,46,0.148,3,3,0.034,0.029,/guide/legal,0.055,0.059,0.196,
guide,zh,/guide/postproduction,影视后期,3883,1935,2520,53,46,0.132,3,3,0.057,0.049,/guide/equestrian,0.081,0.096,0.304,
guide,en,/guide/pottery,Pottery & ceramics,2115,1170,6211,49,42,0.143,3,3,0.054,0.038,/guide/danceschool,0.056,0.077,0.214,
guide,zh,/guide/pottery,陶艺手作,3863,1933,2326,52,45,0.135,3,3,0.065,0.065,/guide/danceschool,0.082,0.092,0.311,
guide,en,/guide/preschool,Early childhood education,2019,1073,5929,52,44,0.154,3,3,0.038,0.033,/guide/ecommerce,0.058,0.059,0.205,
guide,zh,/guide/preschool,儿童早教,3732,1808,2177,51,44,0.137,3,3,0.056,0.051,/guide/podcast,0.091,0.097,0.318,
guide,en,/guide/printshop,Print shops,2205,1254,6680,67,54,0.194,3,3,0.037,0.031,/guide/noodle,0.054,0.06,0.222,
guide,zh,/guide/printshop,图文快印,3972,2046,2493,56,47,0.161,3,3,0.061,0.056,/guide/plumber,0.082,0.089,0.298,
guide,en,/guide/productphoto,Product photography,1882,929,5303,53,46,0.132,3,3,0.04,0.033,/guide/kombucha,0.066,0.073,0.261,
guide,zh,/guide/productphoto,电商产品摄影,3604,1667,2157,51,45,0.118,3,3,0.06,0.059,/guide/portrait,0.093,0.101,0.311,
guide,en,/guide/propertymgmt,Property management,2093,1137,6590,64,53,0.172,3,3,0.04,0.034,/guide/bubbletea,0.058,0.067,0.226,
guide,zh,/guide/propertymgmt,物业管理,3933,1995,2425,58,48,0.172,3,3,0.056,0.054,/guide/appliancerepair,0.085,0.093,0.292,
guide,en,/guide/puppet,Puppetry studios,2094,1132,5951,50,43,0.14,3,3,0.051,0.044,/guide/kite,0.057,0.082,0.279,
guide,zh,/guide/puppet,木偶皮影工作室,3661,1717,2054,47,42,0.106,3,3,0.095,0.084,/guide/kite,0.099,0.112,0.357,
guide,en,/guide/pyrography,Pyrography studios,2113,1134,6075,65,55,0.154,3,3,0.106,0.103,/guide/eggcarving,0.056,0.084,0.218,
guide,zh,/guide/pyrography,烙画工作室,3607,1648,1929,45,40,0.111,3,3,0.154,0.152,/guide/eggcarving,0.104,0.12,0.375,
guide,en,/guide/quilting,Quilting studios,1997,1036,5621,43,38,0.116,3,3,0.068,0.051,/guide/weaving,0.061,0.087,0.316,
guide,zh,/guide/quilting,拼布工作室,3611,1664,1980,47,42,0.106,3,3,0.097,0.092,/guide/weaving,0.101,0.114,0.357,
guide,en,/guide/realestate,Real estate,1666,729,4099,46,41,0.109,3,3,0.04,0.037,/guide/futsal,0.077,0.079,0.293,
guide,zh,/guide/realestate,房产家居,3238,1316,1649,48,44,0.083,3,3,0.062,0.055,/guide/health,0.113,0.113,0.318,
guide,en,/guide/realtor,Real estate agencies,2076,1121,6254,58,49,0.155,3,3,0.041,0.037,/guide/hotel,0.059,0.067,0.184,
guide,zh,/guide/realtor,房产中介,3956,2013,2450,55,46,0.164,3,3,0.071,0.065,/guide/parcel,0.087,0.101,0.304,
guide,en,/guide/recordingstudio,Recording studios,1903,950,5084,47,40,0.149,3,3,0.045,0.033,/guide/meditation,0.067,0.082,0.3,
guide,zh,/guide/recordingstudio,录音棚,3461,1522,2056,47,42,0.106,3,3,0.062,0.052,/guide/fanclub,0.099,0.107,0.357,
guide,en,/guide/recordstore,Record stores,1902,949,5105,47,40,0.149,3,3,0.046,0.035,/guide/modelkit,0.066,0.067,0.3,
guide,zh,/guide/recordstore,黑胶唱片店,3513,1575,1957,49,43,0.122,3,3,0.066,0.063,/guide/modelkit,0.102,0.112,0.349,
guide,en,/guide/recruiting,Recruiting & HR,1982,1019,5692,52,46,0.115,3,3,0.037,0.032,/guide/studyabroad,0.059,0.061,0.196,
guide,zh,/guide/recruiting,招聘人力,3640,1697,2212,51,46,0.098,3,3,0.067,0.063,/guide/resume,0.086,0.09,0.304,
guide,en,/guide/recycling,Recycling & recovery,1943,985,5536,54,48,0.111,3,3,0.042,0.034,/guide/watertreatment,0.063,0.071,0.188,
guide,zh,/guide/recycling,再生资源回收,3670,1727,2069,54,48,0.111,3,3,0.056,0.05,/guide/organicfood,0.094,0.096,0.292,
guide,en,/guide/repair,Repair & handyman services,2156,1213,6570,53,45,0.151,3,3,0.036,0.031,/guide/martialarts,0.056,0.062,0.2,
guide,zh,/guide/repair,维修服务,3868,1945,2492,59,50,0.153,3,3,0.063,0.065,/guide/plumber,0.084,0.09,0.28,
guide,en,/guide/resale,Resale & recommerce,1980,1028,5757,51,46,0.098,3,3,0.038,0.033,/guide/cleaning,0.059,0.061,0.196,
guide,zh,/guide/resale,二手循环,3671,1732,2210,53,48,0.094,3,3,0.068,0.065,/guide/thriftstore,0.087,0.091,0.292,
guide,en,/guide/restaurantsupply,Restaurant supply,1849,900,5166,54,47,0.13,3,3,0.041,0.034,/guide/landscaping,0.066,0.066,0.255,
guide,zh,/guide/restaurantsupply,餐饮设备供应,3442,1515,2175,49,43,0.122,3,3,0.059,0.055,/guide/officesupplies,0.092,0.095,0.326,
guide,en,/guide/resume,Resume & job search,2003,1051,5475,54,48,0.111,3,3,0.035,0.032,/guide/realestate,0.058,0.058,0.188,
guide,zh,/guide/resume,简历求职,3711,1773,2329,51,46,0.098,3,3,0.067,0.063,/guide/recruiting,0.083,0.087,0.304,
guide,en,/guide/retrofit,Energy retrofits,1920,961,5720,47,42,0.106,3,3,0.037,0.034,/guide/recycling,0.059,0.066,0.286,
guide,zh,/guide/retrofit,节能改造,3676,1729,2155,49,44,0.102,3,3,0.061,0.056,/guide/hvac,0.091,0.094,0.318,
guide,en,/guide/robotics,Robotics companies,1936,983,5567,53,45,0.151,3,3,0.043,0.035,/guide/villarental,0.063,0.064,0.267,
guide,zh,/guide/robotics,机器人公司,3731,1805,2355,51,45,0.118,3,3,0.059,0.047,/guide/basketball,0.086,0.094,0.333,
guide,en,/guide/roofing,Roofing,2206,1259,7042,72,59,0.181,3,3,0.046,0.037,/guide/plumber,0.053,0.061,0.153,
guide,zh,/guide/roofing,屋顶施工,4001,2069,2619,57,48,0.158,3,3,0.077,0.071,/guide/plumber,0.079,0.087,0.292,
guide,en,/guide/rowing,Rowing clubs,1864,912,5056,47,40,0.149,3,3,0.05,0.036,/guide/curling,0.069,0.072,0.3,
guide,zh,/guide/rowing,赛艇俱乐部,3509,1572,1996,51,44,0.137,3,3,0.066,0.066,/guide/curling,0.097,0.099,0.341,
guide,en,/guide/rugby,Rugby clubs,1888,931,4546,43,38,0.116,3,3,0.045,0.037,/guide/cricket,0.067,0.069,0.316,
guide,zh,/guide/rugby,橄榄球俱乐部,3385,1455,1799,47,42,0.106,3,3,0.072,0.068,/guide/cricket,0.112,0.115,0.357,
guide,en,/guide/runclub,Run clubs,2000,1049,5596,51,44,0.137,3,3,0.048,0.034,/guide/tennis,0.061,0.062,0.273,
guide,zh,/guide/runclub,跑步俱乐部,3689,1756,2140,52,45,0.135,3,3,0.067,0.06,/guide/tennis,0.093,0.104,0.333,
guide,en,/guide/rvtravel,RV travel,2073,1126,6095,51,43,0.157,3,3,0.036,0.03,/guide/vending,0.054,0.061,0.279,
guide,zh,/guide/rvtravel,房车旅行,3750,1816,2366,54,46,0.148,3,3,0.056,0.049,/guide/matchmaking,0.088,0.09,0.304,
guide,en,/guide/saas,SaaS tools,1881,936,4871,58,51,0.121,3,3,0.043,0.038,/guide/travel,0.069,0.073,0.235,
guide,zh,/guide/saas,SaaS 工具,3396,1468,2148,59,53,0.102,3,3,0.063,0.054,/guide/indiehacker,0.09,0.098,0.208,
guide,en,/guide/saddlery,Saddlery workshops,2113,1147,6139,58,50,0.138,3,3,0.055,0.048,/guide/fletching,0.056,0.069,0.24,
guide,zh,/guide/saddlery,马具工坊,3757,1806,2105,44,39,0.114,3,3,0.09,0.086,/guide/batik,0.097,0.115,0.385,
guide,en,/guide/sauna,Sauna studios,1934,990,5466,54,45,0.167,3,3,0.038,0.032,/guide/photography,0.06,0.063,0.267,
guide,zh,/guide/sauna,汗蒸桑拿馆,3635,1708,2163,53,45,0.151,3,3,0.054,0.049,/guide/podcast,0.089,0.094,0.333,
guide,en,/guide/seafishing,Sea fishing charters,1853,899,4812,57,50,0.123,3,3,0.048,0.038,/guide/villarental,0.07,0.07,0.18,
guide,zh,/guide/seafishing,海钓包船,3489,1562,1875,46,40,0.13,3,3,0.071,0.055,/guide/partyplanner,0.111,0.121,0.35,
guide,en,/guide/seafood,Seafood restaurants,1990,1034,5580,56,47,0.161,3,3,0.049,0.037,/guide/deli,0.063,0.071,0.255,
guide,zh,/guide/seafood,海鲜餐厅,3636,1700,2086,52,44,0.154,3,3,0.068,0.07,/guide/deli,0.099,0.114,0.318,
guide,en,/guide/sealcarving,Seal carving studios,2044,1080,5668,43,39,0.093,3,3,0.06,0.045,/guide/quilting,0.06,0.079,0.231,
guide,zh,/guide/sealcarving,篆刻工作室,3568,1621,1890,45,40,0.111,3,3,0.093,0.087,/guide/embroidery,0.105,0.12,0.375,
guide,en,/guide/security,Cybersecurity,1760,811,4746,51,47,0.078,3,3,0.039,0.035,/guide/podcast,0.072,0.072,0.191,
guide,zh,/guide/security,网络安全,3353,1412,1988,49,44,0.102,3,3,0.049,0.044,/guide/securityguard,0.081,0.084,0.318,
guide,en,/guide/securityguard,Security services,2068,1113,6431,49,41,0.163,3,3,0.042,0.037,/guide/ipagency,0.06,0.065,0.293,
guide,zh,/guide/securityguard,安保服务,3762,1819,2258,49,42,0.143,3,3,0.068,0.06,/guide/ipagency,0.09,0.102,0.333,
guide,en,/guide/selfstorage,Self-storage,2201,1248,7009,71,59,0.169,3,3,0.037,0.028,/guide/productphoto,0.051,0.062,0.153,
guide,zh,/guide/selfstorage,自助仓储,4004,2071,2633,57,48,0.158,3,3,0.057,0.051,/guide/towing,0.08,0.09,0.292,
guide,en,/guide/shadowpuppet,Shadow puppet studios,2183,1210,6433,65,56,0.138,3,3,0.075,0.063,/guide/brocade,0.055,0.083,0.161,
guide,zh,/guide/shadowpuppet,皮影工作室,3670,1720,2017,45,40,0.111,3,3,0.106,0.099,/guide/fanmaking,0.102,0.121,0.375,
guide,en,/guide/shortvideo,Short-video production,2144,1182,6070,61,51,0.164,3,3,0.04,0.03,/guide/meditation,0.054,0.071,0.235,
guide,zh,/guide/shortvideo,短视频制作,3848,1897,2291,53,45,0.151,3,3,0.057,0.05,/guide/documentary,0.087,0.097,0.311,
guide,en,/guide/signage,Signage & signs,2247,1292,7047,80,64,0.2,3,3,0.033,0.029,/guide/legal,0.051,0.058,0.141,
guide,zh,/guide/signage,广告标识,4018,2079,2684,59,49,0.169,3,3,0.056,0.052,/guide/towing,0.076,0.083,0.286,
guide,en,/guide/silversmith,Silversmith studios,2016,1056,5638,52,47,0.096,3,3,0.069,0.056,/guide/blacksmith,0.058,0.079,0.255,
guide,zh,/guide/silversmith,银匠工作室,3567,1620,1882,44,40,0.091,3,3,0.094,0.09,/guide/blacksmith,0.103,0.124,0.375,
guide,en,/guide/singlesevents,Singles events,1842,886,4858,47,42,0.106,3,3,0.047,0.034,/guide/flowerdelivery,0.071,0.076,0.286,
guide,zh,/guide/singlesevents,单身社交活动,3503,1574,1935,49,43,0.122,3,3,0.071,0.059,/guide/giveaway,0.109,0.118,0.326,
guide,en,/guide/skateshop,Skate shops,2146,1199,6327,60,49,0.183,3,3,0.039,0.03,/guide/fruitshop,0.056,0.063,0.245,
guide,zh,/guide/skateshop,滑板店,3902,1972,2620,57,48,0.158,3,3,0.057,0.052,/guide/fruitshop,0.082,0.097,0.292,
guide,en,/guide/skating,Skating clubs,1859,907,5069,47,40,0.149,3,3,0.045,0.035,/guide/volleyball,0.071,0.076,0.3,
guide,zh,/guide/skating,轮滑滑冰,3462,1523,1857,51,44,0.137,3,3,0.068,0.06,/guide/gymnastics,0.104,0.107,0.318,
guide,en,/guide/ski,Ski & snow,2002,1054,5700,49,43,0.122,3,3,0.043,0.034,/guide/campsite,0.063,0.069,0.209,
guide,zh,/guide/ski,滑雪户外,3788,1853,2224,53,47,0.113,3,3,0.053,0.051,/guide/fanclub,0.086,0.088,0.298,
guide,en,/guide/skincare,Skincare brands,1965,1010,5747,54,46,0.148,3,3,0.039,0.033,/guide/pets,0.061,0.067,0.261,
guide,zh,/guide/skincare,护肤品牌,3694,1750,2128,50,43,0.14,3,3,0.06,0.056,/guide/ipagency,0.096,0.109,0.349,
guide,en,/guide/snacks,Snack brands,1826,877,4710,49,41,0.163,3,3,0.058,0.044,/guide/flowerdelivery,0.07,0.075,0.293,
guide,zh,/guide/snacks,零食品牌,3427,1500,1761,49,42,0.143,3,3,0.065,0.059,/guide/dayspa,0.108,0.111,0.333,
guide,en,/guide/sneakers,Sneaker shops,1855,907,4947,52,45,0.135,3,3,0.044,0.038,/guide/jobboard,0.067,0.072,0.267,
guide,zh,/guide/sneakers,球鞋潮鞋店,3414,1493,2138,49,43,0.122,3,3,0.063,0.056,/guide/watches,0.094,0.096,0.326,
guide,en,/guide/soapmaking,Soap brands,1868,907,4965,47,41,0.128,3,3,0.04,0.038,/guide/candle,0.067,0.069,0.293,
guide,zh,/guide/soapmaking,手工皂,3521,1576,1904,49,44,0.102,3,3,0.07,0.063,/guide/juicebar,0.108,0.117,0.318,
guide,en,/guide/soccer,Soccer academies,2009,1053,5734,49,42,0.143,3,3,0.045,0.038,/guide/hockey,0.059,0.059,0.286,
guide,zh,/guide/soccer,足球青训,3675,1741,2153,55,47,0.145,3,3,0.068,0.061,/guide/football,0.092,0.094,0.298,
guide,en,/guide/solar,Solar & clean energy,2066,1117,6422,51,45,0.118,3,3,0.033,0.029,/guide/realestate,0.053,0.055,0.2,
guide,zh,/guide/solar,光伏新能源,3916,1982,2466,47,43,0.085,3,3,0.05,0.046,/guide/translation,0.078,0.08,0.326,
guide,en,/guide/sourcing,Product sourcing,1991,1042,5907,46,40,0.13,3,3,0.044,0.036,/guide/villarental,0.059,0.061,0.3,
guide,zh,/guide/sourcing,电商选品,3769,1835,2367,49,44,0.102,3,3,0.053,0.048,/guide/cricket,0.081,0.086,0.318,
guide,en,/guide/souvenir,Souvenir brands,1880,924,4880,51,44,0.137,3,3,0.048,0.038,/guide/luxuryresale,0.07,0.076,0.273,
guide,zh,/guide/souvenir,伴手礼品牌,3518,1579,1862,48,42,0.125,3,3,0.07,0.062,/guide/organicfood,0.11,0.114,0.333,
guide,en,/guide/sportsodds,Sports odds & analysis,1897,941,4957,45,39,0.133,3,3,0.046,0.042,/guide/esportsnews,0.069,0.069,0.231,
guide,zh,/guide/sportsodds,体育竞猜资讯,3439,1498,1845,50,43,0.14,3,3,0.086,0.081,/guide/esportsnews,0.115,0.122,0.326,
guide,en,/guide/squash,Squash clubs,1883,928,4996,46,39,0.152,3,3,0.068,0.05,/guide/tabletennis,0.071,0.071,0.308,
guide,zh,/guide/squash,壁球馆,3449,1521,1916,52,44,0.154,3,3,0.09,0.078,/guide/judo,0.108,0.119,0.341,
guide,en,/guide/stainedglass,Stained glass studios,2112,1156,5798,51,46,0.098,3,3,0.075,0.063,/guide/mosaic,0.058,0.082,0.196,
guide,zh,/guide/stainedglass,彩绘玻璃工作室,3582,1643,1954,46,41,0.109,3,3,0.098,0.1,/guide/mosaic,0.103,0.121,0.366,
guide,en,/guide/stargazing,Stargazing clubs,1975,1010,5463,49,42,0.143,3,3,0.071,0.055,/guide/birding,0.063,0.071,0.286,
guide,zh,/guide/stargazing,观星俱乐部,3608,1659,2066,49,43,0.122,3,3,0.096,0.096,/guide/birding,0.099,0.116,0.349,
guide,en,/guide/stationery,Stationery & paper goods,2100,1143,6274,59,49,0.169,3,3,0.041,0.03,/guide/carrental,0.058,0.07,0.184,
guide,zh,/guide/stationery,文创文具,3916,1984,2357,52,45,0.135,3,3,0.056,0.051,/guide/deskcraft,0.084,0.095,0.311,
guide,en,/guide/strawpainting,Straw painting studios,2160,1185,6294,63,54,0.143,3,3,0.095,0.092,/guide/eggcarving,0.056,0.085,0.167,
guide,zh,/guide/strawpainting,麦秆画工作室,3720,1767,2047,46,40,0.13,3,3,0.137,0.135,/guide/eggcarving,0.099,0.116,0.375,
guide,en,/guide/studyabroad,Study abroad,1987,1036,5710,45,40,0.111,3,3,0.037,0.033,/guide/recruiting,0.059,0.061,0.3,
guide,zh,/guide/studyabroad,留学教育,3699,1762,2192,46,41,0.109,3,3,0.056,0.05,/guide/basketball,0.086,0.089,0.341,
guide,en,/guide/studytour,Study camps & tours,2101,1148,6466,67,53,0.209,3,3,0.036,0.03,/guide/beauty,0.057,0.065,0.17,
guide,zh,/guide/studytour,研学营地,3982,2042,2540,61,50,0.18,3,3,0.063,0.055,/guide/basketball,0.085,0.1,0.28,
guide,en,/guide/succulent,Succulent shops,2044,1082,5858,45,39,0.133,3,3,0.058,0.049,/guide/teaware,0.059,0.068,0.308,
guide,zh,/guide/succulent,多肉植物店,3605,1660,2008,47,42,0.106,3,3,0.083,0.068,/guide/teaware,0.099,0.112,0.357,
guide,en,/guide/sugarpainting,Sugar painting studios,2180,1203,6212,63,53,0.159,3,3,0.057,0.042,/guide/bambooweaving,0.055,0.08,0.17,
guide,zh,/guide/sugarpainting,糖画工作室,3644,1686,1970,45,39,0.133,3,3,0.092,0.093,/guide/pyrography,0.101,0.114,0.385,
guide,en,/guide/surf,Surf clubs,2071,1120,6037,57,50,0.123,3,3,0.041,0.03,/guide/hotspring,0.058,0.064,0.24,
guide,zh,/guide/surf,冲浪俱乐部,3878,1938,2476,57,49,0.14,3,3,0.054,0.055,/guide/hotspring,0.082,0.09,0.286,
guide,en,/guide/sushi,Sushi & Japanese dining,2046,1092,5993,52,44,0.154,3,3,0.049,0.037,/guide/seafood,0.063,0.071,0.205,
guide,zh,/guide/sushi,日料餐厅,3690,1757,2097,50,43,0.14,3,3,0.069,0.07,/guide/deli,0.094,0.104,0.326,
guide,en,/guide/swimschool,Swim schools,2100,1155,6421,49,42,0.143,3,3,0.048,0.039,/guide/kidsart,0.058,0.063,0.286,
guide,zh,/guide/swimschool,游泳培训,3873,1943,2517,55,47,0.145,3,3,0.065,0.058,/guide/pettraining,0.084,0.088,0.298,
guide,en,/guide/swordsmith,Swordsmith forges,2148,1177,6322,63,54,0.143,3,3,0.099,0.095,/guide/jadecarving,0.056,0.068,0.222,
guide,zh,/guide/swordsmith,刀剑锻造工坊,3723,1775,2063,44,39,0.114,3,3,0.141,0.13,/guide/jadecarving,0.098,0.117,0.385,
guide,en,/guide/tabletennis,Table tennis clubs,1888,937,4909,47,40,0.149,3,3,0.068,0.05,/guide/squash,0.07,0.07,0.225,
guide,zh,/guide/tabletennis,乒乓球俱乐部,3438,1504,1852,51,44,0.137,3,3,0.081,0.076,/guide/baseball,0.109,0.118,0.341,
guide,en,/guide/tabletopclub,Tabletop clubs,1905,953,4798,53,45,0.151,3,3,0.041,0.037,/guide/homedecor,0.066,0.066,0.267,
guide,zh,/guide/tabletopclub,桌游俱乐部,3415,1482,1868,47,42,0.106,3,3,0.07,0.067,/guide/futsal,0.112,0.117,0.333,
guide,en,/guide/taekwondo,Taekwondo schools,1803,856,4856,51,43,0.157,3,3,0.045,0.038,/guide/swimschool,0.075,0.075,0.279,
guide,zh,/guide/taekwondo,跆拳道馆,3298,1365,1712,49,43,0.122,3,3,0.079,0.077,/guide/judo,0.12,0.133,0.349,
guide,en,/guide/tailor,Custom tailoring,2011,1055,5724,55,46,0.164,3,3,0.045,0.034,/guide/funeral,0.061,0.069,0.261,
guide,zh,/guide/tailor,服装定制,3743,1799,2255,50,43,0.14,3,3,0.061,0.056,/guide/immigration,0.09,0.1,0.326,
guide,en,/guide/taproom,Taprooms,1834,886,4706,47,42,0.106,3,3,0.043,0.035,/guide/partyplanner,0.069,0.069,0.214,
guide,zh,/guide/taproom,精酿酒馆,3455,1528,1885,44,40,0.091,3,3,0.07,0.052,/guide/seafishing,0.104,0.113,0.35,
guide,en,/guide/tattoo,Tattoo studios,2174,1227,6602,47,41,0.128,3,3,0.049,0.039,/guide/nailsalon,0.054,0.072,0.293,
guide,zh,/guide/tattoo,纹身工作室,3966,2032,2615,54,46,0.148,3,3,0.071,0.067,/guide/nailsalon,0.078,0.092,0.326,
guide,en,/guide/taxidermy,Taxidermy studios,2004,1045,5512,47,42,0.106,3,3,0.067,0.056,/guide/lapidary,0.064,0.095,0.286,
guide,zh,/guide/taxidermy,标本工作室,3575,1632,1928,46,41,0.109,3,3,0.092,0.095,/guide/lutherie,0.104,0.123,0.366,
guide,en,/guide/tcm,TCM & wellness,2036,1093,6275,53,44,0.17,3,3,0.04,0.031,/guide/physio,0.057,0.061,0.205,
guide,zh,/guide/tcm,中医养生,3777,1848,2188,50,43,0.14,3,3,0.057,0.049,/guide/boxing,0.092,0.094,0.326,
guide,en,/guide/tea,Tea brands,2125,1167,6273,55,46,0.164,3,3,0.047,0.039,/guide/fruitshop,0.059,0.067,0.261,
guide,zh,/guide/tea,茶叶品牌,3830,1889,2215,51,43,0.157,3,3,0.065,0.064,/guide/ipagency,0.092,0.108,0.349,
guide,en,/guide/teahouse,Tea houses & tea brands,2191,1241,6528,68,55,0.191,3,3,0.036,0.031,/guide/skating,0.056,0.061,0.164,
guide,zh,/guide/teahouse,茶馆茶室,3921,1994,2413,53,44,0.17,3,3,0.056,0.052,/guide/footspa,0.085,0.095,0.318,
guide,en,/guide/teaware,Teaware studios,2111,1149,5879,49,43,0.122,3,3,0.058,0.049,/guide/succulent,0.057,0.079,0.279,
guide,zh,/guide/teaware,茶器工作室,3625,1678,1965,43,39,0.093,3,3,0.083,0.081,/guide/succulent,0.103,0.119,0.385,
guide,en,/guide/tennis,Tennis clubs,1958,1001,5337,46,41,0.109,3,3,0.048,0.034,/guide/runclub,0.064,0.064,0.293,
guide,zh,/guide/tennis,网球俱乐部,3694,1762,2169,51,45,0.118,3,3,0.067,0.061,/guide/runclub,0.092,0.102,0.333,
guide,en,/guide/terrarium,Terrarium studios,1998,1038,5489,45,40,0.111,3,3,0.068,0.053,/guide/bookbinding,0.062,0.092,0.3,
guide,zh,/guide/terrarium,生态瓶工作室,3521,1580,1894,44,40,0.091,3,3,0.093,0.093,/guide/bookbinding,0.106,0.127,0.375,
guide,en,/guide/therapy,Therapy & mental health,1931,979,5532,56,48,0.143,3,3,0.037,0.032,/guide/parenting,0.062,0.066,0.188,
guide,zh,/guide/therapy,心理咨询,3681,1737,2150,56,50,0.107,3,3,0.059,0.05,/guide/meditation,0.091,0.097,0.28,
guide,en,/guide/thriftstore,Thrift stores,1768,813,4553,44,40,0.091,3,3,0.042,0.036,/guide/legal,0.075,0.08,0.3,
guide,zh,/guide/thriftstore,二手循环店,3425,1491,1961,46,41,0.109,3,3,0.068,0.065,/guide/resale,0.1,0.1,0.341,
guide,en,/guide/ticketing,Ticketing platforms,1790,841,4794,49,43,0.122,3,3,0.047,0.036,/guide/cruise,0.072,0.074,0.279,
guide,zh,/guide/ticketing,票务平台,3389,1454,1912,52,45,0.135,3,3,0.064,0.053,/guide/instrumentstore,0.102,0.11,0.311,
guide,en,/guide/towing,Towing & roadside,2249,1295,7170,71,59,0.169,3,3,0.049,0.041,/guide/plumber,0.051,0.059,0.153,
guide,zh,/guide/towing,道路救援,4044,2109,2553,57,47,0.175,3,3,0.072,0.066,/guide/plumber,0.08,0.091,0.298,
guide,en,/guide/toys,Toy brands,1995,1046,5582,49,43,0.122,3,3,0.037,0.031,/guide/legal,0.057,0.064,0.279,
guide,zh,/guide/toys,玩具品牌,3718,1782,2274,53,47,0.113,3,3,0.053,0.047,/guide/taekwondo,0.083,0.084,0.319,
guide,en,/guide/trading,Import & export trading,2178,1224,6862,68,57,0.162,3,3,0.036,0.03,/guide/construction,0.053,0.056,0.158,
guide,zh,/guide/trading,外贸公司,3916,1975,2489,57,48,0.158,3,3,0.057,0.049,/guide/wholesale,0.083,0.096,0.292,
guide,en,/guide/trampoline,Trampoline parks,2023,1068,5646,54,47,0.13,3,3,0.071,0.066,/guide/bowling,0.062,0.062,0.255,
guide,zh,/guide/trampoline,蹦床公园,3678,1732,2151,49,43,0.122,3,3,0.104,0.094,/guide/bowling,0.096,0.114,0.326,
guide,en,/guide/translation,Translation & localization,2083,1135,6619,50,45,0.1,3,3,0.035,0.03,/guide/agency,0.055,0.058,0.2,
guide,zh,/guide/translation,翻译本地化,3826,1895,2480,51,46,0.098,3,3,0.055,0.05,/guide/language,0.077,0.082,0.304,
guide,en,/guide/travel,Travel,1804,860,4482,56,50,0.107,3,3,0.045,0.038,/guide/fitness,0.071,0.076,0.18,
guide,zh,/guide/travel,旅行,3384,1453,1850,53,48,0.094,3,3,0.065,0.059,/guide/bnb,0.102,0.105,0.292,
guide,en,/guide/travelagency,Travel agencies,2141,1191,6820,62,51,0.177,3,3,0.039,0.034,/guide/plumber,0.055,0.062,0.235,
guide,zh,/guide/travelagency,旅行社,4009,2075,2526,55,46,0.164,3,3,0.062,0.054,/guide/weddingphoto,0.082,0.097,0.304,
guide,en,/guide/travelshoot,Travel photography,1977,1027,5806,52,45,0.135,3,3,0.042,0.035,/guide/villarental,0.057,0.061,0.267,
guide,zh,/guide/travelshoot,旅拍摄影,3739,1801,2239,46,41,0.109,3,3,0.056,0.052,/guide/housekeeping,0.088,0.094,0.341,
guide,en,/guide/tufting,Tufting studios,2076,1117,5377,53,47,0.113,3,3,0.053,0.04,/guide/neonsign,0.059,0.085,0.255,
guide,zh,/guide/tufting,簇绒工作室,3518,1574,1882,46,41,0.109,3,3,0.074,0.075,/guide/neonsign,0.105,0.126,0.366,
guide,en,/guide/tutoring,Tutoring & test prep,2129,1184,6749,65,53,0.185,3,3,0.043,0.03,/guide/deli,0.056,0.067,0.17,
guide,zh,/guide/tutoring,课外辅导,4026,2104,2525,54,45,0.167,3,3,0.054,0.052,/guide/seafood,0.085,0.094,0.311,
guide,en,/guide/upcycling,Upcycling & rework,2137,1189,6311,67,54,0.194,3,3,0.039,0.031,/guide/icecream,0.052,0.061,0.167,
guide,zh,/guide/upcycling,旧物改造,3963,2029,2542,59,49,0.169,3,3,0.055,0.052,/guide/thriftstore,0.083,0.093,0.286,
guide,en,/guide/usedcar,Used cars,1924,974,5457,53,48,0.094,3,3,0.035,0.032,/guide/realestate,0.06,0.06,0.25,
guide,zh,/guide/usedcar,二手车,3694,1760,2143,53,48,0.094,3,3,0.057,0.05,/guide/giveaway,0.091,0.095,0.292,
guide,en,/guide/velvetflower,Velvet flower studios,2122,1148,6300,60,53,0.117,3,3,0.072,0.056,/guide/pyrography,0.057,0.082,0.17,
guide,zh,/guide/velvetflower,绒花工坊,3650,1694,1973,44,39,0.114,3,3,0.1,0.094,/guide/claysculpture,0.102,0.114,0.385,
guide,en,/guide/vending,Vending & unattended retail,2161,1218,6844,51,43,0.157,3,3,0.036,0.029,/guide/rvtravel,0.053,0.061,0.209,
guide,zh,/guide/vending,无人零售,3902,1971,2408,54,46,0.148,3,3,0.055,0.047,/guide/homedecor,0.087,0.089,0.304,
guide,en,/guide/vet,Vet clinics,2063,1105,5984,60,49,0.183,3,3,0.035,0.03,/guide/podcast,0.058,0.058,0.245,
guide,zh,/guide/vet,宠物医院,3874,1936,2375,52,46,0.115,3,3,0.055,0.048,/guide/taekwondo,0.082,0.093,0.304,
guide,en,/guide/villarental,Villa rentals,1768,813,4561,45,40,0.111,3,3,0.048,0.038,/guide/seafishing,0.074,0.074,0.3,
guide,zh,/guide/villarental,民宿别墅短租,3341,1407,1897,46,41,0.109,3,3,0.059,0.051,/guide/podcast,0.102,0.105,0.341,
guide,en,/guide/volleyball,Volleyball clubs,1891,936,4949,48,40,0.167,3,3,0.058,0.049,/guide/wrestling,0.07,0.072,0.3,
guide,zh,/guide/volleyball,排球俱乐部,3437,1500,1818,52,44,0.154,3,3,0.085,0.075,/guide/squash,0.109,0.122,0.341,
guide,en,/guide/vr,VR arcades,2125,1172,5920,55,46,0.164,3,3,0.036,0.03,/guide/legal,0.057,0.063,0.261,
guide,zh,/guide/vr,VR 体验馆,3803,1868,2421,55,47,0.145,3,3,0.065,0.061,/guide/cybercafe,0.084,0.092,0.234,
guide,en,/guide/watches,Watch brands & dealers,1870,922,5478,56,49,0.125,3,3,0.043,0.035,/guide/lightingbrand,0.065,0.072,0.184,
guide,zh,/guide/watches,腕表钟表店,3420,1497,2095,49,43,0.122,3,3,0.067,0.058,/guide/auction,0.093,0.095,0.326,
guide,en,/guide/watchrepair,Watch repair shops,1895,937,5317,48,40,0.167,3,3,0.048,0.035,/guide/framing,0.067,0.069,0.225,
guide,zh,/guide/watchrepair,钟表维修,3625,1680,2019,48,42,0.125,3,3,0.064,0.058,/guide/embroidery,0.097,0.099,0.333,
guide,en,/guide/watertreatment,Water treatment,1933,973,5568,52,46,0.115,3,3,0.046,0.039,/guide/energystorage,0.065,0.074,0.261,
guide,zh,/guide/watertreatment,水处理环保,3635,1690,2128,51,45,0.118,3,3,0.057,0.053,/guide/energystorage,0.094,0.097,0.311,
guide,en,/guide/weaving,Weaving studios,2059,1095,5932,47,40,0.149,3,3,0.068,0.051,/guide/quilting,0.058,0.08,0.3,
guide,zh,/guide/weaving,织造工作室,3616,1663,1977,45,40,0.111,3,3,0.097,0.092,/guide/quilting,0.101,0.117,0.375,
guide,en,/guide/web3,Web3 & crypto,1789,847,4776,50,45,0.1,3,3,0.042,0.035,/guide/cruise,0.073,0.075,0.2,
guide,zh,/guide/web3,Web3 加密,3358,1431,2017,55,50,0.091,3,3,0.057,0.049,/guide/newsletter,0.094,0.096,0.22,
guide,en,/guide/wedding,Wedding planners,1969,1015,5163,50,44,0.12,3,3,0.036,0.031,/guide/travel,0.059,0.059,0.273,
guide,zh,/guide/wedding,婚庆策划,3590,1644,2121,47,43,0.085,3,3,0.055,0.052,/guide/podcast,0.091,0.091,0.326,
guide,en,/guide/weddingphoto,Wedding photography,2207,1264,6964,65,54,0.169,3,3,0.037,0.03,/guide/productphoto,0.053,0.059,0.222,
guide,zh,/guide/weddingphoto,婚纱摄影,3977,2052,2524,57,48,0.158,3,3,0.062,0.052,/guide/travelagency,0.084,0.095,0.292,
guide,en,/guide/wholesale,B2B wholesale platforms,2151,1195,6437,70,58,0.171,3,3,0.038,0.031,/guide/coupon,0.057,0.06,0.155,
guide,zh,/guide/wholesale,B2B 批发平台,3863,1925,2467,57,49,0.14,3,3,0.057,0.049,/guide/luxuryresale,0.085,0.097,0.224,
guide,en,/guide/wig,Wig brands,1999,1043,5508,57,49,0.14,3,3,0.049,0.045,/guide/autoparts,0.057,0.06,0.245,
guide,zh,/guide/wig,假发品牌,3622,1683,2182,49,43,0.122,3,3,0.072,0.07,/guide/autoparts,0.092,0.098,0.326,
guide,en,/guide/winery,Boutique wineries,2068,1113,5823,55,47,0.145,3,3,0.04,0.033,/guide/deli,0.06,0.066,0.255,
guide,zh,/guide/winery,精品酒庄,3756,1822,2194,50,43,0.14,3,3,0.065,0.056,/guide/fruitshop,0.096,0.109,0.326,
guide,en,/guide/woodblockprint,Woodblock print studios,2170,1193,6389,63,54,0.143,3,3,0.077,0.075,/guide/strawpainting,0.055,0.068,0.167,
guide,zh,/guide/woodblockprint,木版年画工作室,3693,1744,2036,43,38,0.116,3,3,0.114,0.116,/guide/doughsculpture,0.1,0.117,0.395,
guide,en,/guide/woodworking,Woodworking studios,1946,987,5373,48,41,0.146,3,3,0.044,0.035,/guide/bonsai,0.063,0.083,0.293,
guide,zh,/guide/woodworking,木工工作室,3598,1651,1965,48,42,0.125,3,3,0.078,0.076,/guide/glassblowing,0.102,0.115,0.357,
guide,en,/guide/wrestling,Wrestling clubs,1908,951,5210,47,40,0.149,3,3,0.058,0.053,/guide/volleyball,0.067,0.068,0.3,
guide,zh,/guide/wrestling,摔跤馆,3523,1574,1970,49,43,0.122,3,3,0.088,0.081,/guide/gymnastics,0.096,0.098,0.349,
guide,en,/guide/yachtcharter,Yacht charters,1935,981,5357,59,50,0.153,3,3,0.04,0.033,/guide/seafishing,0.066,0.071,0.24,
guide,zh,/guide/yachtcharter,游艇租赁俱乐部,3596,1660,2060,49,43,0.122,3,3,0.062,0.061,/guide/seafood,0.097,0.11,0.326,
guide,en,/guide/yoga,Yoga & Pilates,2017,1065,5707,59,50,0.153,3,3,0.046,0.039,/guide/barber,0.06,0.066,0.18,
guide,zh,/guide/yoga,瑜伽普拉提,3766,1831,2337,57,49,0.14,3,3,0.054,0.051,/guide/fitness,0.082,0.087,0.286,
guide,en,/guide/zine,Indie magazines & zines,2123,1175,6566,63,50,0.206,3,3,0.035,0.03,/guide/legal,0.053,0.061,0.18,
guide,zh,/guide/zine,独立杂志,3997,2060,2578,58,48,0.172,3,3,0.059,0.051,/guide/fruitshop,0.085,0.1,0.313,
vs,en,/vs/abogado-vs-lawyer,.abogado vs .lawyer,2265,917,5556,59,45,0.237,3,3,0.108,0.105,/vs/lawyer-vs-legal,0.076,0.097,0.214,0.244
vs,zh,/vs/abogado-vs-lawyer,.abogado vs .lawyer,2847,1493,2298,57,44,0.228,3,3,0.14,0.142,/vs/attorney-vs-lawyer,0.105,0.139,0.22,0.235
vs,en,/vs/academy-vs-coach,.academy vs .coach,2020,651,3741,50,41,0.18,3,3,0.223,0.193,/vs/fitness-vs-coach,0.115,0.133,0.263,0.195
vs,zh,/vs/academy-vs-coach,.academy vs .coach,2458,1074,1577,52,42,0.192,3,3,0.298,0.275,/vs/fitness-vs-coach,0.15,0.164,0.256,0.129
vs,en,/vs/academy-vs-school,.academy vs .school,1951,585,3423,46,39,0.152,3,3,0.161,0.148,/vs/academy-vs-coach,0.131,0.155,0.278,0.179
vs,zh,/vs/academy-vs-school,.academy vs .school,2360,981,1512,50,41,0.18,3,3,0.171,0.161,/vs/academy-vs-coach,0.165,0.197,0.263,0.138
vs,en,/vs/accountants-vs-tax,.accountants vs .tax,2136,789,4511,54,43,0.204,3,3,0.138,0.12,/vs/tax-vs-finance,0.106,0.133,0.25,0.163
vs,zh,/vs/accountants-vs-tax,.accountants vs .tax,2659,1304,2157,56,44,0.214,3,3,0.169,0.151,/vs/tax-vs-finance,0.124,0.168,0.244,0.133
vs,en,/vs/actor-vs-studio,.actor vs .studio,2203,838,4474,58,45,0.224,3,3,0.114,0.112,/vs/salon-vs-studio,0.096,0.125,0.238,0.156
vs,zh,/vs/actor-vs-studio,.actor vs .studio,2728,1351,2026,58,45,0.224,3,3,0.165,0.156,/vs/salon-vs-studio,0.12,0.168,0.238,0.167
vs,en,/vs/agency-vs-co,.agency vs .co,1942,576,3049,48,40,0.167,3,3,0.125,0.119,/vs/pro-vs-co,0.123,0.127,0.216,0.125
vs,zh,/vs/agency-vs-co,.agency vs .co,2380,998,1368,52,42,0.192,3,3,0.19,0.171,/vs/co-vs-me,0.145,0.148,0.256,0.111
vs,en,/vs/ai-vs-app,.ai vs .app,1831,464,2286,44,38,0.136,3,3,0.159,0.157,/vs/ai-vs-dev,0.102,0.105,0.229,0.132
vs,zh,/vs/ai-vs-app,.ai vs .app,2099,719,940,44,38,0.136,3,3,0.212,0.194,/vs/ai-vs-dev,0.171,0.179,0.229,0.154
vs,en,/vs/ai-vs-dev,.ai vs .dev,1758,392,2100,42,37,0.119,3,3,0.176,0.147,/vs/ai-vs-tech,0.118,0.118,0.235,0.135
vs,zh,/vs/ai-vs-dev,.ai vs .dev,2063,682,928,42,37,0.119,3,3,0.212,0.191,/vs/com-vs-ai,0.177,0.196,0.235,0.143
vs,en,/vs/ai-vs-tech,.ai vs .tech,1877,510,2643,42,37,0.119,3,3,0.176,0.148,/vs/ai-vs-dev,0.096,0.096,0.235,0.135
vs,zh,/vs/ai-vs-tech,.ai vs .tech,2181,800,1038,44,38,0.136,3,3,0.217,0.187,/vs/com-vs-ai,0.167,0.171,0.229,0.148
vs,en,/vs/amsterdam-vs-berlin,.amsterdam vs .berlin,2131,786,4601,51,41,0.196,3,3,0.16,0.163,/vs/berlin-vs-city,0.085,0.106,0.237,0.244
vs,zh,/vs/amsterdam-vs-berlin,.amsterdam vs .berlin,2738,1387,2085,51,41,0.196,3,3,0.221,0.202,/vs/berlin-vs-city,0.109,0.13,0.237,0.206
vs,en,/vs/apartments-vs-house,.apartments vs .house,2002,638,3767,48,40,0.167,3,3,0.16,0.149,/vs/apartments-vs-rentals,0.12,0.163,0.27,0.2
vs,zh,/vs/apartments-vs-house,.apartments vs .house,2417,1043,1723,50,41,0.18,3,3,0.237,0.227,/vs/apartments-vs-rentals,0.156,0.193,0.263,0.188
vs,en,/vs/apartments-vs-rentals,.apartments vs .rentals,2044,678,3827,46,39,0.152,3,3,0.16,0.149,/vs/apartments-vs-house,0.114,0.14,0.278,0.231
vs,zh,/vs/apartments-vs-rentals,.apartments vs .rentals,2470,1090,1703,48,40,0.167,3,3,0.237,0.227,/vs/apartments-vs-house,0.152,0.18,0.27,0.154
vs,en,/vs/app-vs-dev,.app vs .dev,1738,371,2009,40,36,0.1,3,3,0.177,0.162,/vs/com-vs-app,0.185,0.185,0.303,0.139
vs,zh,/vs/app-vs-dev,.app vs .dev,2008,628,871,38,35,0.079,3,3,0.225,0.193,/vs/com-vs-app,0.209,0.216,0.313,0.16
vs,en,/vs/app-vs-io,.app vs .io,1977,611,3174,46,39,0.152,3,3,0.154,0.171,/vs/com-vs-io,0.119,0.119,0.278,0.128
vs,zh,/vs/app-vs-io,.app vs .io,2379,998,1409,52,42,0.192,3,3,0.224,0.2,/vs/com-vs-io,0.135,0.138,0.256,0.129
vs,en,/vs/app-vs-site,.app vs .site,2018,652,3486,46,39,0.152,3,3,0.152,0.137,/vs/app-vs-dev,0.121,0.124,0.278,0.128
vs,zh,/vs/app-vs-site,.app vs .site,2450,1068,1425,50,41,0.18,3,3,0.189,0.176,/vs/app-vs-dev,0.146,0.154,0.263,0.2
vs,en,/vs/ar-vs-cl,.ar vs .cl,2160,809,4543,59,45,0.237,3,3,0.232,0.233,/vs/cl-vs-mx,0.085,0.092,0.167,0.267
vs,zh,/vs/ar-vs-cl,.ar vs .cl,2671,1314,1769,53,42,0.208,3,3,0.312,0.277,/vs/cl-vs-mx,0.112,0.139,0.231,0.259
vs,en,/vs/art-vs-design,.art vs .design,1759,392,2224,42,37,0.119,3,3,0.146,0.144,/vs/ink-vs-art,0.188,0.197,0.294,0.297
vs,zh,/vs/art-vs-design,.art vs .design,2089,707,960,44,38,0.136,3,3,0.206,0.184,/vs/studio-vs-design,0.204,0.204,0.286,0.269
vs,en,/vs/art-vs-studio,.art vs .studio,1946,579,3158,46,39,0.152,3,3,0.161,0.145,/vs/works-vs-studio,0.132,0.135,0.278,0.128
vs,zh,/vs/art-vs-studio,.art vs .studio,2338,957,1283,48,40,0.167,3,3,0.195,0.181,/vs/works-vs-studio,0.163,0.179,0.27,0.208
vs,en,/vs/asia-vs-global,.asia vs .global,2262,907,5122,56,44,0.214,3,3,0.184,0.168,/vs/sg-vs-asia,0.093,0.118,0.244,0.227
vs,zh,/vs/asia-vs-global,.asia vs .global,2872,1507,2170,58,45,0.224,3,3,0.207,0.195,/vs/sg-vs-asia,0.119,0.176,0.238,0.257
vs,en,/vs/associates-vs-partners,.associates vs .partners,2152,807,4712,53,42,0.208,3,3,0.12,0.109,/vs/partners-vs-group,0.086,0.1,0.231,0.095
vs,zh,/vs/associates-vs-partners,.associates vs .partners,2628,1277,2265,53,42,0.208,3,3,0.172,0.16,/vs/partners-vs-group,0.116,0.16,0.231,0.129
vs,en,/vs/at-vs-de,.at vs .de,2058,701,3859,55,43,0.218,3,3,0.156,0.204,/vs/ch-vs-de,0.058,0.061,0.125,0.302
vs,zh,/vs/at-vs-de,.at vs .de,2539,1176,1643,57,44,0.228,3,3,0.317,0.266,/vs/ch-vs-de,0.116,0.158,0.22,0.344
vs,en,/vs/attorney-vs-lawyer,.attorney vs .lawyer,2085,735,4255,50,40,0.2,3,3,0.106,0.107,/vs/lawyer-vs-legal,0.101,0.106,0.263,0.15
vs,zh,/vs/attorney-vs-lawyer,.attorney vs .lawyer,2655,1296,1957,52,41,0.212,3,3,0.141,0.142,/vs/lawyer-vs-legal,0.12,0.159,0.256,0.1
vs,en,/vs/au-vs-com,.au vs .com,2035,670,3817,54,43,0.204,3,3,0.175,0.191,/vs/uk-vs-com,0.108,0.111,0.2,0.256
vs,zh,/vs/au-vs-com,.au vs .com,2547,1171,1540,54,43,0.204,3,3,0.293,0.253,/vs/uk-vs-com,0.136,0.167,0.25,0.286
vs,en,/vs/auction-vs-market,.auction vs .market,2177,823,4828,54,43,0.204,3,3,0.111,0.099,/vs/market-vs-exchange,0.101,0.112,0.25,0.163
vs,zh,/vs/auction-vs-market,.auction vs .market,2738,1370,2103,54,43,0.204,3,3,0.143,0.127,/vs/market-vs-exchange,0.127,0.17,0.25,0.182
vs,en,/vs/audio-vs-fm,.audio vs .fm,2146,796,4133,58,45,0.224,3,3,0.127,0.135,/vs/band-vs-fm,0.103,0.115,0.238,0.133
vs,zh,/vs/audio-vs-fm,.audio vs .fm,2593,1234,1788,56,44,0.214,3,3,0.178,0.16,/vs/band-vs-fm,0.124,0.134,0.244,0.125
vs,en,/vs/autos-vs-repair,.autos vs .repair,2205,843,4698,62,47,0.242,3,3,0.149,0.141,/vs/parts-vs-repair,0.096,0.12,0.227,0.149
vs,zh,/vs/autos-vs-repair,.autos vs .repair,2723,1349,2004,56,44,0.214,3,3,0.264,0.243,/vs/tires-vs-autos,0.124,0.151,0.244,0.121
vs,en,/vs/baby-vs-store,.baby vs .store,2048,680,3740,48,40,0.167,3,3,0.113,0.114,/vs/kids-vs-baby,0.119,0.156,0.27,0.175
vs,zh,/vs/baby-vs-store,.baby vs .store,2495,1113,1521,50,41,0.18,3,3,0.176,0.159,/vs/kids-vs-baby,0.157,0.189,0.263,0.2
vs,en,/vs/band-vs-fm,.band vs .fm,1952,600,3142,48,40,0.167,3,3,0.153,0.139,/vs/fm-vs-tv,0.127,0.147,0.27,0.125
vs,zh,/vs/band-vs-fm,.band vs .fm,2303,941,1300,48,40,0.167,3,3,0.186,0.168,/vs/fm-vs-tv,0.157,0.171,0.27,0.222
vs,en,/vs/bar-vs-cafe,.bar vs .cafe,1878,509,2735,44,38,0.136,3,3,0.13,0.136,/vs/restaurant-vs-cafe,0.147,0.15,0.286,0.132
vs,zh,/vs/bar-vs-cafe,.bar vs .cafe,2330,947,1294,49,41,0.163,3,3,0.181,0.163,/vs/wine-vs-bar,0.145,0.157,0.263,0.179
vs,en,/vs/bargains-vs-deals,.bargains vs .deals,2176,826,4674,58,45,0.224,3,3,0.133,0.115,/vs/deals-vs-coupons,0.093,0.105,0.238,0.178
vs,zh,/vs/bargains-vs-deals,.bargains vs .deals,2674,1313,2057,54,43,0.204,3,3,0.197,0.188,/vs/deals-vs-coupons,0.121,0.159,0.25,0.125
vs,en,/vs/basketball-vs-team,.basketball vs .team,2104,745,4123,48,40,0.167,3,3,0.207,0.164,/vs/hockey-vs-team,0.105,0.163,0.27,0.25
vs,zh,/vs/basketball-vs-team,.basketball vs .team,2607,1231,1985,52,42,0.192,3,3,0.2,0.179,/vs/hockey-vs-team,0.136,0.195,0.256,0.258
vs,en,/vs/be-vs-nl,.be vs .nl,2145,800,4376,55,42,0.236,3,3,0.145,0.209,/vs/nl-vs-de,0.07,0.089,0.2,0.357
vs,zh,/vs/be-vs-nl,.be vs .nl,2673,1322,1765,57,43,0.246,3,3,0.293,0.268,/vs/nl-vs-de,0.111,0.155,0.22,0.375
vs,en,/vs/beauty-vs-salon,.beauty vs .salon,2137,777,4025,58,45,0.224,3,3,0.14,0.133,/vs/salon-vs-studio,0.101,0.128,0.238,0.267
vs,zh,/vs/beauty-vs-salon,.beauty vs .salon,2609,1236,1763,58,45,0.224,3,3,0.177,0.159,/vs/salon-vs-studio,0.138,0.173,0.238,0.138
vs,en,/vs/beer-vs-pub,.beer vs .pub,2132,785,4176,54,43,0.204,3,3,0.137,0.128,/vs/pub-vs-bar,0.105,0.126,0.25,0.279
vs,zh,/vs/beer-vs-pub,.beer vs .pub,2645,1287,1918,56,44,0.214,3,3,0.212,0.195,/vs/pub-vs-bar,0.13,0.172,0.244,0.161
vs,en,/vs/berlin-vs-city,.berlin vs .city,2107,741,4073,52,42,0.192,3,3,0.16,0.163,/vs/amsterdam-vs-berlin,0.11,0.128,0.256,0.214
vs,zh,/vs/berlin-vs-city,.berlin vs .city,2643,1267,1889,54,43,0.204,3,3,0.221,0.202,/vs/amsterdam-vs-berlin,0.137,0.177,0.25,0.219
vs,en,/vs/bet-vs-poker,.bet vs .poker,2204,848,4568,56,44,0.214,3,3,0.153,0.143,/vs/poker-vs-games,0.086,0.101,0.244,0.114
vs,zh,/vs/bet-vs-poker,.bet vs .poker,2742,1374,2001,56,44,0.214,3,3,0.22,0.199,/vs/poker-vs-games,0.117,0.151,0.244,0.138
vs,en,/vs/bike-vs-fitness,.bike vs .fitness,2120,761,3964,56,44,0.214,3,3,0.111,0.104,/vs/fitness-vs-coach,0.105,0.131,0.244,0.273
vs,zh,/vs/bike-vs-fitness,.bike vs .fitness,2585,1217,1769,56,44,0.214,3,3,0.147,0.142,/vs/fitness-vs-coach,0.138,0.178,0.244,0.148
vs,en,/vs/bio-vs-me,.bio vs .me,1999,635,3330,50,41,0.18,3,3,0.186,0.186,/vs/com-vs-me,0.099,0.107,0.211,0.125
vs,zh,/vs/bio-vs-me,.bio vs .me,2503,1125,1535,51,42,0.176,3,3,0.162,0.157,/vs/co-vs-me,0.13,0.14,0.256,0.172
vs,en,/vs/biz-vs-com,.biz vs .com,2069,699,3497,50,41,0.18,3,3,0.131,0.116,/vs/com-vs-net,0.103,0.123,0.211,0.146
vs,zh,/vs/biz-vs-com,.biz vs .com,2479,1097,1477,54,43,0.204,3,3,0.175,0.152,/vs/com-vs-net,0.148,0.166,0.25,0.154
vs,en,/vs/black-vs-gold,.black vs .gold,1948,603,3379,47,39,0.17,3,3,0.073,0.062,/vs/cash-vs-money,0.11,0.131,0.25,0.154
vs,zh,/vs/black-vs-gold,.black vs .gold,2452,1101,1472,52,42,0.192,3,3,0.166,0.152,/vs/gold-vs-vip,0.13,0.142,0.231,0.139
vs,en,/vs/blog-vs-com,.blog vs .com,1883,516,2678,40,36,0.1,3,3,0.139,0.126,/vs/com-vs-net,0.136,0.146,0.242,0.167
vs,zh,/vs/blog-vs-com,.blog vs .com,2214,834,1278,42,37,0.119,3,3,0.223,0.219,/vs/blog-vs-me,0.163,0.17,0.294,0.179
vs,en,/vs/blog-vs-me,.blog vs .me,2025,659,3598,48,40,0.167,3,3,0.187,0.187,/vs/com-vs-me,0.095,0.103,0.216,0.15
vs,zh,/vs/blog-vs-me,.blog vs .me,2393,1011,1514,50,41,0.18,3,3,0.223,0.219,/vs/blog-vs-com,0.143,0.157,0.263,0.161
vs,en,/vs/blue-vs-red,.blue vs .red,1948,601,3220,46,39,0.152,3,3,0.103,0.093,/vs/red-vs-vip,0.134,0.148,0.278,0.128
vs,zh,/vs/blue-vs-red,.blue vs .red,2328,972,1319,50,41,0.18,3,3,0.14,0.126,/vs/red-vs-vip,0.165,0.201,0.263,0.129
vs,en,/vs/boats-vs-travel,.boats vs .travel,2190,821,4613,58,45,0.224,3,3,0.134,0.133,/vs/travel-vs-tours,0.095,0.116,0.238,0.178
vs,zh,/vs/boats-vs-travel,.boats vs .travel,2772,1388,2002,56,44,0.214,3,3,0.173,0.168,/vs/com-vs-travel,0.125,0.151,0.244,0.125
vs,en,/vs/bond-vs-finance,.bond vs .finance,2235,878,5040,55,43,0.218,3,3,0.09,0.08,/vs/credit-vs-finance,0.077,0.125,0.225,0.186
vs,zh,/vs/bond-vs-finance,.bond vs .finance,2898,1535,2243,57,44,0.228,3,3,0.146,0.138,/vs/finance-vs-com,0.104,0.168,0.22,0.225
vs,en,/vs/boston-vs-city,.boston vs .city,2236,873,5047,60,46,0.233,3,3,0.127,0.099,/vs/berlin-vs-city,0.098,0.136,0.233,0.152
vs,zh,/vs/boston-vs-city,.boston vs .city,2919,1546,2243,62,47,0.242,3,3,0.175,0.161,/vs/berlin-vs-city,0.115,0.178,0.227,0.175
vs,en,/vs/boutique-vs-shop,.boutique vs .shop,2010,641,3549,52,42,0.192,3,3,0.171,0.157,/vs/shop-vs-store,0.123,0.129,0.256,0.19
vs,zh,/vs/boutique-vs-shop,.boutique vs .shop,2382,999,1413,54,43,0.204,3,3,0.201,0.179,/vs/shop-vs-store,0.163,0.172,0.25,0.25
vs,en,/vs/br-vs-mx,.br vs .mx,2175,824,4625,53,42,0.208,3,3,0.213,0.216,/vs/br-vs-pt,0.075,0.088,0.205,0.19
vs,zh,/vs/br-vs-mx,.br vs .mx,2682,1325,1787,49,40,0.184,3,3,0.306,0.281,/vs/br-vs-pt,0.115,0.142,0.243,0.241
vs,en,/vs/br-vs-pt,.br vs .pt,2122,777,4361,55,43,0.218,3,3,0.213,0.199,/vs/br-vs-mx,0.079,0.091,0.2,0.302
vs,zh,/vs/br-vs-pt,.br vs .pt,2636,1285,1731,51,41,0.196,3,3,0.306,0.281,/vs/br-vs-mx,0.111,0.134,0.237,0.231
vs,en,/vs/builders-vs-construction,.builders vs .construction,2011,661,3937,52,42,0.192,3,3,0.105,0.108,/vs/contractors-vs-construction,0.119,0.173,0.256,0.214
vs,zh,/vs/builders-vs-construction,.builders vs .construction,2466,1103,1795,52,42,0.192,3,3,0.127,0.134,/vs/properties-vs-estate,0.146,0.184,0.256,0.207
vs,en,/vs/business-vs-company,.business vs .company,2151,801,4314,50,41,0.18,3,3,0.123,0.113,/vs/company-vs-group,0.105,0.119,0.263,0.244
vs,zh,/vs/business-vs-company,.business vs .company,2645,1287,2093,54,43,0.204,3,3,0.179,0.168,/vs/company-vs-group,0.127,0.17,0.25,0.216
vs,en,/vs/buzz-vs-promo,.buzz vs .promo,2274,923,4959,58,45,0.224,3,3,0.114,0.101,/vs/promo-vs-shop,0.09,0.152,0.238,0.267
vs,zh,/vs/buzz-vs-promo,.buzz vs .promo,2879,1517,2183,58,45,0.224,3,3,0.167,0.15,/vs/promo-vs-shop,0.118,0.175,0.238,0.297
vs,en,/vs/ca-vs-us,.ca vs .us,2100,752,4197,45,38,0.156,3,3,0.191,0.204,/vs/us-vs-com,0.089,0.101,0.257,0.158
vs,zh,/vs/ca-vs-us,.ca vs .us,2646,1292,1696,49,40,0.184,3,3,0.267,0.24,/vs/us-vs-com,0.111,0.143,0.243,0.2
vs,en,/vs/cafe-vs-shop,.cafe vs .shop,1900,529,2936,46,39,0.152,3,3,0.123,0.134,/vs/shop-vs-store,0.136,0.139,0.278,0.128
vs,zh,/vs/cafe-vs-shop,.cafe vs .shop,2271,888,1182,48,40,0.167,3,3,0.156,0.134,/vs/restaurant-vs-cafe,0.172,0.179,0.27,0.129
vs,en,/vs/camera-vs-photography,.camera vs .photography,2057,707,4200,54,43,0.204,3,3,0.122,0.104,/vs/photography-vs-photos,0.115,0.141,0.25,0.163
vs,zh,/vs/camera-vs-photography,.camera vs .photography,2551,1193,2027,56,44,0.214,3,3,0.152,0.139,/vs/photography-vs-photos,0.138,0.183,0.244,0.15
vs,en,/vs/camp-vs-courses,.camp vs .courses,2123,775,4458,55,43,0.218,3,3,0.105,0.103,/vs/courses-vs-academy,0.083,0.113,0.225,0.093
vs,zh,/vs/camp-vs-courses,.camp vs .courses,2692,1338,2054,55,43,0.218,3,3,0.155,0.15,/vs/courses-vs-academy,0.105,0.15,0.225,0.118
vs,en,/vs/capital-vs-fund,.capital vs .fund,2034,683,3607,49,40,0.184,3,3,0.154,0.157,/vs/ventures-vs-capital,0.097,0.132,0.243,0.2
vs,zh,/vs/capital-vs-fund,.capital vs .fund,2417,1060,1634,51,41,0.196,3,3,0.212,0.194,/vs/ventures-vs-capital,0.131,0.175,0.237,0.16
vs,en,/vs/care-vs-doctor,.care vs .doctor,1979,615,3571,48,40,0.167,3,3,0.149,0.137,/vs/clinic-vs-care,0.128,0.14,0.27,0.375
vs,zh,/vs/care-vs-doctor,.care vs .doctor,2430,1055,1504,50,41,0.18,3,3,0.292,0.26,/vs/clinic-vs-care,0.152,0.172,0.263,0.222
vs,en,/vs/careers-vs-work,.careers vs .work,2161,812,4615,56,44,0.214,3,3,0.12,0.105,/vs/work-vs-works,0.101,0.122,0.244,0.25
vs,zh,/vs/careers-vs-work,.careers vs .work,2731,1370,2024,54,43,0.204,3,3,0.151,0.138,/vs/work-vs-works,0.128,0.176,0.25,0.138
vs,en,/vs/casa-vs-house,.casa vs .house,2259,903,5206,58,45,0.224,3,3,0.124,0.107,/vs/house-vs-style,0.092,0.119,0.238,0.2
vs,zh,/vs/casa-vs-house,.casa vs .house,2845,1481,2232,58,45,0.224,3,3,0.153,0.143,/vs/house-vs-estate,0.12,0.172,0.238,0.111
vs,en,/vs/cash-vs-money,.cash vs .money,1905,557,3177,49,40,0.184,3,3,0.137,0.135,/vs/loans-vs-money,0.119,0.144,0.243,0.1
vs,zh,/vs/cash-vs-money,.cash vs .money,2299,945,1383,49,40,0.184,3,3,0.173,0.16,/vs/money-vs-finance,0.153,0.175,0.243,0.214
vs,en,/vs/casino-vs-bet,.casino vs .bet,2226,869,4706,54,43,0.204,3,3,0.14,0.117,/vs/bet-vs-poker,0.082,0.096,0.25,0.116
vs,zh,/vs/casino-vs-bet,.casino vs .bet,2783,1414,2075,54,43,0.204,3,3,0.172,0.154,/vs/bet-vs-poker,0.113,0.15,0.25,0.125
vs,en,/vs/catering-vs-restaurant,.catering vs .restaurant,2128,764,4233,56,44,0.214,3,3,0.102,0.101,/vs/kitchen-vs-restaurant,0.107,0.124,0.244,0.227
vs,zh,/vs/catering-vs-restaurant,.catering vs .restaurant,2603,1228,1912,54,43,0.204,3,3,0.135,0.137,/vs/menu-vs-restaurant,0.151,0.174,0.25,0.194
vs,en,/vs/cc-vs-com,.cc vs .com,2015,650,3199,44,38,0.136,3,3,0.153,0.135,/vs/com-vs-net,0.108,0.111,0.229,0.132
vs,zh,/vs/cc-vs-com,.cc vs .com,2378,1002,1323,44,38,0.136,3,3,0.2,0.177,/vs/com-vs-net,0.147,0.156,0.286,0.148
vs,en,/vs/cc-vs-tv,.cc vs .tv,1794,430,2255,42,37,0.119,3,3,0.166,0.149,/vs/link-vs-cc,0.166,0.177,0.294,0.135
vs,zh,/vs/cc-vs-tv,.cc vs .tv,2090,714,924,40,36,0.1,3,3,0.193,0.173,/vs/link-vs-cc,0.195,0.207,0.303,0.154
vs,en,/vs/center-vs-club,.center vs .club,1908,541,3078,48,40,0.167,3,3,0.146,0.138,/vs/fun-vs-club,0.14,0.14,0.27,0.2
vs,zh,/vs/center-vs-club,.center vs .club,2282,899,1269,52,42,0.192,3,3,0.159,0.145,/vs/support-vs-center,0.168,0.174,0.256,0.16
vs,en,/vs/ch-vs-de,.ch vs .de,2092,735,4069,55,43,0.218,3,3,0.174,0.204,/vs/nl-vs-de,0.049,0.052,0.15,0.349
vs,zh,/vs/ch-vs-de,.ch vs .de,2611,1248,1707,55,43,0.218,3,3,0.317,0.266,/vs/at-vs-de,0.108,0.149,0.225,0.25
vs,en,/vs/chat-vs-app,.chat vs .app,1958,593,3204,52,42,0.192,3,3,0.159,0.138,/vs/app-vs-dev,0.13,0.133,0.256,0.19
vs,zh,/vs/chat-vs-app,.chat vs .app,2299,922,1357,50,41,0.18,3,3,0.195,0.185,/vs/com-vs-app,0.156,0.169,0.263,0.161
vs,en,/vs/cheap-vs-discount,.cheap vs .discount,2135,783,4401,54,43,0.204,3,3,0.13,0.118,/vs/discount-vs-sale,0.102,0.115,0.25,0.116
vs,zh,/vs/cheap-vs-discount,.cheap vs .discount,2590,1224,1985,54,43,0.204,3,3,0.19,0.177,/vs/discount-vs-sale,0.127,0.16,0.25,0.108
vs,en,/vs/church-vs-community,.church vs .community,2110,760,4465,56,44,0.214,3,3,0.116,0.111,/vs/forum-vs-community,0.109,0.132,0.244,0.227
vs,zh,/vs/church-vs-community,.church vs .community,2610,1252,1922,54,43,0.204,3,3,0.18,0.173,/vs/forum-vs-community,0.144,0.163,0.25,0.129
vs,en,/vs/city-vs-world,.city vs .world,1892,521,2820,44,38,0.136,3,3,0.102,0.102,/vs/world-vs-com,0.152,0.176,0.286,0.184
vs,zh,/vs/city-vs-world,.city vs .world,2276,893,1244,50,41,0.18,3,3,0.151,0.131,/vs/global-vs-world,0.175,0.214,0.263,0.118
vs,en,/vs/cl-vs-mx,.cl vs .mx,2186,832,4713,57,44,0.228,3,3,0.232,0.233,/vs/ar-vs-cl,0.085,0.099,0.22,0.273
vs,zh,/vs/cl-vs-mx,.cl vs .mx,2693,1333,1758,51,41,0.196,3,3,0.312,0.277,/vs/ar-vs-cl,0.113,0.15,0.237,0.321
vs,en,/vs/cleaning-vs-services,.cleaning vs .services,2131,773,4362,56,44,0.214,3,3,0.113,0.117,/vs/solutions-vs-services,0.111,0.123,0.244,0.182
vs,zh,/vs/cleaning-vs-services,.cleaning vs .services,2653,1284,1993,54,43,0.204,3,3,0.14,0.134,/vs/repair-vs-services,0.139,0.16,0.25,0.182
vs,en,/vs/click-vs-link,.click vs .link,1923,576,3092,42,37,0.119,3,3,0.143,0.13,/vs/link-vs-cc,0.134,0.148,0.294,0.135
vs,zh,/vs/click-vs-link,.click vs .link,2284,928,1367,46,39,0.152,3,3,0.179,0.163,/vs/link-vs-cc,0.167,0.181,0.278,0.133
vs,en,/vs/clinic-vs-care,.clinic vs .care,2002,633,3428,52,42,0.192,3,3,0.149,0.137,/vs/care-vs-doctor,0.121,0.131,0.256,0.167
vs,zh,/vs/clinic-vs-care,.clinic vs .care,2438,1056,1526,54,43,0.204,3,3,0.292,0.26,/vs/care-vs-doctor,0.15,0.175,0.25,0.207
vs,en,/vs/clothing-vs-fashion,.clothing vs .fashion,2067,711,4105,52,42,0.192,3,3,0.162,0.16,/vs/moda-vs-fashion,0.114,0.134,0.256,0.286
vs,zh,/vs/clothing-vs-fashion,.clothing vs .fashion,2526,1159,1875,54,43,0.204,3,3,0.212,0.202,/vs/moda-vs-fashion,0.146,0.203,0.25,0.167
vs,en,/vs/cloud-vs-online,.cloud vs .online,1809,445,2468,44,38,0.136,3,3,0.165,0.156,/vs/online-vs-site,0.164,0.172,0.286,0.132
vs,zh,/vs/cloud-vs-online,.cloud vs .online,2047,673,972,46,39,0.152,3,3,0.184,0.17,/vs/cloud-vs-tech,0.206,0.217,0.278,0.154
vs,en,/vs/cloud-vs-tech,.cloud vs .tech,1765,399,2229,44,38,0.136,3,3,0.158,0.132,/vs/io-vs-tech,0.188,0.197,0.286,0.132
vs,zh,/vs/cloud-vs-tech,.cloud vs .tech,2037,660,931,44,38,0.136,3,3,0.184,0.17,/vs/cloud-vs-online,0.215,0.222,0.286,0.129
vs,en,/vs/club-vs-gg,.club vs .gg,1811,444,2439,40,36,0.1,3,3,0.213,0.186,/vs/gg-vs-tv,0.156,0.167,0.303,0.139
vs,zh,/vs/club-vs-gg,.club vs .gg,2059,676,936,44,38,0.136,3,3,0.181,0.153,/vs/gg-vs-tv,0.213,0.231,0.286,0.154
vs,en,/vs/cn-vs-top,.cn vs .top,1846,481,2526,42,37,0.119,3,3,0.205,0.177,/vs/com-vs-cn,0.139,0.149,0.294,0.135
vs,zh,/vs/cn-vs-top,.cn vs .top,2186,808,985,40,36,0.1,3,3,0.268,0.229,/vs/com-vs-cn,0.17,0.187,0.303,0.174
vs,en,/vs/co-vs-me,.co vs .me,1783,418,2197,36,34,0.056,3,3,0.242,0.256,/vs/pink-vs-me,0.123,0.134,0.194,0.147
vs,zh,/vs/co-vs-me,.co vs .me,2037,657,941,40,36,0.1,3,3,0.277,0.244,/vs/pro-vs-co,0.191,0.205,0.303,0.16
vs,en,/vs/coach-vs-expert,.coach vs .expert,1945,577,3516,44,38,0.136,3,3,0.136,0.122,/vs/academy-vs-coach,0.131,0.134,0.286,0.263
vs,zh,/vs/coach-vs-expert,.coach vs .expert,2405,1020,1483,50,41,0.18,3,3,0.187,0.177,/vs/expert-vs-pro,0.161,0.177,0.263,0.16
vs,en,/vs/codes-vs-dev,.codes vs .dev,1909,542,3234,44,38,0.136,3,3,0.15,0.139,/vs/app-vs-dev,0.136,0.136,0.286,0.132
vs,zh,/vs/codes-vs-dev,.codes vs .dev,2379,997,1517,47,40,0.149,3,3,0.168,0.161,/vs/app-vs-dev,0.147,0.16,0.27,0.147
vs,en,/vs/coffee-vs-cafe,.coffee vs .cafe,2061,695,3603,52,42,0.192,3,3,0.122,0.127,/vs/restaurant-vs-cafe,0.116,0.142,0.256,0.19
vs,zh,/vs/coffee-vs-cafe,.coffee vs .cafe,2467,1091,1581,56,44,0.214,3,3,0.215,0.197,/vs/farm-vs-cafe,0.152,0.197,0.244,0.185
vs,en,/vs/college-vs-academy,.college vs .academy,2156,795,4799,58,45,0.224,3,3,0.114,0.093,/vs/university-vs-education,0.098,0.134,0.238,0.178
vs,zh,/vs/college-vs-academy,.college vs .academy,2756,1384,2140,58,45,0.224,3,3,0.15,0.138,/vs/university-vs-education,0.126,0.171,0.238,0.148
vs,en,/vs/com-vs-ai,.com vs .ai,1769,403,1944,42,37,0.119,3,3,0.199,0.202,/vs/io-vs-ai,0.1,0.104,0.176,0.135
vs,zh,/vs/com-vs-ai,.com vs .ai,2067,687,861,42,37,0.119,3,3,0.23,0.211,/vs/io-vs-ai,0.187,0.196,0.235,0.154
vs,en,/vs/com-vs-app,.com vs .app,1799,433,2199,40,36,0.1,3,3,0.177,0.162,/vs/app-vs-dev,0.152,0.156,0.242,0.139
vs,zh,/vs/com-vs-app,.com vs .app,2080,700,960,42,37,0.119,3,3,0.225,0.194,/vs/app-vs-dev,0.192,0.196,0.294,0.154
vs,en,/vs/com-vs-cn,.com vs .cn,1739,372,1987,42,37,0.119,3,3,0.205,0.177,/vs/cn-vs-top,0.165,0.169,0.235,0.135
vs,zh,/vs/com-vs-cn,.com vs .cn,2052,672,841,40,36,0.1,3,3,0.268,0.229,/vs/cn-vs-top,0.21,0.221,0.303,0.182
vs,en,/vs/com-vs-co,.com vs .co,1806,440,2234,42,37,0.119,3,3,0.129,0.14,/vs/com-vs-dev,0.156,0.16,0.235,0.135
vs,zh,/vs/com-vs-co,.com vs .co,2141,761,1046,42,37,0.119,3,3,0.226,0.209,/vs/pro-vs-co,0.177,0.187,0.294,0.148
vs,en,/vs/com-vs-dev,.com vs .dev,1756,390,2122,42,37,0.119,3,3,0.16,0.15,/vs/com-vs-cn,0.168,0.172,0.235,0.135
vs,zh,/vs/com-vs-dev,.com vs .dev,2042,662,912,42,37,0.119,3,3,0.213,0.193,/vs/app-vs-dev,0.209,0.222,0.294,0.138
vs,en,/vs/com-vs-io,.com vs .io,1754,388,2070,42,37,0.119,3,3,0.177,0.208,/vs/io-vs-co,0.158,0.162,0.235,0.135
vs,zh,/vs/com-vs-io,.com vs .io,2032,652,880,40,36,0.1,3,3,0.299,0.25,/vs/io-vs-tech,0.197,0.206,0.303,0.148
vs,en,/vs/com-vs-me,.com vs .me,1799,433,2282,44,38,0.136,3,3,0.218,0.221,/vs/co-vs-me,0.118,0.122,0.171,0.132
vs,zh,/vs/com-vs-me,.com vs .me,2023,645,947,42,37,0.119,3,3,0.226,0.218,/vs/co-vs-me,0.201,0.203,0.294,0.174
vs,en,/vs/com-vs-net,.com vs .net,1744,377,2029,42,37,0.119,3,3,0.153,0.135,/vs/cc-vs-com,0.177,0.182,0.235,0.135
vs,zh,/vs/com-vs-net,.com vs .net,2017,638,817,38,35,0.079,3,3,0.2,0.178,/vs/cc-vs-com,0.222,0.224,0.313,0.16
vs,en,/vs/com-vs-org,.com vs .org,1805,439,2554,44,38,0.136,3,3,0.215,0.208,/vs/info-vs-org,0.143,0.147,0.229,0.184
vs,zh,/vs/com-vs-org,.com vs .org,2100,720,942,44,38,0.136,3,3,0.234,0.206,/vs/info-vs-org,0.195,0.195,0.286,0.235
vs,en,/vs/com-vs-top,.com vs .top,2005,640,3629,44,38,0.136,3,3,0.147,0.149,/vs/xyz-vs-top,0.106,0.109,0.229,0.132
vs,zh,/vs/com-vs-top,.com vs .top,2478,1102,1340,46,39,0.152,3,3,0.206,0.186,/vs/xyz-vs-top,0.146,0.156,0.278,0.174
vs,en,/vs/com-vs-travel,.com vs .travel,1946,579,3247,42,37,0.119,3,3,0.148,0.141,/vs/flights-vs-travel,0.12,0.123,0.235,0.189
vs,zh,/vs/com-vs-travel,.com vs .travel,2395,1016,1328,42,37,0.119,3,3,0.197,0.191,/vs/flights-vs-travel,0.153,0.162,0.294,0.167
vs,en,/vs/com-vs-xyz,.com vs .xyz,1755,388,2058,40,36,0.1,3,3,0.153,0.135,/vs/com-vs-net,0.168,0.172,0.242,0.139
vs,zh,/vs/com-vs-xyz,.com vs .xyz,2039,660,874,42,37,0.119,3,3,0.203,0.186,/vs/shop-vs-com,0.209,0.22,0.294,0.154
vs,en,/vs/community-vs-club,.community vs .club,2042,675,3875,54,43,0.204,3,3,0.109,0.107,/vs/church-vs-community,0.115,0.147,0.25,0.116
vs,zh,/vs/community-vs-club,.community vs .club,2533,1150,1771,54,43,0.204,3,3,0.137,0.131,/vs/church-vs-community,0.144,0.182,0.25,0.129
vs,en,/vs/company-vs-group,.company vs .group,1998,639,3510,44,38,0.136,3,3,0.126,0.113,/vs/group-vs-agency,0.118,0.123,0.286,0.132
vs,zh,/vs/company-vs-group,.company vs .group,2437,1070,1602,48,40,0.167,3,3,0.182,0.17,/vs/gmbh-vs-company,0.143,0.161,0.27,0.147
vs,en,/vs/computer-vs-tech,.computer vs .tech,2025,659,3782,54,43,0.204,3,3,0.11,0.103,/vs/cloud-vs-tech,0.116,0.142,0.25,0.233
vs,zh,/vs/computer-vs-tech,.computer vs .tech,2502,1125,1687,54,43,0.204,3,3,0.13,0.121,/vs/technology-vs-tech,0.151,0.174,0.25,0.25
vs,en,/vs/condos-vs-apartments,.condos vs .apartments,2191,841,4981,56,44,0.214,3,3,0.124,0.105,/vs/hospital-vs-clinic,0.095,0.123,0.244,0.182
vs,zh,/vs/condos-vs-apartments,.condos vs .apartments,2760,1402,2254,58,45,0.224,3,3,0.181,0.169,/vs/apartments-vs-rentals,0.123,0.181,0.238,0.212
vs,en,/vs/consulting-vs-expert,.consulting vs .expert,2034,673,3871,50,41,0.18,3,3,0.112,0.107,/vs/guru-vs-expert,0.119,0.146,0.263,0.171
vs,zh,/vs/consulting-vs-expert,.consulting vs .expert,2476,1105,1709,54,43,0.204,3,3,0.171,0.169,/vs/guru-vs-expert,0.146,0.186,0.25,0.148
vs,en,/vs/contractors-vs-construction,.contractors vs .construction,2161,810,4972,58,45,0.224,3,3,0.105,0.108,/vs/builders-vs-construction,0.1,0.12,0.238,0.133
vs,zh,/vs/contractors-vs-construction,.contractors vs .construction,2700,1331,2417,54,43,0.204,3,3,0.124,0.134,/vs/builders-vs-construction,0.125,0.169,0.25,0.121
vs,en,/vs/cooking-vs-recipes,.cooking vs .recipes,2104,757,4420,52,42,0.192,3,3,0.112,0.107,/vs/recipes-vs-menu,0.107,0.109,0.256,0.262
vs,zh,/vs/cooking-vs-recipes,.cooking vs .recipes,2566,1211,2020,54,43,0.204,3,3,0.169,0.151,/vs/recipes-vs-menu,0.126,0.183,0.25,0.118
vs,en,/vs/cool-vs-fun,.cool vs .fun,1918,550,3070,44,38,0.136,3,3,0.166,0.148,/vs/fun-vs-club,0.135,0.138,0.286,0.184
vs,zh,/vs/cool-vs-fun,.cool vs .fun,2299,916,1215,50,41,0.18,3,3,0.177,0.16,/vs/fun-vs-club,0.164,0.194,0.263,0.2
vs,en,/vs/courses-vs-academy,.courses vs .academy,2122,755,4431,60,46,0.233,3,3,0.136,0.128,/vs/study-vs-courses,0.109,0.126,0.233,0.244
vs,zh,/vs/courses-vs-academy,.courses vs .academy,2675,1297,1982,54,43,0.204,3,3,0.204,0.191,/vs/study-vs-courses,0.143,0.16,0.25,0.156
vs,en,/vs/credit-vs-finance,.credit vs .finance,1971,614,3431,49,40,0.184,3,3,0.119,0.109,/vs/fund-vs-finance,0.114,0.133,0.243,0.25
vs,zh,/vs/credit-vs-finance,.credit vs .finance,2409,1046,1634,49,40,0.184,3,3,0.178,0.166,/vs/fund-vs-finance,0.147,0.186,0.243,0.194
vs,en,/vs/cricket-vs-club,.cricket vs .club,2169,802,4549,52,42,0.192,3,3,0.187,0.159,/vs/golf-vs-club,0.1,0.132,0.256,0.238
vs,zh,/vs/cricket-vs-club,.cricket vs .club,2739,1356,1943,54,43,0.204,3,3,0.224,0.196,/vs/golf-vs-club,0.128,0.164,0.25,0.233
vs,en,/vs/cruises-vs-travel,.cruises vs .travel,2165,798,4782,54,43,0.204,3,3,0.134,0.127,/vs/travel-vs-tours,0.096,0.116,0.25,0.209
vs,zh,/vs/cruises-vs-travel,.cruises vs .travel,2705,1323,2036,54,43,0.204,3,3,0.171,0.159,/vs/travel-vs-tours,0.127,0.171,0.25,0.182
vs,en,/vs/cyou-vs-fun,.cyou vs .fun,2270,904,4616,54,43,0.204,3,3,0.153,0.137,/vs/quest-vs-fun,0.086,0.119,0.25,0.209
vs,zh,/vs/cyou-vs-fun,.cyou vs .fun,2837,1457,1991,56,44,0.214,3,3,0.188,0.171,/vs/quest-vs-fun,0.129,0.174,0.244,0.267
vs,en,/vs/cz-vs-pl,.cz vs .pl,2125,768,4304,55,43,0.218,3,3,0.266,0.285,/vs/ro-vs-pl,0.091,0.103,0.225,0.326
vs,zh,/vs/cz-vs-pl,.cz vs .pl,2607,1244,1689,49,40,0.184,3,3,0.328,0.283,/vs/ro-vs-pl,0.118,0.164,0.243,0.308
vs,en,/vs/dad-vs-blog,.dad vs .blog,2078,722,3737,50,41,0.18,3,3,0.194,0.173,/vs/reviews-vs-blog,0.111,0.143,0.263,0.22
vs,zh,/vs/dad-vs-blog,.dad vs .blog,2473,1109,1657,52,42,0.192,3,3,0.265,0.243,/vs/reviews-vs-blog,0.137,0.177,0.256,0.226
vs,en,/vs/dance-vs-studio,.dance vs .studio,2087,721,3970,48,40,0.167,3,3,0.129,0.106,/vs/golf-vs-club,0.109,0.153,0.27,0.175
vs,zh,/vs/dance-vs-studio,.dance vs .studio,2587,1207,1690,50,41,0.18,3,3,0.156,0.142,/vs/golf-vs-club,0.142,0.183,0.263,0.212
vs,en,/vs/dating-vs-love,.dating vs .love,2193,837,4637,54,43,0.204,3,3,0.18,0.161,/vs/singles-vs-dating,0.094,0.12,0.25,0.279
vs,zh,/vs/dating-vs-love,.dating vs .love,2694,1329,2030,56,44,0.214,3,3,0.224,0.199,/vs/singles-vs-dating,0.129,0.173,0.244,0.206
vs,en,/vs/day-vs-life,.day vs .life,2249,886,4674,58,45,0.224,3,3,0.22,0.206,/vs/day-vs-today,0.093,0.126,0.238,0.178
vs,zh,/vs/day-vs-life,.day vs .life,2802,1427,2133,60,46,0.233,3,3,0.297,0.272,/vs/day-vs-today,0.116,0.169,0.233,0.2
vs,en,/vs/day-vs-today,.day vs .today,2174,829,4375,55,43,0.218,3,3,0.22,0.206,/vs/day-vs-life,0.085,0.134,0.225,0.233
vs,zh,/vs/day-vs-today,.day vs .today,2689,1338,2136,57,44,0.228,3,3,0.297,0.272,/vs/day-vs-life,0.113,0.181,0.22,0.207
vs,en,/vs/de-vs-com,.de vs .com,1988,623,3468,52,42,0.192,3,3,0.253,0.284,/vs/fr-vs-com,0.072,0.075,0.154,0.31
vs,zh,/vs/de-vs-com,.de vs .com,2457,1081,1498,52,42,0.192,3,3,0.416,0.349,/vs/uk-vs-com,0.139,0.17,0.256,0.292
vs,en,/vs/de-vs-eu,.de vs .eu,2140,780,4303,55,43,0.218,3,3,0.118,0.128,/vs/de-vs-com,0.062,0.081,0.2,0.419
vs,zh,/vs/de-vs-eu,.de vs .eu,2659,1293,1750,57,44,0.228,3,3,0.201,0.184,/vs/es-vs-eu,0.117,0.168,0.22,0.25
vs,en,/vs/deals-vs-coupons,.deals vs .coupons,2192,844,4657,56,44,0.214,3,3,0.133,0.115,/vs/bargains-vs-deals,0.092,0.103,0.244,0.295
vs,zh,/vs/deals-vs-coupons,.deals vs .coupons,2705,1349,2137,54,43,0.204,3,3,0.197,0.188,/vs/bargains-vs-deals,0.128,0.175,0.25,0.133
vs,en,/vs/degree-vs-education,.degree vs .education,2107,756,4567,56,44,0.214,3,3,0.105,0.096,/vs/university-vs-education,0.109,0.126,0.244,0.227
vs,zh,/vs/degree-vs-education,.degree vs .education,2619,1261,1987,54,43,0.204,3,3,0.143,0.141,/vs/university-vs-education,0.146,0.171,0.25,0.167
vs,en,/vs/delivery-vs-express,.delivery vs .express,2132,779,4492,54,43,0.204,3,3,0.17,0.173,/vs/express-vs-store,0.106,0.135,0.25,0.14
vs,zh,/vs/delivery-vs-express,.delivery vs .express,2598,1234,1967,52,42,0.192,3,3,0.201,0.181,/vs/express-vs-store,0.151,0.184,0.256,0.118
vs,en,/vs/dental-vs-doctor,.dental vs .doctor,1995,647,3855,49,40,0.184,3,3,0.122,0.112,/vs/care-vs-doctor,0.101,0.109,0.243,0.275
vs,zh,/vs/dental-vs-doctor,.dental vs .doctor,2448,1094,1547,51,41,0.196,3,3,0.254,0.242,/vs/care-vs-doctor,0.133,0.148,0.237,0.129
vs,en,/vs/dentist-vs-dental,.dentist vs .dental,2101,755,4365,54,43,0.204,3,3,0.083,0.085,/vs/dental-vs-doctor,0.103,0.108,0.25,0.256
vs,zh,/vs/dentist-vs-dental,.dentist vs .dental,2611,1256,1916,56,44,0.214,3,3,0.136,0.129,/vs/attorney-vs-lawyer,0.132,0.163,0.25,0.125
vs,en,/vs/dev-vs-tech,.dev vs .tech,1880,513,2847,46,39,0.152,3,3,0.136,0.119,/vs/app-vs-dev,0.151,0.161,0.278,0.128
vs,zh,/vs/dev-vs-tech,.dev vs .tech,2244,862,1221,50,41,0.18,3,3,0.184,0.162,/vs/com-vs-dev,0.168,0.179,0.263,0.125
vs,en,/vs/diamonds-vs-jewelry,.diamonds vs .jewelry,2109,764,4485,55,43,0.218,3,3,0.122,0.115,/vs/jewelry-vs-boutique,0.086,0.104,0.225,0.116
vs,zh,/vs/diamonds-vs-jewelry,.diamonds vs .jewelry,2615,1264,2058,55,43,0.218,3,3,0.159,0.151,/vs/jewelry-vs-boutique,0.114,0.171,0.225,0.118
vs,en,/vs/digital-vs-tech,.digital vs .tech,1899,533,3084,46,39,0.152,3,3,0.131,0.117,/vs/cloud-vs-tech,0.152,0.162,0.278,0.179
vs,zh,/vs/digital-vs-tech,.digital vs .tech,2253,876,1239,50,41,0.18,3,3,0.172,0.154,/vs/cloud-vs-tech,0.181,0.189,0.263,0.161
vs,en,/vs/discount-vs-sale,.discount vs .sale,2174,823,4700,54,43,0.204,3,3,0.13,0.118,/vs/cheap-vs-discount,0.097,0.113,0.25,0.233
vs,zh,/vs/discount-vs-sale,.discount vs .sale,2696,1337,2097,54,43,0.204,3,3,0.19,0.177,/vs/cheap-vs-discount,0.129,0.178,0.25,0.2
vs,en,/vs/dk-vs-se,.dk vs .se,2134,783,4281,57,44,0.228,3,3,0.155,0.16,/vs/fi-vs-se,0.084,0.095,0.195,0.318
vs,zh,/vs/dk-vs-se,.dk vs .se,2665,1308,1770,55,43,0.218,3,3,0.301,0.261,/vs/fi-vs-se,0.106,0.142,0.225,0.24
vs,en,/vs/dog-vs-pet,.dog vs .pet,2039,680,3421,48,40,0.167,3,3,0.104,0.094,/vs/health-vs-life,0.123,0.166,0.27,0.125
vs,zh,/vs/dog-vs-pet,.dog vs .pet,2432,1059,1449,50,41,0.18,3,3,0.159,0.135,/vs/pet-vs-shop,0.157,0.2,0.263,0.174
vs,en,/vs/domains-vs-tools,.domains vs .tools,2166,821,4772,57,44,0.228,3,3,0.098,0.08,/vs/actor-vs-studio,0.085,0.12,0.22,0.25
vs,zh,/vs/domains-vs-tools,.domains vs .tools,2709,1358,2068,57,44,0.228,3,3,0.135,0.106,/vs/graphics-vs-design,0.111,0.166,0.22,0.206
vs,en,/vs/earth-vs-world,.earth vs .world,2040,678,3932,50,41,0.18,3,3,0.133,0.114,/vs/eco-vs-earth,0.117,0.149,0.263,0.122
vs,zh,/vs/earth-vs-world,.earth vs .world,2447,1069,1583,50,41,0.18,3,3,0.169,0.16,/vs/eco-vs-earth,0.146,0.2,0.263,0.154
vs,en,/vs/eco-vs-earth,.eco vs .earth,2066,714,4183,48,40,0.167,3,3,0.154,0.134,/vs/green-vs-eco,0.105,0.136,0.27,0.175
vs,zh,/vs/eco-vs-earth,.eco vs .earth,2543,1178,1596,48,40,0.167,3,3,0.207,0.187,/vs/green-vs-eco,0.134,0.168,0.27,0.25
vs,en,/vs/education-vs-academy,.education vs .academy,2092,722,4159,54,43,0.204,3,3,0.117,0.106,/vs/academy-vs-school,0.112,0.137,0.25,0.14
vs,zh,/vs/education-vs-academy,.education vs .academy,2570,1188,1845,54,43,0.204,3,3,0.153,0.137,/vs/academy-vs-school,0.139,0.187,0.25,0.111
vs,en,/vs/ee-vs-fi,.ee vs .fi,2098,747,4120,59,45,0.237,3,3,0.245,0.251,/vs/lt-vs-ee,0.076,0.086,0.19,0.267
vs,zh,/vs/ee-vs-fi,.ee vs .fi,2584,1227,1800,57,44,0.228,3,3,0.371,0.34,/vs/lt-vs-ee,0.107,0.126,0.22,0.333
vs,en,/vs/eg-vs-sa,.eg vs .sa,2064,716,3945,55,43,0.218,3,3,0.114,0.126,/vs/ma-vs-eg,0.092,0.104,0.225,0.14
vs,zh,/vs/eg-vs-sa,.eg vs .sa,2494,1140,1496,51,41,0.196,3,3,0.184,0.161,/vs/ma-vs-eg,0.121,0.154,0.237,0.16
vs,en,/vs/email-vs-cloud,.email vs .cloud,1859,505,2981,45,38,0.156,3,3,0.134,0.111,/vs/cloud-vs-tech,0.125,0.141,0.257,0.105
vs,zh,/vs/email-vs-cloud,.email vs .cloud,2270,910,1262,47,39,0.17,3,3,0.162,0.152,/vs/email-vs-net,0.143,0.156,0.25,0.111
vs,en,/vs/email-vs-net,.email vs .net,1907,551,3129,46,39,0.152,3,3,0.124,0.114,/vs/email-vs-cloud,0.143,0.143,0.278,0.128
vs,zh,/vs/email-vs-net,.email vs .net,2319,956,1393,50,41,0.18,3,3,0.162,0.152,/vs/email-vs-cloud,0.15,0.15,0.263,0.182
vs,en,/vs/energy-vs-solar,.energy vs .solar,2058,706,3931,48,40,0.167,3,3,0.106,0.094,/vs/apartments-vs-rentals,0.113,0.157,0.27,0.225
vs,zh,/vs/energy-vs-solar,.energy vs .solar,2478,1113,1655,50,41,0.18,3,3,0.134,0.126,/vs/lighting-vs-solar,0.148,0.186,0.263,0.167
vs,en,/vs/engineer-vs-engineering,.engineer vs .engineering,2116,766,4581,56,44,0.214,3,3,0.11,0.101,/vs/engineering-vs-tech,0.111,0.133,0.244,0.227
vs,zh,/vs/engineer-vs-engineering,.engineer vs .engineering,2642,1283,2167,56,44,0.214,3,3,0.139,0.136,/vs/engineering-vs-tech,0.133,0.177,0.244,0.132
vs,en,/vs/engineering-vs-dev,.engineering vs .dev,2077,710,4129,50,41,0.18,3,3,0.142,0.136,/vs/engineering-vs-tech,0.111,0.156,0.263,0.122
vs,zh,/vs/engineering-vs-dev,.engineering vs .dev,2476,1093,1850,52,42,0.192,3,3,0.181,0.184,/vs/engineering-vs-tech,0.135,0.168,0.256,0.129
vs,en,/vs/engineering-vs-tech,.engineering vs .tech,2068,700,4060,48,40,0.167,3,3,0.142,0.136,/vs/engineering-vs-dev,0.118,0.165,0.27,0.15
vs,zh,/vs/engineering-vs-tech,.engineering vs .tech,2494,1112,1701,50,41,0.18,3,3,0.181,0.184,/vs/engineering-vs-dev,0.144,0.183,0.263,0.133
vs,en,/vs/equipment-vs-rentals,.equipment vs .rentals,2203,841,4986,60,46,0.233,3,3,0.119,0.103,/vs/management-vs-consulting,0.096,0.12,0.233,0.13
vs,zh,/vs/equipment-vs-rentals,.equipment vs .rentals,2778,1398,2331,56,44,0.214,3,3,0.166,0.161,/vs/management-vs-consulting,0.122,0.168,0.244,0.129
vs,en,/vs/es-vs-eu,.es vs .eu,2147,796,4472,49,39,0.204,3,3,0.203,0.28,/vs/pl-vs-eu,0.046,0.066,0.189,0.256
vs,zh,/vs/es-vs-eu,.es vs .eu,2697,1340,1753,53,41,0.226,3,3,0.358,0.311,/vs/pl-vs-eu,0.114,0.144,0.231,0.214
vs,en,/vs/estate-vs-land,.estate vs .land,1944,581,3411,50,41,0.18,3,3,0.158,0.148,/vs/mortgage-vs-estate,0.141,0.144,0.263,0.171
vs,zh,/vs/estate-vs-land,.estate vs .land,2357,983,1454,54,43,0.204,3,3,0.268,0.237,/vs/mortgage-vs-estate,0.172,0.191,0.25,0.188
vs,en,/vs/events-vs-live,.events vs .live,2016,649,3668,50,41,0.18,3,3,0.123,0.12,/vs/live-vs-tv,0.095,0.119,0.211,0.22
vs,zh,/vs/events-vs-live,.events vs .live,2486,1105,1504,52,42,0.192,3,3,0.163,0.147,/vs/party-vs-events,0.148,0.189,0.256,0.182
vs,en,/vs/expert-vs-pro,.expert vs .pro,1976,610,3334,42,37,0.119,3,3,0.137,0.128,/vs/pro-vs-vip,0.129,0.132,0.294,0.135
vs,zh,/vs/expert-vs-pro,.expert vs .pro,2366,984,1415,48,40,0.167,3,3,0.187,0.177,/vs/coach-vs-expert,0.165,0.184,0.27,0.121
vs,en,/vs/express-vs-store,.express vs .store,2051,682,3796,52,42,0.192,3,3,0.17,0.173,/vs/delivery-vs-express,0.12,0.144,0.256,0.262
vs,zh,/vs/express-vs-store,.express vs .store,2433,1049,1553,54,43,0.204,3,3,0.201,0.181,/vs/delivery-vs-express,0.172,0.186,0.25,0.138
vs,en,/vs/family-vs-com,.family vs .com,1978,611,3379,48,40,0.167,3,3,0.134,0.134,/vs/shop-vs-com,0.121,0.179,0.216,0.175
vs,zh,/vs/family-vs-com,.family vs .com,2404,1023,1437,50,41,0.18,3,3,0.174,0.165,/vs/shop-vs-com,0.164,0.195,0.263,0.16
vs,en,/vs/family-vs-life,.family vs .life,2116,748,4198,50,41,0.18,3,3,0.128,0.134,/vs/family-vs-com,0.107,0.153,0.263,0.122
vs,zh,/vs/family-vs-life,.family vs .life,2610,1228,1700,50,41,0.18,3,3,0.173,0.165,/vs/family-vs-com,0.139,0.174,0.263,0.16
vs,en,/vs/fan-vs-club,.fan vs .club,2184,817,4458,54,43,0.204,3,3,0.141,0.133,/vs/fans-vs-fan,0.099,0.141,0.25,0.14
vs,zh,/vs/fan-vs-club,.fan vs .club,2733,1349,1895,56,44,0.214,3,3,0.209,0.191,/vs/fans-vs-fan,0.132,0.199,0.244,0.286
vs,en,/vs/fans-vs-fan,.fans vs .fan,2343,994,5125,58,45,0.224,3,3,0.141,0.133,/vs/fan-vs-club,0.081,0.118,0.238,0.178
vs,zh,/vs/fans-vs-fan,.fans vs .fan,2940,1580,2178,60,46,0.233,3,3,0.209,0.191,/vs/fan-vs-club,0.111,0.163,0.233,0.243
vs,en,/vs/farm-vs-cafe,.farm vs .cafe,2045,676,3569,48,40,0.167,3,3,0.144,0.136,/vs/restaurant-vs-cafe,0.117,0.124,0.27,0.125
vs,zh,/vs/farm-vs-cafe,.farm vs .cafe,2435,1052,1480,54,43,0.204,3,3,0.215,0.197,/vs/coffee-vs-cafe,0.16,0.185,0.25,0.161
vs,en,/vs/fashion-vs-style,.fashion vs .style,2056,697,3960,56,44,0.214,3,3,0.184,0.165,/vs/shoes-vs-fashion,0.114,0.15,0.244,0.227
vs,zh,/vs/fashion-vs-style,.fashion vs .style,2550,1180,1788,56,44,0.214,3,3,0.2,0.189,/vs/shoes-vs-fashion,0.145,0.185,0.244,0.138
vs,en,/vs/fi-vs-se,.fi vs .se,2198,844,4559,57,44,0.228,3,3,0.155,0.16,/vs/dk-vs-se,0.064,0.073,0.171,0.295
vs,zh,/vs/fi-vs-se,.fi vs .se,2723,1363,1820,55,43,0.218,3,3,0.301,0.261,/vs/dk-vs-se,0.103,0.136,0.225,0.31
vs,en,/vs/finance-vs-com,.finance vs .com,1918,553,3079,42,37,0.119,3,3,0.137,0.131,/vs/shop-vs-com,0.132,0.135,0.235,0.216
vs,zh,/vs/finance-vs-com,.finance vs .com,2279,903,1286,48,40,0.167,3,3,0.189,0.175,/vs/fund-vs-finance,0.171,0.175,0.27,0.143
vs,en,/vs/fish-vs-fishing,.fish vs .fishing,2153,804,4714,56,44,0.214,3,3,0.208,0.188,/vs/fishing-vs-boats,0.098,0.136,0.244,0.136
vs,zh,/vs/fish-vs-fishing,.fish vs .fishing,2659,1299,2056,56,44,0.214,3,3,0.289,0.264,/vs/fishing-vs-boats,0.131,0.205,0.244,0.222
vs,en,/vs/fishing-vs-boats,.fishing vs .boats,2148,795,4555,56,44,0.214,3,3,0.208,0.188,/vs/fish-vs-fishing,0.098,0.111,0.244,0.182
vs,zh,/vs/fishing-vs-boats,.fishing vs .boats,2619,1254,2024,56,44,0.214,3,3,0.289,0.264,/vs/fish-vs-fishing,0.124,0.148,0.244,0.143
vs,en,/vs/fit-vs-fitness,.fit vs .fitness,2056,697,3718,48,40,0.167,3,3,0.117,0.117,/vs/fitness-vs-coach,0.106,0.152,0.27,0.125
vs,zh,/vs/fit-vs-fitness,.fit vs .fitness,2539,1165,1676,50,41,0.18,3,3,0.19,0.187,/vs/fitness-vs-coach,0.145,0.181,0.263,0.172
vs,en,/vs/fitness-vs-coach,.fitness vs .coach,2023,653,3585,52,42,0.192,3,3,0.223,0.193,/vs/academy-vs-coach,0.12,0.133,0.256,0.214
vs,zh,/vs/fitness-vs-coach,.fitness vs .coach,2419,1036,1581,54,43,0.204,3,3,0.298,0.275,/vs/academy-vs-coach,0.151,0.162,0.25,0.188
vs,en,/vs/flights-vs-travel,.flights vs .travel,2015,650,3806,48,40,0.167,3,3,0.168,0.151,/vs/travel-vs-tours,0.113,0.146,0.27,0.225
vs,zh,/vs/flights-vs-travel,.flights vs .travel,2506,1129,1657,50,41,0.18,3,3,0.221,0.197,/vs/travel-vs-tours,0.14,0.17,0.263,0.121
vs,en,/vs/florist-vs-garden,.florist vs .garden,2143,787,4390,56,44,0.214,3,3,0.132,0.118,/vs/flowers-vs-florist,0.105,0.124,0.244,0.227
vs,zh,/vs/florist-vs-garden,.florist vs .garden,2644,1276,1959,54,43,0.204,3,3,0.171,0.167,/vs/flowers-vs-florist,0.145,0.165,0.25,0.194
vs,en,/vs/flowers-vs-florist,.flowers vs .florist,2185,838,4971,54,43,0.204,3,3,0.132,0.118,/vs/florist-vs-garden,0.091,0.107,0.25,0.14
vs,zh,/vs/flowers-vs-florist,.flowers vs .florist,2714,1359,2270,56,44,0.214,3,3,0.171,0.167,/vs/florist-vs-garden,0.123,0.164,0.244,0.152
vs,en,/vs/fm-vs-tv,.fm vs .tv,1953,587,3193,48,40,0.167,3,3,0.153,0.139,/vs/band-vs-fm,0.126,0.126,0.27,0.125
vs,zh,/vs/fm-vs-tv,.fm vs .tv,2361,980,1306,48,40,0.167,3,3,0.186,0.168,/vs/band-vs-fm,0.142,0.145,0.27,0.182
vs,en,/vs/food-vs-restaurant,.food vs .restaurant,2141,776,4304,52,42,0.192,3,3,0.126,0.11,/vs/restaurant-vs-cafe,0.113,0.146,0.256,0.214
vs,zh,/vs/food-vs-restaurant,.food vs .restaurant,2607,1226,1971,54,43,0.204,3,3,0.147,0.141,/vs/menu-vs-restaurant,0.139,0.188,0.25,0.133
vs,en,/vs/football-vs-team,.football vs .team,2090,727,4000,48,40,0.167,3,3,0.237,0.194,/vs/hockey-vs-team,0.11,0.155,0.27,0.15
vs,zh,/vs/football-vs-team,.football vs .team,2605,1227,1752,50,41,0.18,3,3,0.31,0.267,/vs/hockey-vs-team,0.143,0.2,0.263,0.207
vs,en,/vs/forum-vs-community,.forum vs .community,2158,808,4707,56,44,0.214,3,3,0.116,0.111,/vs/church-vs-community,0.105,0.124,0.244,0.205
vs,zh,/vs/forum-vs-community,.forum vs .community,2676,1318,1990,54,43,0.204,3,3,0.18,0.173,/vs/church-vs-community,0.132,0.154,0.25,0.133
vs,en,/vs/foundation-vs-org,.foundation vs .org,2267,910,5507,54,43,0.204,3,3,0.144,0.136,/vs/net-vs-org,0.086,0.121,0.25,0.256
vs,zh,/vs/foundation-vs-org,.foundation vs .org,2841,1469,2296,58,45,0.224,3,3,0.141,0.125,/vs/com-vs-org,0.121,0.156,0.238,0.265
vs,en,/vs/fr-vs-com,.fr vs .com,2017,652,3652,50,41,0.18,3,3,0.298,0.284,/vs/uk-vs-com,0.11,0.124,0.211,0.317
vs,zh,/vs/fr-vs-com,.fr vs .com,2510,1134,1485,50,41,0.18,3,3,0.407,0.345,/vs/de-vs-com,0.144,0.177,0.263,0.304
vs,en,/vs/fun-vs-club,.fun vs .club,1756,389,2151,46,39,0.152,3,3,0.166,0.148,/vs/cool-vs-fun,0.182,0.186,0.278,0.256
vs,zh,/vs/fun-vs-club,.fun vs .club,2054,669,897,44,38,0.136,3,3,0.201,0.183,/vs/fun-vs-games,0.212,0.214,0.286,0.238
vs,en,/vs/fun-vs-games,.fun vs .games,1917,549,3203,46,39,0.152,3,3,0.164,0.148,/vs/fun-vs-club,0.132,0.141,0.278,0.154
vs,zh,/vs/fun-vs-games,.fun vs .games,2328,944,1237,48,40,0.167,3,3,0.201,0.183,/vs/fun-vs-club,0.165,0.187,0.27,0.138
vs,en,/vs/fund-vs-finance,.fund vs .finance,1927,567,3114,45,38,0.156,3,3,0.14,0.126,/vs/capital-vs-fund,0.117,0.138,0.257,0.263
vs,zh,/vs/fund-vs-finance,.fund vs .finance,2306,940,1392,47,39,0.17,3,3,0.189,0.175,/vs/finance-vs-com,0.147,0.169,0.25,0.323
vs,en,/vs/furniture-vs-boutique,.furniture vs .boutique,2211,853,5141,52,42,0.192,3,3,0.141,0.12,/vs/makeup-vs-boutique,0.096,0.105,0.256,0.19
vs,zh,/vs/furniture-vs-boutique,.furniture vs .boutique,2814,1444,2252,54,43,0.204,3,3,0.161,0.152,/vs/makeup-vs-boutique,0.125,0.162,0.25,0.189
vs,en,/vs/futbol-vs-soccer,.futbol vs .soccer,2237,885,5060,56,44,0.214,3,3,0.115,0.101,/vs/soccer-vs-football,0.085,0.114,0.244,0.114
vs,zh,/vs/futbol-vs-soccer,.futbol vs .soccer,2800,1435,2221,58,45,0.224,3,3,0.133,0.13,/vs/soccer-vs-football,0.11,0.153,0.238,0.103
vs,en,/vs/fyi-vs-info,.fyi vs .info,2041,683,3708,54,43,0.204,3,3,0.136,0.124,/vs/info-vs-net,0.108,0.125,0.25,0.093
vs,zh,/vs/fyi-vs-info,.fyi vs .info,2513,1144,1510,54,43,0.204,3,3,0.156,0.142,/vs/info-vs-com,0.139,0.158,0.25,0.138
vs,en,/vs/gallery-vs-art,.gallery vs .art,2012,648,3563,50,41,0.18,3,3,0.131,0.153,/vs/photos-vs-gallery,0.121,0.127,0.263,0.195
vs,zh,/vs/gallery-vs-art,.gallery vs .art,2437,1057,1503,52,42,0.192,3,3,0.211,0.191,/vs/photos-vs-gallery,0.15,0.156,0.256,0.194
vs,en,/vs/games-vs-gg,.games vs .gg,1901,535,2941,42,37,0.119,3,3,0.202,0.186,/vs/club-vs-gg,0.133,0.148,0.294,0.135
vs,zh,/vs/games-vs-gg,.games vs .gg,2264,881,1192,46,39,0.152,3,3,0.167,0.152,/vs/club-vs-gg,0.171,0.18,0.278,0.125
vs,en,/vs/garden-vs-farm,.garden vs .farm,2036,678,3793,54,43,0.204,3,3,0.12,0.114,/vs/farm-vs-cafe,0.113,0.141,0.25,0.279
vs,zh,/vs/garden-vs-farm,.garden vs .farm,2514,1142,1655,56,44,0.214,3,3,0.184,0.167,/vs/farm-vs-cafe,0.153,0.191,0.244,0.233
vs,en,/vs/ge-vs-tr,.ge vs .tr,2099,748,4084,55,43,0.218,3,3,0.129,0.123,/vs/kz-vs-tr,0.09,0.104,0.225,0.279
vs,zh,/vs/ge-vs-tr,.ge vs .tr,2589,1232,1625,51,41,0.196,3,3,0.213,0.196,/vs/kz-vs-tr,0.115,0.146,0.237,0.37
vs,en,/vs/gg-vs-tv,.gg vs .tv,1776,409,2237,42,37,0.119,3,3,0.213,0.185,/vs/club-vs-gg,0.163,0.163,0.294,0.216
vs,zh,/vs/gg-vs-tv,.gg vs .tv,2050,669,882,44,38,0.136,3,3,0.204,0.178,/vs/live-vs-tv,0.207,0.221,0.286,0.316
vs,en,/vs/gift-vs-gifts,.gift vs .gifts,2104,755,4093,52,42,0.192,3,3,0.085,0.107,/vs/gifts-vs-shop,0.1,0.123,0.256,0.119
vs,zh,/vs/gift-vs-gifts,.gift vs .gifts,2538,1178,1803,54,43,0.204,3,3,0.149,0.143,/vs/gifts-vs-shop,0.13,0.19,0.25,0.143
vs,en,/vs/gifts-vs-shop,.gifts vs .shop,2063,695,3753,48,40,0.167,3,3,0.118,0.107,/vs/promo-vs-shop,0.115,0.166,0.27,0.25
vs,zh,/vs/gifts-vs-shop,.gifts vs .shop,2462,1080,1521,50,41,0.18,3,3,0.2,0.172,/vs/promo-vs-shop,0.164,0.2,0.263,0.276
vs,en,/vs/glass-vs-art,.glass vs .art,2208,849,4673,60,46,0.233,3,3,0.128,0.111,/vs/art-vs-design,0.102,0.129,0.233,0.239
vs,zh,/vs/glass-vs-art,.glass vs .art,2835,1463,2037,58,45,0.224,3,3,0.175,0.165,/vs/gallery-vs-art,0.125,0.179,0.238,0.229
vs,en,/vs/global-vs-world,.global vs .world,1915,553,3229,44,38,0.136,3,3,0.099,0.102,/vs/city-vs-world,0.144,0.147,0.286,0.158
vs,zh,/vs/global-vs-world,.global vs .world,2328,952,1398,48,40,0.167,3,3,0.151,0.139,/vs/asia-vs-global,0.162,0.199,0.27,0.156
vs,en,/vs/gmbh-vs-company,.gmbh vs .company,2272,924,5046,58,45,0.224,3,3,0.11,0.1,/vs/company-vs-group,0.071,0.109,0.214,0.267
vs,zh,/vs/gmbh-vs-company,.gmbh vs .company,2844,1490,2270,59,45,0.237,3,3,0.182,0.17,/vs/company-vs-group,0.104,0.145,0.214,0.3
vs,en,/vs/gold-vs-vip,.gold vs .vip,1917,549,3097,44,38,0.136,3,3,0.177,0.162,/vs/vip-vs-club,0.136,0.139,0.286,0.132
vs,zh,/vs/gold-vs-vip,.gold vs .vip,2347,969,1282,51,42,0.176,3,3,0.193,0.18,/vs/red-vs-vip,0.153,0.176,0.256,0.167
vs,en,/vs/golf-vs-club,.golf vs .club,2084,719,3814,48,40,0.167,3,3,0.306,0.218,/vs/tennis-vs-club,0.112,0.151,0.27,0.175
vs,zh,/vs/golf-vs-club,.golf vs .club,2536,1157,1594,50,41,0.18,3,3,0.311,0.264,/vs/tennis-vs-club,0.154,0.191,0.263,0.154
vs,en,/vs/golf-vs-travel,.golf vs .travel,2080,715,3950,50,41,0.18,3,3,0.34,0.262,/vs/surf-vs-travel,0.109,0.153,0.263,0.171
vs,zh,/vs/golf-vs-travel,.golf vs .travel,2603,1226,1723,52,42,0.192,3,3,0.393,0.356,/vs/surf-vs-travel,0.141,0.175,0.256,0.148
vs,en,/vs/gr-vs-tr,.gr vs .tr,2163,812,4411,55,43,0.218,3,3,0.247,0.226,/vs/tr-vs-ae,0.084,0.095,0.225,0.372
vs,zh,/vs/gr-vs-tr,.gr vs .tr,2620,1263,1690,49,40,0.184,3,3,0.343,0.305,/vs/tr-vs-ae,0.112,0.148,0.243,0.36
vs,en,/vs/graphics-vs-design,.graphics vs .design,2197,845,4912,60,46,0.233,3,3,0.109,0.102,/vs/art-vs-design,0.104,0.134,0.233,0.196
vs,zh,/vs/graphics-vs-design,.graphics vs .design,2796,1430,2200,58,45,0.224,3,3,0.149,0.134,/vs/actor-vs-studio,0.124,0.174,0.238,0.231
vs,en,/vs/green-vs-eco,.green vs .eco,2045,691,4143,50,41,0.18,3,3,0.154,0.134,/vs/eco-vs-earth,0.111,0.161,0.263,0.171
vs,zh,/vs/green-vs-eco,.green vs .eco,2552,1182,1606,50,41,0.18,3,3,0.207,0.187,/vs/eco-vs-earth,0.135,0.177,0.263,0.226
vs,en,/vs/group-vs-agency,.group vs .agency,1918,554,3031,44,38,0.136,3,3,0.126,0.116,/vs/company-vs-group,0.136,0.136,0.286,0.211
vs,zh,/vs/group-vs-agency,.group vs .agency,2329,955,1335,50,41,0.18,3,3,0.157,0.145,/vs/services-vs-agency,0.159,0.173,0.263,0.138
vs,en,/vs/guide-vs-tips,.guide vs .tips,2036,686,3832,48,40,0.167,3,3,0.094,0.1,/vs/tips-vs-blog,0.096,0.14,0.243,0.175
vs,zh,/vs/guide-vs-tips,.guide vs .tips,2525,1164,1712,50,41,0.18,3,3,0.174,0.159,/vs/tips-vs-blog,0.139,0.191,0.263,0.24
vs,en,/vs/guru-vs-expert,.guru vs .expert,2008,652,3625,52,42,0.192,3,3,0.112,0.107,/vs/consulting-vs-expert,0.12,0.133,0.256,0.143
vs,zh,/vs/guru-vs-expert,.guru vs .expert,2417,1053,1504,52,42,0.192,3,3,0.171,0.169,/vs/consulting-vs-expert,0.152,0.191,0.256,0.148
vs,en,/vs/hair-vs-salon,.hair vs .salon,2118,763,4191,56,44,0.214,3,3,0.115,0.119,/vs/beauty-vs-salon,0.106,0.127,0.244,0.136
vs,zh,/vs/hair-vs-salon,.hair vs .salon,2607,1242,1804,54,43,0.204,3,3,0.172,0.135,/vs/makeup-vs-boutique,0.142,0.174,0.25,0.114
vs,en,/vs/health-vs-care,.health vs .care,2102,733,4165,48,40,0.167,3,3,0.165,0.149,/vs/health-vs-life,0.111,0.147,0.27,0.125
vs,zh,/vs/health-vs-care,.health vs .care,2639,1256,1731,50,41,0.18,3,3,0.186,0.179,/vs/health-vs-life,0.133,0.162,0.263,0.16
vs,en,/vs/health-vs-life,.health vs .life,2080,712,3894,50,41,0.18,3,3,0.165,0.149,/vs/health-vs-care,0.117,0.156,0.263,0.268
vs,zh,/vs/health-vs-life,.health vs .life,2599,1216,1694,50,41,0.18,3,3,0.186,0.179,/vs/health-vs-care,0.145,0.184,0.263,0.2
vs,en,/vs/healthcare-vs-health,.healthcare vs .health,2248,894,5362,64,48,0.25,3,3,0.11,0.103,/vs/health-vs-life,0.095,0.115,0.222,0.292
vs,zh,/vs/healthcare-vs-health,.healthcare vs .health,2912,1545,2347,60,46,0.233,3,3,0.161,0.152,/vs/health-vs-life,0.121,0.162,0.233,0.35
vs,en,/vs/help-vs-support,.help vs .support,2142,795,4223,52,42,0.192,3,3,0.105,0.12,/vs/support-vs-center,0.1,0.131,0.256,0.214
vs,zh,/vs/help-vs-support,.help vs .support,2606,1251,1821,54,43,0.204,3,3,0.166,0.151,/vs/support-vs-center,0.131,0.165,0.25,0.2
vs,en,/vs/hk-vs-sg,.hk vs .sg,2204,847,4843,47,39,0.17,3,3,0.154,0.137,/vs/tw-vs-hk,0.083,0.094,0.25,0.359
vs,zh,/vs/hk-vs-sg,.hk vs .sg,2709,1346,1749,53,42,0.208,3,3,0.228,0.206,/vs/sg-vs-asia,0.109,0.135,0.231,0.379
vs,en,/vs/hockey-vs-team,.hockey vs .team,2103,744,3902,48,40,0.167,3,3,0.237,0.194,/vs/football-vs-team,0.11,0.158,0.27,0.3
vs,zh,/vs/hockey-vs-team,.hockey vs .team,2598,1221,1670,50,41,0.18,3,3,0.31,0.267,/vs/football-vs-team,0.15,0.204,0.263,0.182
vs,en,/vs/holdings-vs-group,.holdings vs .group,2051,698,3998,52,42,0.192,3,3,0.118,0.109,/vs/group-vs-agency,0.108,0.12,0.256,0.119
vs,zh,/vs/holdings-vs-group,.holdings vs .group,2560,1199,1766,52,42,0.192,3,3,0.175,0.16,/vs/partners-vs-group,0.129,0.141,0.256,0.147
vs,en,/vs/homes-vs-house,.homes vs .house,2117,759,4446,58,45,0.224,3,3,0.118,0.104,/vs/apartments-vs-house,0.102,0.121,0.238,0.178
vs,zh,/vs/homes-vs-house,.homes vs .house,2620,1250,1920,54,43,0.204,3,3,0.137,0.138,/vs/apartments-vs-house,0.137,0.169,0.25,0.148
vs,en,/vs/horse-vs-pet,.horse vs .pet,2141,782,4288,52,42,0.192,3,3,0.095,0.086,/vs/vet-vs-pet,0.102,0.118,0.256,0.119
vs,zh,/vs/horse-vs-pet,.horse vs .pet,2559,1186,1724,54,43,0.204,3,3,0.137,0.127,/vs/food-vs-restaurant,0.137,0.188,0.25,0.148
vs,en,/vs/hospital-vs-clinic,.hospital vs .clinic,2234,880,5239,60,46,0.233,3,3,0.182,0.15,/vs/surgery-vs-clinic,0.095,0.123,0.233,0.174
vs,zh,/vs/hospital-vs-clinic,.hospital vs .clinic,2860,1494,2344,60,46,0.233,3,3,0.292,0.265,/vs/surgery-vs-clinic,0.118,0.176,0.233,0.125
vs,en,/vs/host-vs-cloud,.host vs .cloud,1925,574,3241,43,37,0.14,3,3,0.106,0.107,/vs/cloud-vs-tech,0.114,0.129,0.265,0.243
vs,zh,/vs/host-vs-cloud,.host vs .cloud,2291,934,1419,45,38,0.156,3,3,0.146,0.136,/vs/cloud-vs-online,0.146,0.171,0.257,0.267
vs,en,/vs/house-vs-estate,.house vs .estate,2137,770,4252,56,44,0.214,3,3,0.144,0.137,/vs/mortgage-vs-estate,0.104,0.134,0.244,0.227
vs,zh,/vs/house-vs-estate,.house vs .estate,2600,1222,1878,58,45,0.224,3,3,0.198,0.181,/vs/estate-vs-land,0.141,0.182,0.238,0.188
vs,en,/vs/house-vs-style,.house vs .style,2099,738,4251,54,43,0.204,3,3,0.127,0.126,/vs/fashion-vs-style,0.114,0.156,0.25,0.233
vs,zh,/vs/house-vs-style,.house vs .style,2533,1162,1842,56,44,0.214,3,3,0.194,0.189,/vs/fashion-vs-style,0.145,0.195,0.244,0.133
vs,en,/vs/hu-vs-cz,.hu vs .cz,2136,788,4546,57,44,0.228,3,3,0.243,0.217,/vs/sk-vs-cz,0.085,0.099,0.195,0.318
vs,zh,/vs/hu-vs-cz,.hu vs .cz,2686,1332,1722,51,41,0.196,3,3,0.308,0.264,/vs/sk-vs-cz,0.109,0.135,0.237,0.321
vs,en,/vs/icu-vs-xyz,.icu vs .xyz,1928,575,3067,44,38,0.136,3,3,0.116,0.118,/vs/xyz-vs-top,0.131,0.152,0.286,0.211
vs,zh,/vs/icu-vs-xyz,.icu vs .xyz,2312,952,1325,48,40,0.167,3,3,0.161,0.148,/vs/com-vs-xyz,0.159,0.174,0.27,0.143
vs,en,/vs/id-vs-me,.id vs .me,2193,829,4597,52,42,0.192,3,3,0.14,0.16,/vs/com-vs-me,0.05,0.052,0.179,0.238
vs,zh,/vs/id-vs-me,.id vs .me,2671,1293,1758,50,41,0.18,3,3,0.17,0.157,/vs/com-vs-me,0.127,0.158,0.263,0.2
vs,en,/vs/id-vs-sg,.id vs .sg,2160,800,4700,57,44,0.228,3,3,0.307,0.289,/vs/ph-vs-sg,0.066,0.071,0.195,0.25
vs,zh,/vs/id-vs-sg,.id vs .sg,2703,1337,1775,53,42,0.208,3,3,0.427,0.366,/vs/ph-vs-sg,0.111,0.157,0.231,0.276
vs,en,/vs/ie-vs-uk,.ie vs .uk,2145,797,4307,57,44,0.228,3,3,0.122,0.12,/vs/uk-vs-com,0.088,0.102,0.22,0.25
vs,zh,/vs/ie-vs-uk,.ie vs .uk,2648,1294,1718,53,42,0.208,3,3,0.186,0.162,/vs/uk-vs-com,0.11,0.151,0.231,0.276
vs,en,/vs/il-vs-com,.il vs .com,2094,729,4022,56,44,0.214,3,3,0.194,0.228,/vs/ng-vs-com,0.089,0.097,0.171,0.273
vs,zh,/vs/il-vs-com,.il vs .com,2564,1188,1634,56,44,0.214,3,3,0.368,0.304,/vs/ng-vs-com,0.128,0.157,0.244,0.344
vs,en,/vs/immo-vs-estate,.immo vs .estate,2218,856,4931,56,44,0.214,3,3,0.13,0.116,/vs/properties-vs-estate,0.092,0.125,0.244,0.205
vs,zh,/vs/immo-vs-estate,.immo vs .estate,2806,1435,2135,58,45,0.224,3,3,0.168,0.166,/vs/immobilien-vs-immo,0.117,0.18,0.238,0.125
vs,en,/vs/immobilien-vs-immo,.immobilien vs .immo,2256,911,5233,55,43,0.218,3,3,0.112,0.111,/vs/immo-vs-estate,0.071,0.088,0.225,0.186
vs,zh,/vs/immobilien-vs-immo,.immobilien vs .immo,2806,1455,2309,55,43,0.218,3,3,0.168,0.166,/vs/immo-vs-estate,0.099,0.144,0.225,0.156
vs,en,/vs/in-vs-com,.in vs .com,1756,391,2209,44,38,0.136,3,3,0.108,0.137,/vs/pk-vs-in,0.093,0.097,0.143,0.158
vs,zh,/vs/in-vs-com,.in vs .com,2097,721,961,44,38,0.136,3,3,0.192,0.171,/vs/us-vs-com,0.197,0.205,0.286,0.182
vs,en,/vs/info-vs-com,.info vs .com,2057,691,3630,44,38,0.136,3,3,0.132,0.125,/vs/info-vs-net,0.1,0.103,0.229,0.132
vs,zh,/vs/info-vs-com,.info vs .com,2459,1079,1393,48,40,0.167,3,3,0.178,0.166,/vs/wiki-vs-info,0.153,0.168,0.27,0.16
vs,en,/vs/info-vs-net,.info vs .net,1904,541,2973,42,37,0.119,3,3,0.16,0.156,/vs/info-vs-org,0.134,0.143,0.294,0.135
vs,zh,/vs/info-vs-net,.info vs .net,2317,944,1212,46,39,0.152,3,3,0.173,0.178,/vs/info-vs-org,0.162,0.17,0.278,0.138
vs,en,/vs/info-vs-org,.info vs .org,1805,442,2597,42,37,0.119,3,3,0.222,0.208,/vs/net-vs-org,0.149,0.152,0.294,0.27
vs,zh,/vs/info-vs-org,.info vs .org,2104,726,933,44,38,0.136,3,3,0.234,0.206,/vs/com-vs-org,0.196,0.198,0.286,0.222
vs,en,/vs/ink-vs-art,.ink vs .art,1972,606,3323,50,41,0.18,3,3,0.146,0.137,/vs/art-vs-design,0.132,0.141,0.263,0.268
vs,zh,/vs/ink-vs-art,.ink vs .art,2447,1067,1424,55,44,0.2,3,3,0.17,0.153,/vs/gallery-vs-art,0.153,0.167,0.244,0.2
vs,en,/vs/institute-vs-international,.institute vs .international,2124,780,4895,51,41,0.196,3,3,0.078,0.052,/vs/city-vs-world,0.092,0.129,0.237,0.415
vs,zh,/vs/institute-vs-international,.institute vs .international,2646,1294,2122,55,43,0.218,3,3,0.116,0.071,/vs/partners-vs-group,0.124,0.162,0.225,0.154
vs,en,/vs/investments-vs-fund,.investments vs .fund,2040,692,3764,51,41,0.196,3,3,0.121,0.116,/vs/fund-vs-finance,0.093,0.12,0.237,0.146
vs,zh,/vs/investments-vs-fund,.investments vs .fund,2485,1131,1792,51,41,0.196,3,3,0.21,0.192,/vs/capital-vs-fund,0.127,0.151,0.237,0.133
vs,en,/vs/io-vs-ai,.io vs .ai,1783,417,2077,40,36,0.1,3,3,0.199,0.202,/vs/com-vs-ai,0.105,0.105,0.242,0.139
vs,zh,/vs/io-vs-ai,.io vs .ai,2070,692,887,40,36,0.1,3,3,0.249,0.242,/vs/io-vs-tech,0.169,0.173,0.242,0.174
vs,en,/vs/io-vs-co,.io vs .co,1789,424,2193,44,38,0.136,3,3,0.177,0.208,/vs/com-vs-io,0.15,0.15,0.229,0.132
vs,zh,/vs/io-vs-co,.io vs .co,2105,726,986,42,37,0.119,3,3,0.281,0.25,/vs/com-vs-io,0.17,0.181,0.294,0.167
vs,en,/vs/io-vs-dev,.io vs .dev,1812,446,2423,44,38,0.136,3,3,0.158,0.181,/vs/com-vs-io,0.154,0.164,0.286,0.132
vs,zh,/vs/io-vs-dev,.io vs .dev,2132,754,989,44,38,0.136,3,3,0.243,0.212,/vs/com-vs-io,0.173,0.184,0.286,0.16
vs,en,/vs/io-vs-sh,.io vs .sh,2003,637,3335,44,38,0.136,3,3,0.138,0.172,/vs/sh-vs-dev,0.105,0.108,0.229,0.158
vs,zh,/vs/io-vs-sh,.io vs .sh,2428,1048,1487,46,39,0.152,3,3,0.216,0.202,/vs/io-vs-tech,0.133,0.144,0.278,0.138
vs,en,/vs/io-vs-tech,.io vs .tech,1793,427,2333,42,37,0.119,3,3,0.172,0.207,/vs/com-vs-io,0.161,0.171,0.294,0.135
vs,zh,/vs/io-vs-tech,.io vs .tech,2102,723,954,42,37,0.119,3,3,0.299,0.245,/vs/com-vs-io,0.184,0.202,0.294,0.174
vs,en,/vs/is-vs-fi,.is vs .fi,2089,741,4045,59,45,0.237,3,3,0.114,0.197,/vs/ee-vs-fi,0.065,0.067,0.143,0.222
vs,zh,/vs/is-vs-fi,.is vs .fi,2561,1207,1652,53,42,0.208,3,3,0.233,0.215,/vs/ee-vs-fi,0.117,0.145,0.231,0.241
vs,en,/vs/it-vs-de,.it vs .de,2066,709,3959,53,42,0.208,3,3,0.14,0.165,/vs/nl-vs-de,0.049,0.067,0.205,0.333
vs,zh,/vs/it-vs-de,.it vs .de,2597,1234,1772,55,43,0.218,3,3,0.245,0.227,/vs/nl-vs-de,0.115,0.158,0.225,0.345
vs,en,/vs/jewelry-vs-boutique,.jewelry vs .boutique,2142,781,4333,56,44,0.214,3,3,0.122,0.115,/vs/diamonds-vs-jewelry,0.107,0.118,0.244,0.182
vs,zh,/vs/jewelry-vs-boutique,.jewelry vs .boutique,2644,1271,1945,54,43,0.204,3,3,0.159,0.151,/vs/diamonds-vs-jewelry,0.144,0.17,0.25,0.152
vs,en,/vs/jp-vs-cn,.jp vs .cn,2182,823,4457,50,41,0.18,3,3,0.146,0.145,/vs/com-vs-cn,0.1,0.102,0.263,0.317
vs,zh,/vs/jp-vs-cn,.jp vs .cn,2742,1370,1761,54,43,0.204,3,3,0.189,0.168,/vs/com-vs-cn,0.124,0.156,0.25,0.385
vs,en,/vs/kaufen-vs-shop,.kaufen vs .shop,2318,952,5301,60,46,0.233,3,3,0.274,0.243,/vs/tienda-vs-shop,0.088,0.104,0.233,0.261
vs,zh,/vs/kaufen-vs-shop,.kaufen vs .shop,2880,1502,2149,58,45,0.224,3,3,0.364,0.314,/vs/tienda-vs-shop,0.124,0.155,0.238,0.242
vs,en,/vs/ke-vs-ng,.ke vs .ng,2025,677,3844,53,42,0.208,3,3,0.256,0.243,/vs/za-vs-ng,0.107,0.121,0.231,0.143
vs,zh,/vs/ke-vs-ng,.ke vs .ng,2444,1090,1509,49,40,0.184,3,3,0.32,0.291,/vs/za-vs-ng,0.136,0.16,0.243,0.214
vs,en,/vs/kids-vs-baby,.kids vs .baby,2300,943,5277,58,45,0.224,3,3,0.297,0.266,/vs/kids-vs-family,0.084,0.121,0.238,0.311
vs,zh,/vs/kids-vs-baby,.kids vs .baby,2943,1574,2173,60,46,0.233,3,3,0.356,0.332,/vs/kids-vs-family,0.116,0.152,0.233,0.226
vs,en,/vs/kids-vs-family,.kids vs .family,2245,886,5038,56,44,0.214,3,3,0.297,0.266,/vs/kids-vs-baby,0.094,0.152,0.244,0.295
vs,zh,/vs/kids-vs-family,.kids vs .family,2871,1499,2212,58,45,0.224,3,3,0.356,0.332,/vs/kids-vs-baby,0.122,0.178,0.238,0.161
vs,en,/vs/kitchen-vs-restaurant,.kitchen vs .restaurant,2054,685,3805,54,43,0.204,3,3,0.138,0.13,/vs/restaurant-vs-bar,0.113,0.136,0.25,0.349
vs,zh,/vs/kitchen-vs-restaurant,.kitchen vs .restaurant,2466,1086,1666,56,44,0.214,3,3,0.2,0.185,/vs/restaurant-vs-cafe,0.161,0.199,0.244,0.207
vs,en,/vs/kr-vs-jp,.kr vs .jp,2082,737,4077,55,42,0.236,3,3,0.096,0.092,/vs/jp-vs-cn,0.093,0.103,0.225,0.405
vs,zh,/vs/kr-vs-jp,.kr vs .jp,2525,1174,1670,55,42,0.236,3,3,0.157,0.143,/vs/jp-vs-cn,0.118,0.15,0.225,0.304
vs,en,/vs/kz-vs-tr,.kz vs .tr,2103,752,4032,55,43,0.218,3,3,0.149,0.149,/vs/gr-vs-tr,0.09,0.107,0.225,0.279
vs,zh,/vs/kz-vs-tr,.kz vs .tr,2553,1196,1580,51,41,0.196,3,3,0.213,0.203,/vs/ge-vs-tr,0.116,0.147,0.237,0.333
vs,en,/vs/land-vs-com,.land vs .com,1882,516,2832,46,39,0.152,3,3,0.137,0.128,/vs/page-vs-com,0.137,0.14,0.222,0.205
vs,zh,/vs/land-vs-com,.land vs .com,2242,863,1245,46,39,0.152,3,3,0.178,0.154,/vs/com-vs-xyz,0.181,0.202,0.278,0.138
vs,en,/vs/law-vs-expert,.law vs .expert,2206,839,4637,54,43,0.204,3,3,0.14,0.166,/vs/law-vs-pro,0.097,0.127,0.25,0.163
vs,zh,/vs/law-vs-expert,.law vs .expert,2715,1334,1964,56,44,0.214,3,3,0.251,0.238,/vs/law-vs-pro,0.126,0.164,0.244,0.133
vs,en,/vs/law-vs-pro,.law vs .pro,2067,703,3844,52,42,0.192,3,3,0.14,0.166,/vs/law-vs-expert,0.107,0.127,0.256,0.214
vs,zh,/vs/law-vs-pro,.law vs .pro,2562,1180,1594,52,42,0.192,3,3,0.251,0.238,/vs/law-vs-expert,0.138,0.155,0.256,0.185
vs,en,/vs/lawyer-vs-legal,.lawyer vs .legal,2113,762,4269,53,42,0.208,3,3,0.134,0.131,/vs/legal-vs-law,0.098,0.113,0.231,0.19
vs,zh,/vs/lawyer-vs-legal,.lawyer vs .legal,2610,1253,1926,51,41,0.196,3,3,0.221,0.215,/vs/legal-vs-law,0.13,0.151,0.237,0.143
vs,en,/vs/legal-vs-law,.legal vs .law,2164,808,4426,52,42,0.192,3,3,0.134,0.148,/vs/lawyer-vs-legal,0.104,0.123,0.256,0.19
vs,zh,/vs/legal-vs-law,.legal vs .law,2674,1306,1922,52,42,0.192,3,3,0.221,0.215,/vs/lawyer-vs-legal,0.13,0.151,0.256,0.143
vs,en,/vs/life-vs-live,.life vs .live,1904,536,2992,44,38,0.136,3,3,0.155,0.137,/vs/live-vs-tv,0.117,0.117,0.229,0.184
vs,zh,/vs/life-vs-live,.life vs .live,2315,934,1307,48,40,0.167,3,3,0.185,0.177,/vs/life-vs-me,0.162,0.183,0.27,0.147
vs,en,/vs/life-vs-me,.life vs .me,1941,574,3124,46,39,0.152,3,3,0.2,0.195,/vs/com-vs-me,0.107,0.11,0.222,0.128
vs,zh,/vs/life-vs-me,.life vs .me,2288,908,1378,48,40,0.167,3,3,0.203,0.181,/vs/me-vs-io,0.149,0.159,0.27,0.143
vs,en,/vs/lighting-vs-garden,.lighting vs .garden,2193,835,4868,54,43,0.204,3,3,0.173,0.158,/vs/lighting-vs-solar,0.104,0.118,0.25,0.186
vs,zh,/vs/lighting-vs-garden,.lighting vs .garden,2763,1389,2220,54,43,0.204,3,3,0.223,0.211,/vs/lighting-vs-solar,0.128,0.162,0.25,0.129
vs,en,/vs/lighting-vs-solar,.lighting vs .solar,2175,825,4615,54,43,0.204,3,3,0.173,0.158,/vs/lighting-vs-garden,0.101,0.11,0.25,0.116
vs,zh,/vs/lighting-vs-solar,.lighting vs .solar,2731,1371,2168,54,43,0.204,3,3,0.223,0.211,/vs/lighting-vs-garden,0.125,0.159,0.25,0.133
vs,en,/vs/limited-vs-ltd,.limited vs .ltd,2147,791,4379,56,44,0.214,3,3,0.112,0.107,/vs/ltd-vs-llc,0.101,0.117,0.244,0.114
vs,zh,/vs/limited-vs-ltd,.limited vs .ltd,2693,1325,1947,56,44,0.214,3,3,0.151,0.139,/vs/ltd-vs-llc,0.127,0.173,0.244,0.118
vs,en,/vs/limo-vs-taxi,.limo vs .taxi,2178,831,4641,54,43,0.204,3,3,0.137,0.122,/vs/taxi-vs-city,0.093,0.11,0.25,0.116
vs,zh,/vs/limo-vs-taxi,.limo vs .taxi,2680,1325,2015,56,44,0.214,3,3,0.156,0.141,/vs/taxi-vs-city,0.127,0.175,0.244,0.143
vs,en,/vs/link-vs-cc,.link vs .cc,1773,420,2265,42,37,0.119,3,3,0.166,0.149,/vs/cc-vs-tv,0.162,0.162,0.294,0.135
vs,zh,/vs/link-vs-cc,.link vs .cc,2044,682,949,42,37,0.119,3,3,0.193,0.163,/vs/cc-vs-tv,0.195,0.204,0.294,0.211
vs,en,/vs/live-vs-online,.live vs .online,1803,435,2351,42,37,0.119,3,3,0.157,0.154,/vs/live-vs-tv,0.139,0.142,0.235,0.189
vs,zh,/vs/live-vs-online,.live vs .online,2071,690,974,44,38,0.136,3,3,0.208,0.194,/vs/live-vs-tv,0.206,0.226,0.286,0.16
vs,en,/vs/live-vs-tv,.live vs .tv,1752,385,2164,44,38,0.136,3,3,0.157,0.152,/vs/live-vs-online,0.149,0.149,0.229,0.184
vs,zh,/vs/live-vs-tv,.live vs .tv,2086,707,932,46,39,0.152,3,3,0.208,0.194,/vs/live-vs-online,0.196,0.206,0.278,0.174
vs,en,/vs/lk-vs-my,.lk vs .my,2094,749,4021,55,43,0.218,3,3,0.092,0.082,/vs/ge-vs-tr,0.085,0.1,0.2,0.279
vs,zh,/vs/lk-vs-my,.lk vs .my,2537,1186,1579,51,41,0.196,3,3,0.144,0.118,/vs/ge-vs-tr,0.122,0.153,0.237,0.276
vs,en,/vs/loans-vs-money,.loans vs .money,1985,637,3552,49,40,0.184,3,3,0.137,0.135,/vs/cash-vs-money,0.098,0.127,0.243,0.1
vs,zh,/vs/loans-vs-money,.loans vs .money,2434,1080,1606,49,40,0.184,3,3,0.175,0.16,/vs/money-vs-finance,0.127,0.15,0.243,0.138
vs,en,/vs/lol-vs-gg,.lol vs .gg,2036,673,3314,46,39,0.152,3,3,0.169,0.156,/vs/gg-vs-tv,0.114,0.122,0.278,0.231
vs,zh,/vs/lol-vs-gg,.lol vs .gg,2396,1020,1398,50,41,0.18,3,3,0.159,0.137,/vs/meme-vs-lol,0.156,0.169,0.263,0.174
vs,en,/vs/london-vs-uk,.london vs .uk,2277,926,5080,57,44,0.228,3,3,0.142,0.127,/vs/tokyo-vs-asia,0.08,0.12,0.22,0.227
vs,zh,/vs/london-vs-uk,.london vs .uk,2898,1541,2245,59,45,0.237,3,3,0.212,0.189,/vs/uk-vs-com,0.105,0.156,0.214,0.257
vs,en,/vs/love-vs-me,.love vs .me,2158,790,4202,50,41,0.18,3,3,0.17,0.165,/vs/com-vs-me,0.082,0.097,0.211,0.122
vs,zh,/vs/love-vs-me,.love vs .me,2568,1187,1719,52,42,0.192,3,3,0.21,0.201,/vs/wedding-vs-love,0.136,0.146,0.256,0.143
vs,en,/vs/lt-vs-ee,.lt vs .ee,2071,723,4048,57,43,0.246,3,3,0.245,0.251,/vs/ee-vs-fi,0.097,0.11,0.22,0.256
vs,zh,/vs/lt-vs-ee,.lt vs .ee,2597,1243,1748,53,41,0.226,3,3,0.371,0.34,/vs/ee-vs-fi,0.108,0.129,0.231,0.323
vs,en,/vs/lt-vs-lv,.lt vs .lv,2089,744,4109,53,42,0.208,3,3,0.158,0.156,/vs/lt-vs-ee,0.095,0.107,0.231,0.333
vs,zh,/vs/lt-vs-lv,.lt vs .lv,2641,1290,1697,51,41,0.196,3,3,0.247,0.229,/vs/lt-vs-ee,0.106,0.128,0.237,0.296
vs,en,/vs/ltd-vs-co,.ltd vs .co,2036,668,3590,54,43,0.204,3,3,0.113,0.125,/vs/pro-vs-co,0.106,0.127,0.2,0.14
vs,zh,/vs/ltd-vs-co,.ltd vs .co,2506,1122,1466,54,43,0.204,3,3,0.186,0.169,/vs/co-vs-me,0.145,0.158,0.25,0.179
vs,en,/vs/ltd-vs-llc,.ltd vs .llc,1995,641,3516,52,42,0.192,3,3,0.112,0.125,/vs/limited-vs-ltd,0.12,0.141,0.256,0.238
vs,zh,/vs/ltd-vs-llc,.ltd vs .llc,2420,1056,1369,54,43,0.204,3,3,0.182,0.169,/vs/ltd-vs-co,0.168,0.197,0.25,0.258
vs,en,/vs/luxury-vs-vip,.luxury vs .vip,2225,855,4713,54,43,0.204,3,3,0.135,0.126,/vs/vip-vs-club,0.095,0.101,0.25,0.256
vs,zh,/vs/luxury-vs-vip,.luxury vs .vip,2752,1369,1953,56,44,0.214,3,3,0.21,0.198,/vs/win-vs-vip,0.134,0.16,0.244,0.194
vs,en,/vs/ma-vs-eg,.ma vs .eg,2103,758,4067,59,45,0.237,3,3,0.114,0.126,/vs/eg-vs-sa,0.076,0.093,0.19,0.333
vs,zh,/vs/ma-vs-eg,.ma vs .eg,2611,1260,1587,53,42,0.208,3,3,0.184,0.161,/vs/eg-vs-sa,0.113,0.147,0.231,0.296
vs,en,/vs/makeup-vs-boutique,.makeup vs .boutique,2114,754,4441,54,43,0.204,3,3,0.141,0.12,/vs/furniture-vs-boutique,0.107,0.128,0.25,0.233
vs,zh,/vs/makeup-vs-boutique,.makeup vs .boutique,2644,1267,1927,54,43,0.204,3,3,0.172,0.152,/vs/hair-vs-salon,0.137,0.169,0.25,0.194
vs,en,/vs/management-vs-consulting,.management vs .consulting,2101,754,4854,56,44,0.214,3,3,0.119,0.105,/vs/equipment-vs-rentals,0.111,0.137,0.244,0.114
vs,zh,/vs/management-vs-consulting,.management vs .consulting,2647,1292,2218,54,43,0.204,3,3,0.166,0.133,/vs/equipment-vs-rentals,0.132,0.184,0.25,0.129
vs,en,/vs/market-vs-exchange,.market vs .exchange,2038,686,4003,50,41,0.18,3,3,0.111,0.099,/vs/auction-vs-market,0.117,0.154,0.263,0.366
vs,zh,/vs/market-vs-exchange,.market vs .exchange,2496,1133,1671,52,42,0.192,3,3,0.143,0.127,/vs/auction-vs-market,0.152,0.192,0.256,0.148
vs,en,/vs/marketing-vs-agency,.marketing vs .agency,2001,648,3620,52,42,0.192,3,3,0.191,0.169,/vs/services-vs-agency,0.123,0.148,0.256,0.143
vs,zh,/vs/marketing-vs-agency,.marketing vs .agency,2424,1063,1625,54,43,0.204,3,3,0.266,0.238,/vs/services-vs-agency,0.148,0.185,0.25,0.129
vs,en,/vs/mba-vs-school,.mba vs .school,2146,795,4374,56,44,0.214,3,3,0.122,0.119,/vs/academy-vs-school,0.111,0.126,0.244,0.227
vs,zh,/vs/mba-vs-school,.mba vs .school,2592,1229,1850,54,43,0.204,3,3,0.136,0.125,/vs/academy-vs-school,0.14,0.159,0.25,0.179
vs,en,/vs/me-vs-io,.me vs .io,1874,508,2638,42,37,0.119,3,3,0.192,0.193,/vs/life-vs-me,0.11,0.11,0.235,0.135
vs,zh,/vs/me-vs-io,.me vs .io,2136,755,1082,46,39,0.152,3,3,0.24,0.22,/vs/io-vs-ai,0.168,0.179,0.278,0.19
vs,en,/vs/media-vs-studio,.media vs .studio,1901,532,3058,48,40,0.167,3,3,0.148,0.141,/vs/news-vs-media,0.137,0.14,0.27,0.125
vs,zh,/vs/media-vs-studio,.media vs .studio,2295,914,1295,48,40,0.167,3,3,0.18,0.169,/vs/works-vs-studio,0.165,0.188,0.27,0.133
vs,en,/vs/media-vs-tv,.media vs .tv,1983,615,3374,42,37,0.119,3,3,0.127,0.12,/vs/news-vs-media,0.125,0.128,0.294,0.135
vs,zh,/vs/media-vs-tv,.media vs .tv,2384,1004,1314,46,39,0.152,3,3,0.174,0.158,/vs/gg-vs-tv,0.15,0.166,0.278,0.129
vs,en,/vs/meme-vs-fun,.meme vs .fun,2210,844,4669,56,44,0.214,3,3,0.17,0.156,/vs/moe-vs-fun,0.098,0.134,0.244,0.227
vs,zh,/vs/meme-vs-fun,.meme vs .fun,2819,1439,2018,58,45,0.224,3,3,0.248,0.23,/vs/meme-vs-lol,0.126,0.17,0.238,0.2
vs,en,/vs/meme-vs-lol,.meme vs .lol,2205,854,4429,55,43,0.218,3,3,0.159,0.156,/vs/meme-vs-fun,0.081,0.122,0.225,0.186
vs,zh,/vs/meme-vs-lol,.meme vs .lol,2727,1370,2000,57,44,0.228,3,3,0.248,0.23,/vs/meme-vs-fun,0.112,0.155,0.22,0.214
vs,en,/vs/menu-vs-cafe,.menu vs .cafe,2222,851,4372,54,43,0.204,3,3,0.286,0.287,/vs/menu-vs-restaurant,0.097,0.125,0.25,0.209
vs,zh,/vs/menu-vs-cafe,.menu vs .cafe,2688,1305,1870,56,44,0.214,3,3,0.404,0.355,/vs/menu-vs-restaurant,0.129,0.165,0.244,0.133
vs,en,/vs/menu-vs-restaurant,.menu vs .restaurant,2096,726,3906,52,42,0.192,3,3,0.286,0.287,/vs/menu-vs-cafe,0.111,0.144,0.256,0.214
vs,zh,/vs/menu-vs-restaurant,.menu vs .restaurant,2507,1125,1729,54,43,0.204,3,3,0.404,0.355,/vs/menu-vs-cafe,0.145,0.191,0.25,0.143
vs,en,/vs/miami-vs-nyc,.miami vs .nyc,2332,987,5438,58,45,0.224,3,3,0.167,0.187,/vs/nyc-vs-us,0.071,0.088,0.225,0.333
vs,zh,/vs/miami-vs-nyc,.miami vs .nyc,2986,1635,2300,57,44,0.228,3,3,0.234,0.223,/vs/nyc-vs-us,0.097,0.12,0.22,0.343
vs,en,/vs/mobi-vs-app,.mobi vs .app,2352,987,5250,56,44,0.214,3,3,0.115,0.104,/vs/app-vs-dev,0.083,0.114,0.244,0.205
vs,zh,/vs/mobi-vs-app,.mobi vs .app,2927,1550,2229,58,45,0.224,3,3,0.154,0.139,/vs/app-vs-site,0.115,0.162,0.238,0.211
vs,en,/vs/moda-vs-fashion,.moda vs .fashion,2205,851,4793,54,43,0.204,3,3,0.162,0.16,/vs/clothing-vs-fashion,0.091,0.107,0.25,0.14
vs,zh,/vs/moda-vs-fashion,.moda vs .fashion,2784,1421,2118,56,44,0.214,3,3,0.212,0.202,/vs/clothing-vs-fashion,0.111,0.15,0.244,0.167
vs,en,/vs/moe-vs-fun,.moe vs .fun,2009,643,3451,44,38,0.136,3,3,0.17,0.151,/vs/meme-vs-fun,0.116,0.127,0.286,0.316
vs,zh,/vs/moe-vs-fun,.moe vs .fun,2436,1056,1383,50,41,0.18,3,3,0.222,0.204,/vs/meme-vs-fun,0.15,0.174,0.263,0.261
vs,en,/vs/mom-vs-me,.mom vs .me,2073,709,3756,46,39,0.152,3,3,0.176,0.171,/vs/com-vs-me,0.091,0.13,0.222,0.205
vs,zh,/vs/mom-vs-me,.mom vs .me,2494,1116,1493,48,40,0.167,3,3,0.169,0.159,/vs/com-vs-me,0.141,0.177,0.27,0.174
vs,en,/vs/money-vs-finance,.money vs .finance,1884,524,3110,43,37,0.14,3,3,0.129,0.134,/vs/cash-vs-money,0.119,0.135,0.265,0.108
vs,zh,/vs/money-vs-finance,.money vs .finance,2270,904,1313,47,39,0.17,3,3,0.175,0.158,/vs/loans-vs-money,0.146,0.159,0.25,0.125
vs,en,/vs/monster-vs-games,.monster vs .games,2227,865,4903,54,43,0.204,3,3,0.112,0.117,/vs/quest-vs-games,0.094,0.132,0.25,0.256
vs,zh,/vs/monster-vs-games,.monster vs .games,2843,1468,2139,56,44,0.214,3,3,0.163,0.162,/vs/quest-vs-games,0.13,0.167,0.244,0.242
vs,en,/vs/mortgage-vs-estate,.mortgage vs .estate,2018,659,3799,50,41,0.18,3,3,0.158,0.148,/vs/estate-vs-land,0.115,0.133,0.263,0.22
vs,zh,/vs/mortgage-vs-estate,.mortgage vs .estate,2490,1122,1783,52,42,0.192,3,3,0.268,0.237,/vs/estate-vs-land,0.152,0.177,0.256,0.118
vs,en,/vs/movie-vs-tv,.movie vs .tv,2124,758,4110,56,44,0.214,3,3,0.114,0.109,/vs/gg-vs-tv,0.105,0.112,0.244,0.136
vs,zh,/vs/movie-vs-tv,.movie vs .tv,2614,1232,1685,56,44,0.214,3,3,0.157,0.139,/vs/gg-vs-tv,0.13,0.141,0.244,0.156
vs,en,/vs/mx-vs-es,.mx vs .es,2165,814,4497,55,43,0.218,3,3,0.101,0.141,/vs/es-vs-eu,0.047,0.067,0.175,0.233
vs,zh,/vs/mx-vs-es,.mx vs .es,2678,1321,1748,53,42,0.208,3,3,0.232,0.201,/vs/br-vs-mx,0.116,0.158,0.231,0.3
vs,en,/vs/my-vs-sg,.my vs .sg,2127,770,4488,59,45,0.237,3,3,0.128,0.111,/vs/ph-vs-sg,0.089,0.104,0.214,0.311
vs,zh,/vs/my-vs-sg,.my vs .sg,2704,1341,1714,53,42,0.208,3,3,0.246,0.216,/vs/ph-vs-sg,0.11,0.143,0.231,0.375
vs,en,/vs/net-vs-org,.net vs .org,1776,411,2367,40,35,0.125,3,3,0.222,0.203,/vs/info-vs-org,0.165,0.177,0.303,0.114
vs,zh,/vs/net-vs-org,.net vs .org,2051,670,880,42,36,0.143,3,3,0.218,0.192,/vs/info-vs-org,0.205,0.214,0.294,0.12
vs,en,/vs/network-vs-tech,.network vs .tech,1961,593,3389,48,40,0.167,3,3,0.126,0.138,/vs/cloud-vs-tech,0.136,0.145,0.27,0.125
vs,zh,/vs/network-vs-tech,.network vs .tech,2363,980,1446,51,42,0.176,3,3,0.169,0.165,/vs/systems-vs-network,0.151,0.166,0.256,0.143
vs,en,/vs/news-vs-media,.news vs .media,1953,588,3330,46,39,0.152,3,3,0.148,0.141,/vs/media-vs-studio,0.133,0.139,0.278,0.128
vs,zh,/vs/news-vs-media,.news vs .media,2383,1001,1452,48,40,0.167,3,3,0.169,0.15,/vs/media-vs-studio,0.154,0.184,0.27,0.2
vs,en,/vs/ng-vs-com,.ng vs .com,2106,741,4088,56,44,0.214,3,3,0.194,0.228,/vs/il-vs-com,0.094,0.102,0.171,0.182
vs,zh,/vs/ng-vs-com,.ng vs .com,2616,1240,1654,52,42,0.192,3,3,0.368,0.304,/vs/il-vs-com,0.127,0.148,0.256,0.269
vs,en,/vs/ninja-vs-dev,.ninja vs .dev,1915,550,3051,44,38,0.136,3,3,0.155,0.142,/vs/app-vs-dev,0.139,0.157,0.286,0.132
vs,zh,/vs/ninja-vs-dev,.ninja vs .dev,2253,875,1313,46,39,0.152,3,3,0.179,0.158,/vs/com-vs-dev,0.165,0.182,0.278,0.148
vs,en,/vs/nl-vs-de,.nl vs .de,2107,747,4120,55,43,0.218,3,3,0.174,0.209,/vs/ch-vs-de,0.066,0.076,0.2,0.349
vs,zh,/vs/nl-vs-de,.nl vs .de,2608,1242,1658,55,43,0.218,3,3,0.293,0.268,/vs/be-vs-nl,0.121,0.158,0.225,0.357
vs,en,/vs/no-vs-dk,.no vs .dk,2136,791,4397,55,43,0.218,3,3,0.14,0.147,/vs/dk-vs-se,0.078,0.09,0.2,0.349
vs,zh,/vs/no-vs-dk,.no vs .dk,2690,1339,1746,51,41,0.196,3,3,0.264,0.231,/vs/dk-vs-se,0.107,0.144,0.237,0.32
vs,en,/vs/nyc-vs-us,.nyc vs .us,2296,945,4918,58,45,0.224,3,3,0.167,0.187,/vs/miami-vs-nyc,0.074,0.109,0.214,0.333
vs,zh,/vs/nyc-vs-us,.nyc vs .us,2898,1541,2062,59,45,0.237,3,3,0.234,0.223,/vs/miami-vs-nyc,0.103,0.147,0.214,0.367
vs,en,/vs/nz-vs-au,.nz vs .au,2072,727,4164,59,45,0.237,3,3,0.132,0.135,/vs/au-vs-com,0.097,0.109,0.214,0.222
vs,zh,/vs/nz-vs-au,.nz vs .au,2657,1306,1710,55,43,0.218,3,3,0.237,0.212,/vs/au-vs-com,0.112,0.148,0.225,0.242
vs,en,/vs/one-vs-me,.one vs .me,1993,629,3278,44,38,0.136,3,3,0.186,0.183,/vs/life-vs-me,0.095,0.098,0.229,0.132
vs,zh,/vs/one-vs-me,.one vs .me,2313,935,1345,44,38,0.136,3,3,0.18,0.165,/vs/com-vs-me,0.149,0.165,0.286,0.16
vs,en,/vs/online-vs-site,.online vs .site,1785,418,2282,40,34,0.15,3,3,0.208,0.156,/vs/store-vs-online,0.176,0.18,0.345,0.147
vs,zh,/vs/online-vs-site,.online vs .site,2051,668,951,44,36,0.182,3,3,0.227,0.198,/vs/store-vs-online,0.223,0.245,0.323,0.148
vs,en,/vs/org-vs-co,.org vs .co,2006,642,3608,46,39,0.152,3,3,0.17,0.162,/vs/com-vs-org,0.108,0.11,0.222,0.154
vs,zh,/vs/org-vs-co,.org vs .co,2465,1083,1419,54,43,0.204,3,3,0.195,0.174,/vs/co-vs-me,0.134,0.141,0.25,0.154
vs,en,/vs/organic-vs-bio,.organic vs .bio,2207,860,4692,58,45,0.224,3,3,0.072,0.059,/vs/cloud-vs-tech,0.102,0.12,0.238,0.2
vs,zh,/vs/organic-vs-bio,.organic vs .bio,2831,1474,2193,59,46,0.22,3,3,0.158,0.157,/vs/bio-vs-me,0.116,0.16,0.233,0.139
vs,en,/vs/page-vs-com,.page vs .com,1977,612,3252,42,37,0.119,3,3,0.137,0.128,/vs/land-vs-com,0.118,0.124,0.235,0.216
vs,zh,/vs/page-vs-com,.page vs .com,2419,1043,1408,46,39,0.152,3,3,0.176,0.152,/vs/land-vs-com,0.152,0.175,0.278,0.16
vs,en,/vs/paris-vs-london,.paris vs .london,2224,879,5058,51,41,0.196,3,3,0.133,0.127,/vs/london-vs-uk,0.074,0.095,0.184,0.195
vs,zh,/vs/paris-vs-london,.paris vs .london,2824,1473,2109,55,43,0.218,3,3,0.198,0.185,/vs/london-vs-uk,0.105,0.135,0.225,0.152
vs,en,/vs/partners-vs-group,.partners vs .group,2106,750,4320,54,43,0.204,3,3,0.12,0.109,/vs/associates-vs-partners,0.105,0.135,0.25,0.14
vs,zh,/vs/partners-vs-group,.partners vs .group,2588,1224,1847,56,44,0.214,3,3,0.175,0.16,/vs/holdings-vs-group,0.133,0.174,0.244,0.188
vs,en,/vs/parts-vs-repair,.parts vs .repair,2210,852,4907,56,44,0.214,3,3,0.149,0.141,/vs/autos-vs-repair,0.099,0.122,0.244,0.159
vs,zh,/vs/parts-vs-repair,.parts vs .repair,2788,1418,2172,54,43,0.204,3,3,0.218,0.199,/vs/autos-vs-repair,0.116,0.159,0.25,0.118
vs,en,/vs/party-vs-events,.party vs .events,2143,790,4355,52,42,0.192,3,3,0.112,0.113,/vs/tickets-vs-events,0.1,0.122,0.256,0.119
vs,zh,/vs/party-vs-events,.party vs .events,2606,1240,1868,54,43,0.204,3,3,0.163,0.153,/vs/events-vs-live,0.129,0.17,0.25,0.148
vs,en,/vs/pe-vs-cl,.pe vs .cl,2045,697,3815,57,44,0.228,3,3,0.138,0.152,/vs/ar-vs-cl,0.1,0.121,0.22,0.25
vs,zh,/vs/pe-vs-cl,.pe vs .cl,2479,1125,1462,53,42,0.208,3,3,0.208,0.193,/vs/ar-vs-cl,0.13,0.159,0.231,0.192
vs,en,/vs/pet-vs-shop,.pet vs .shop,1983,615,3187,46,39,0.152,3,3,0.134,0.13,/vs/vet-vs-pet,0.13,0.142,0.278,0.128
vs,zh,/vs/pet-vs-shop,.pet vs .shop,2348,966,1284,50,41,0.18,3,3,0.191,0.171,/vs/vet-vs-pet,0.17,0.189,0.263,0.129
vs,en,/vs/ph-vs-sg,.ph vs .sg,2087,733,4429,57,44,0.228,3,3,0.307,0.289,/vs/id-vs-sg,0.092,0.107,0.22,0.25
vs,zh,/vs/ph-vs-sg,.ph vs .sg,2626,1266,1675,53,42,0.208,3,3,0.427,0.366,/vs/id-vs-sg,0.111,0.139,0.231,0.344
vs,en,/vs/photo-vs-photography,.photo vs .photography,2052,700,3887,50,41,0.18,3,3,0.107,0.109,/vs/tennis-vs-coach,0.109,0.153,0.263,0.122
vs,zh,/vs/photo-vs-photography,.photo vs .photography,2535,1173,1691,50,41,0.18,3,3,0.176,0.174,/vs/photography-vs-photos,0.142,0.184,0.263,0.143
vs,en,/vs/photography-vs-photos,.photography vs .photos,1987,624,3674,50,41,0.18,3,3,0.124,0.118,/vs/photos-vs-gallery,0.126,0.152,0.263,0.171
vs,zh,/vs/photography-vs-photos,.photography vs .photos,2400,1023,1574,54,43,0.204,3,3,0.176,0.174,/vs/photo-vs-photography,0.161,0.206,0.25,0.154
vs,en,/vs/photos-vs-gallery,.photos vs .gallery,2009,647,3766,52,42,0.192,3,3,0.131,0.153,/vs/gallery-vs-art,0.119,0.135,0.256,0.333
vs,zh,/vs/photos-vs-gallery,.photos vs .gallery,2475,1096,1587,54,43,0.204,3,3,0.211,0.191,/vs/gallery-vs-art,0.155,0.168,0.25,0.194
vs,en,/vs/pics-vs-photos,.pics vs .photos,2230,875,4801,54,43,0.204,3,3,0.11,0.1,/vs/photography-vs-photos,0.093,0.143,0.25,0.279
vs,zh,/vs/pics-vs-photos,.pics vs .photos,2802,1435,2179,56,44,0.214,3,3,0.15,0.149,/vs/photography-vs-photos,0.126,0.191,0.244,0.179
vs,en,/vs/pictures-vs-photos,.pictures vs .photos,2092,735,4222,56,44,0.214,3,3,0.109,0.103,/vs/photos-vs-gallery,0.105,0.126,0.244,0.182
vs,zh,/vs/pictures-vs-photos,.pictures vs .photos,2561,1189,1826,54,43,0.204,3,3,0.168,0.153,/vs/photos-vs-gallery,0.136,0.159,0.25,0.129
vs,en,/vs/pink-vs-me,.pink vs .me,1988,621,3205,42,37,0.119,3,3,0.242,0.256,/vs/co-vs-me,0.103,0.114,0.235,0.135
vs,zh,/vs/pink-vs-me,.pink vs .me,2310,928,1283,48,40,0.167,3,3,0.245,0.222,/vs/co-vs-me,0.162,0.179,0.27,0.214
vs,en,/vs/pizza-vs-com,.pizza vs .com,1912,545,2980,42,37,0.119,3,3,0.127,0.113,/vs/social-vs-com,0.122,0.125,0.235,0.135
vs,zh,/vs/pizza-vs-com,.pizza vs .com,2296,917,1230,46,39,0.152,3,3,0.162,0.142,/vs/shop-vs-com,0.164,0.173,0.278,0.129
vs,en,/vs/pk-vs-in,.pk vs .in,2061,716,4043,55,43,0.218,3,3,0.108,0.106,/vs/in-vs-com,0.062,0.076,0.175,0.256
vs,zh,/vs/pk-vs-in,.pk vs .in,2545,1194,1589,51,41,0.196,3,3,0.136,0.12,/vs/in-vs-com,0.113,0.135,0.237,0.3
vs,en,/vs/pl-vs-eu,.pl vs .eu,2146,789,4316,51,41,0.196,3,3,0.203,0.28,/vs/es-vs-eu,0.089,0.114,0.237,0.268
vs,zh,/vs/pl-vs-eu,.pl vs .eu,2618,1255,1678,55,43,0.218,3,3,0.358,0.311,/vs/es-vs-eu,0.121,0.156,0.225,0.207
vs,en,/vs/place-vs-space,.place vs .space,2231,881,4657,56,44,0.214,3,3,0.112,0.111,/vs/space-vs-site,0.094,0.131,0.244,0.227
vs,zh,/vs/place-vs-space,.place vs .space,2783,1419,2099,58,45,0.224,3,3,0.147,0.132,/vs/space-vs-site,0.122,0.176,0.238,0.229
vs,en,/vs/plumbing-vs-repair,.plumbing vs .repair,2169,813,4446,56,44,0.214,3,3,0.105,0.104,/vs/repair-vs-services,0.104,0.127,0.244,0.227
vs,zh,/vs/plumbing-vs-repair,.plumbing vs .repair,2614,1249,1927,54,43,0.204,3,3,0.146,0.143,/vs/autos-vs-repair,0.139,0.156,0.25,0.129
vs,en,/vs/plus-vs-vip,.plus vs .vip,2181,813,4272,54,43,0.204,3,3,0.139,0.126,/vs/vip-vs-club,0.096,0.12,0.25,0.116
vs,zh,/vs/plus-vs-vip,.plus vs .vip,2594,1216,1688,56,44,0.214,3,3,0.166,0.141,/vs/vip-vs-club,0.143,0.189,0.244,0.138
vs,en,/vs/poker-vs-games,.poker vs .games,2152,785,4336,54,43,0.204,3,3,0.153,0.143,/vs/bet-vs-poker,0.099,0.117,0.25,0.116
vs,zh,/vs/poker-vs-games,.poker vs .games,2691,1308,1881,56,44,0.214,3,3,0.22,0.199,/vs/bet-vs-poker,0.125,0.161,0.244,0.129
vs,en,/vs/press-vs-news,.press vs .news,2023,666,3812,58,45,0.224,3,3,0.107,0.094,/vs/news-vs-media,0.123,0.15,0.238,0.156
vs,zh,/vs/press-vs-news,.press vs .news,2421,1049,1521,54,43,0.204,3,3,0.136,0.121,/vs/news-vs-media,0.153,0.173,0.25,0.188
vs,en,/vs/pro-vs-co,.pro vs .co,1737,372,2079,40,36,0.1,3,3,0.142,0.151,/vs/pro-vs-vip,0.175,0.175,0.242,0.139
vs,zh,/vs/pro-vs-co,.pro vs .co,2069,687,927,42,37,0.119,3,3,0.277,0.244,/vs/co-vs-me,0.192,0.205,0.294,0.19
vs,en,/vs/pro-vs-vip,.pro vs .vip,1795,429,2411,48,40,0.167,3,3,0.202,0.179,/vs/vip-vs-club,0.165,0.168,0.27,0.125
vs,zh,/vs/pro-vs-vip,.pro vs .vip,2093,711,935,46,39,0.152,3,3,0.216,0.183,/vs/vip-vs-club,0.198,0.204,0.278,0.167
vs,en,/vs/productions-vs-studio,.productions vs .studio,2100,733,4112,58,45,0.224,3,3,0.12,0.111,/vs/studio-vs-design,0.106,0.125,0.238,0.2
vs,zh,/vs/productions-vs-studio,.productions vs .studio,2608,1227,1901,58,45,0.224,3,3,0.151,0.126,/vs/studio-vs-design,0.136,0.157,0.238,0.176
vs,en,/vs/promo-vs-shop,.promo vs .shop,2041,671,3569,54,43,0.204,3,3,0.118,0.106,/vs/gifts-vs-shop,0.118,0.144,0.25,0.279
vs,zh,/vs/promo-vs-shop,.promo vs .shop,2484,1099,1517,54,43,0.204,3,3,0.2,0.172,/vs/gifts-vs-shop,0.158,0.176,0.25,0.229
vs,en,/vs/properties-vs-estate,.properties vs .estate,2016,652,3875,48,40,0.167,3,3,0.131,0.129,/vs/properties-vs-rentals,0.115,0.162,0.27,0.175
vs,zh,/vs/properties-vs-estate,.properties vs .estate,2440,1065,1700,48,40,0.167,3,3,0.196,0.186,/vs/properties-vs-rentals,0.147,0.189,0.27,0.154
vs,en,/vs/properties-vs-rentals,.properties vs .rentals,2025,659,3783,48,40,0.167,3,3,0.152,0.141,/vs/apartments-vs-rentals,0.114,0.14,0.27,0.15
vs,zh,/vs/properties-vs-rentals,.properties vs .rentals,2392,1013,1650,48,40,0.167,3,3,0.196,0.186,/vs/properties-vs-estate,0.154,0.189,0.27,0.16
vs,en,/vs/pub-vs-bar,.pub vs .bar,2105,744,3861,54,43,0.204,3,3,0.137,0.128,/vs/beer-vs-pub,0.109,0.131,0.25,0.14
vs,zh,/vs/pub-vs-bar,.pub vs .bar,2628,1253,1931,57,45,0.211,3,3,0.212,0.195,/vs/beer-vs-pub,0.115,0.165,0.238,0.161
vs,en,/vs/qa-vs-ae,.qa vs .ae,2070,722,3750,51,40,0.216,3,3,0.115,0.12,/vs/sa-vs-ae,0.097,0.12,0.237,0.225
vs,zh,/vs/qa-vs-ae,.qa vs .ae,2545,1191,1495,47,38,0.191,3,3,0.146,0.141,/vs/sa-vs-ae,0.118,0.139,0.25,0.208
vs,en,/vs/quest-vs-fun,.quest vs .fun,2215,849,4532,54,43,0.204,3,3,0.302,0.279,/vs/quest-vs-games,0.097,0.134,0.25,0.233
vs,zh,/vs/quest-vs-fun,.quest vs .fun,2730,1350,1968,56,44,0.214,3,3,0.299,0.28,/vs/quest-vs-games,0.14,0.185,0.244,0.214
vs,en,/vs/quest-vs-games,.quest vs .games,2233,868,4822,54,43,0.204,3,3,0.302,0.279,/vs/quest-vs-fun,0.097,0.134,0.25,0.233
vs,zh,/vs/quest-vs-games,.quest vs .games,2835,1457,2093,56,44,0.214,3,3,0.299,0.28,/vs/quest-vs-fun,0.127,0.162,0.244,0.2
vs,en,/vs/recipes-vs-menu,.recipes vs .menu,2179,822,4550,58,45,0.224,3,3,0.135,0.14,/vs/menu-vs-cafe,0.105,0.129,0.238,0.178
vs,zh,/vs/recipes-vs-menu,.recipes vs .menu,2663,1298,1982,54,43,0.204,3,3,0.187,0.175,/vs/menu-vs-restaurant,0.142,0.169,0.25,0.121
vs,en,/vs/red-vs-vip,.red vs .vip,1974,606,3489,46,39,0.152,3,3,0.163,0.162,/vs/gold-vs-vip,0.122,0.128,0.278,0.128
vs,zh,/vs/red-vs-vip,.red vs .vip,2381,1003,1289,48,40,0.167,3,3,0.193,0.18,/vs/gold-vs-vip,0.148,0.177,0.27,0.2
vs,en,/vs/rehab-vs-care,.rehab vs .care,2258,897,5160,56,44,0.214,3,3,0.143,0.137,/vs/vision-vs-care,0.092,0.117,0.244,0.273
vs,zh,/vs/rehab-vs-care,.rehab vs .care,2889,1517,2207,58,45,0.224,3,3,0.232,0.214,/vs/clinic-vs-care,0.116,0.169,0.238,0.29
vs,en,/vs/rent-vs-rentals,.rent vs .rentals,2149,789,4356,54,43,0.204,3,3,0.099,0.109,/vs/villas-vs-rentals,0.104,0.123,0.25,0.116
vs,zh,/vs/rent-vs-rentals,.rent vs .rentals,2673,1299,1948,54,43,0.204,3,3,0.157,0.161,/vs/apartments-vs-rentals,0.138,0.189,0.25,0.121
vs,en,/vs/repair-vs-services,.repair vs .services,2057,688,3767,46,39,0.152,3,3,0.116,0.111,/vs/solutions-vs-services,0.116,0.165,0.278,0.205
vs,zh,/vs/repair-vs-services,.repair vs .services,2458,1076,1675,48,40,0.167,3,3,0.151,0.141,/vs/autos-vs-repair,0.145,0.184,0.27,0.167
vs,en,/vs/report-vs-news,.report vs .news,2253,896,4937,60,46,0.233,3,3,0.097,0.087,/vs/press-vs-news,0.1,0.149,0.233,0.261
vs,zh,/vs/report-vs-news,.report vs .news,2810,1438,2217,58,45,0.224,3,3,0.132,0.116,/vs/shopping-vs-shop,0.125,0.185,0.238,0.289
vs,en,/vs/restaurant-vs-bar,.restaurant vs .bar,2016,647,3422,50,41,0.18,3,3,0.149,0.135,/vs/wine-vs-bar,0.121,0.129,0.263,0.195
vs,zh,/vs/restaurant-vs-bar,.restaurant vs .bar,2474,1092,1684,55,44,0.2,3,3,0.27,0.252,/vs/wine-vs-bar,0.139,0.17,0.244,0.207
vs,en,/vs/restaurant-vs-cafe,.restaurant vs .cafe,2062,692,3661,50,41,0.18,3,3,0.144,0.136,/vs/farm-vs-cafe,0.119,0.13,0.263,0.22
vs,zh,/vs/restaurant-vs-cafe,.restaurant vs .cafe,2415,1032,1500,56,44,0.214,3,3,0.209,0.193,/vs/farm-vs-cafe,0.169,0.183,0.244,0.138
vs,en,/vs/review-vs-reviews,.review vs .reviews,2132,785,4420,60,46,0.233,3,3,0.094,0.1,/vs/reviews-vs-blog,0.099,0.117,0.233,0.152
vs,zh,/vs/review-vs-reviews,.review vs .reviews,2665,1310,1887,54,43,0.204,3,3,0.142,0.136,/vs/reviews-vs-blog,0.13,0.157,0.25,0.138
vs,en,/vs/reviews-vs-blog,.reviews vs .blog,2084,725,4046,48,40,0.167,3,3,0.194,0.173,/vs/dad-vs-blog,0.111,0.148,0.27,0.275
vs,zh,/vs/reviews-vs-blog,.reviews vs .blog,2584,1217,1782,50,41,0.18,3,3,0.265,0.243,/vs/dad-vs-blog,0.133,0.165,0.263,0.241
vs,en,/vs/ro-vs-pl,.ro vs .pl,2104,753,4218,53,42,0.208,3,3,0.266,0.286,/vs/cz-vs-pl,0.089,0.103,0.231,0.333
vs,zh,/vs/ro-vs-pl,.ro vs .pl,2629,1272,1664,47,39,0.17,3,3,0.328,0.299,/vs/cz-vs-pl,0.118,0.156,0.25,0.393
vs,en,/vs/rocks-vs-fun,.rocks vs .fun,1959,593,3075,45,39,0.133,3,3,0.159,0.141,/vs/fun-vs-club,0.129,0.149,0.278,0.154
vs,zh,/vs/rocks-vs-fun,.rocks vs .fun,2315,935,1304,54,43,0.204,3,3,0.183,0.16,/vs/fun-vs-club,0.17,0.185,0.25,0.167
vs,en,/vs/rs-vs-io,.rs vs .io,2067,703,3799,54,43,0.204,3,3,0.14,0.15,/vs/io-vs-dev,0.108,0.118,0.25,0.14
vs,zh,/vs/rs-vs-io,.rs vs .io,2527,1152,1599,52,42,0.192,3,3,0.197,0.177,/vs/com-vs-io,0.121,0.14,0.256,0.152
vs,en,/vs/rugby-vs-football,.rugby vs .football,2177,825,4545,52,42,0.192,3,3,0.148,0.132,/vs/soccer-vs-football,0.096,0.152,0.256,0.167
vs,zh,/vs/rugby-vs-football,.rugby vs .football,2821,1456,2173,56,44,0.214,3,3,0.193,0.184,/vs/soccer-vs-football,0.12,0.181,0.244,0.243
vs,en,/vs/run-vs-club,.run vs .club,1891,523,2861,50,41,0.18,3,3,0.114,0.109,/vs/vip-vs-club,0.145,0.145,0.263,0.122
vs,zh,/vs/run-vs-club,.run vs .club,2350,966,1406,53,43,0.189,3,3,0.124,0.116,/vs/vip-vs-club,0.148,0.167,0.25,0.139
vs,en,/vs/sa-vs-ae,.sa vs .ae,2057,706,3823,55,43,0.218,3,3,0.115,0.12,/vs/qa-vs-ae,0.096,0.119,0.225,0.186
vs,zh,/vs/sa-vs-ae,.sa vs .ae,2490,1133,1483,51,41,0.196,3,3,0.16,0.15,/vs/eg-vs-sa,0.124,0.156,0.237,0.167
vs,en,/vs/sale-vs-shop,.sale vs .shop,2119,753,3938,54,43,0.204,3,3,0.108,0.096,/vs/toys-vs-shop,0.104,0.136,0.25,0.143
vs,zh,/vs/sale-vs-shop,.sale vs .shop,2570,1192,1719,56,44,0.214,3,3,0.174,0.162,/vs/boutique-vs-shop,0.143,0.189,0.244,0.16
vs,en,/vs/salon-vs-studio,.salon vs .studio,2044,677,3569,54,43,0.204,3,3,0.14,0.133,/vs/beauty-vs-salon,0.112,0.135,0.25,0.209
vs,zh,/vs/salon-vs-studio,.salon vs .studio,2464,1083,1539,56,44,0.214,3,3,0.177,0.159,/vs/beauty-vs-salon,0.151,0.201,0.244,0.143
vs,en,/vs/sbs-vs-xyz,.sbs vs .xyz,2263,910,4976,54,43,0.204,3,3,0.093,0.095,/vs/icu-vs-xyz,0.084,0.117,0.25,0.14
vs,zh,/vs/sbs-vs-xyz,.sbs vs .xyz,2839,1479,2029,56,44,0.214,3,3,0.143,0.137,/vs/icu-vs-xyz,0.119,0.154,0.244,0.267
vs,en,/vs/se-vs-com,.se vs .com,2148,783,4186,58,45,0.224,3,3,0.153,0.133,/vs/dk-vs-se,0.093,0.1,0.167,0.244
vs,zh,/vs/se-vs-com,.se vs .com,2672,1296,1728,58,45,0.224,3,3,0.246,0.211,/vs/fi-vs-se,0.122,0.158,0.238,0.267
vs,en,/vs/services-vs-agency,.services vs .agency,2024,655,3775,54,43,0.204,3,3,0.191,0.169,/vs/marketing-vs-agency,0.116,0.147,0.25,0.186
vs,zh,/vs/services-vs-agency,.services vs .agency,2484,1102,1619,52,42,0.192,3,3,0.266,0.238,/vs/marketing-vs-agency,0.147,0.187,0.256,0.148
vs,en,/vs/sg-vs-asia,.sg vs .asia,2232,872,5000,51,41,0.196,3,3,0.184,0.168,/vs/asia-vs-global,0.081,0.097,0.237,0.366
vs,zh,/vs/sg-vs-asia,.sg vs .asia,2855,1489,1921,53,42,0.208,3,3,0.228,0.206,/vs/hk-vs-sg,0.104,0.142,0.231,0.382
vs,en,/vs/sh-vs-dev,.sh vs .dev,1791,424,2345,38,35,0.079,3,3,0.138,0.156,/vs/io-vs-sh,0.148,0.152,0.25,0.171
vs,zh,/vs/sh-vs-dev,.sh vs .dev,2094,711,960,42,37,0.119,3,3,0.197,0.18,/vs/io-vs-sh,0.183,0.194,0.294,0.182
vs,en,/vs/shoes-vs-fashion,.shoes vs .fashion,2134,775,4403,52,42,0.192,3,3,0.317,0.282,/vs/shoes-vs-store,0.105,0.136,0.256,0.262
vs,zh,/vs/shoes-vs-fashion,.shoes vs .fashion,2564,1193,1792,54,43,0.204,3,3,0.372,0.337,/vs/shoes-vs-store,0.147,0.185,0.25,0.138
vs,en,/vs/shoes-vs-store,.shoes vs .store,2162,795,4229,52,42,0.192,3,3,0.317,0.282,/vs/shoes-vs-fashion,0.104,0.134,0.256,0.22
vs,zh,/vs/shoes-vs-store,.shoes vs .store,2525,1142,1679,54,43,0.204,3,3,0.372,0.337,/vs/shoes-vs-fashion,0.148,0.188,0.25,0.138
vs,en,/vs/shop-vs-com,.shop vs .com,1781,413,2196,40,36,0.1,3,3,0.152,0.138,/vs/com-vs-net,0.157,0.165,0.242,0.139
vs,zh,/vs/shop-vs-com,.shop vs .com,2053,672,904,42,37,0.119,3,3,0.203,0.167,/vs/com-vs-xyz,0.213,0.213,0.294,0.143
vs,en,/vs/shop-vs-store,.shop vs .store,1759,391,2203,44,38,0.136,3,3,0.171,0.157,/vs/boutique-vs-shop,0.184,0.188,0.286,0.132
vs,zh,/vs/shop-vs-store,.shop vs .store,2046,664,906,42,37,0.119,3,3,0.201,0.179,/vs/boutique-vs-shop,0.219,0.231,0.294,0.129
vs,en,/vs/shopping-vs-shop,.shopping vs .shop,2178,812,4722,58,45,0.224,3,3,0.111,0.099,/vs/gifts-vs-shop,0.098,0.129,0.238,0.178
vs,zh,/vs/shopping-vs-shop,.shopping vs .shop,2744,1366,2010,58,45,0.224,3,3,0.215,0.193,/vs/kaufen-vs-shop,0.124,0.173,0.238,0.194
vs,en,/vs/singles-vs-dating,.singles vs .dating,2190,841,4834,54,43,0.204,3,3,0.18,0.161,/vs/dating-vs-love,0.098,0.12,0.25,0.349
vs,zh,/vs/singles-vs-dating,.singles vs .dating,2717,1357,2093,56,44,0.214,3,3,0.224,0.199,/vs/dating-vs-love,0.131,0.173,0.244,0.278
vs,en,/vs/site-vs-com,.site vs .com,1922,553,2851,40,36,0.1,3,3,0.135,0.123,/vs/com-vs-net,0.127,0.13,0.242,0.139
vs,zh,/vs/site-vs-com,.site vs .com,2283,901,1183,44,38,0.136,3,3,0.161,0.149,/vs/zone-vs-site,0.165,0.167,0.286,0.143
vs,en,/vs/sk-vs-cz,.sk vs .cz,2092,744,4194,55,43,0.218,3,3,0.243,0.217,/vs/hu-vs-cz,0.096,0.111,0.225,0.372
vs,zh,/vs/sk-vs-cz,.sk vs .cz,2596,1242,1614,49,40,0.184,3,3,0.308,0.264,/vs/hu-vs-cz,0.119,0.156,0.243,0.407
vs,en,/vs/skin-vs-beauty,.skin vs .beauty,2088,739,4356,54,43,0.204,3,3,0.099,0.101,/vs/beauty-vs-salon,0.103,0.121,0.25,0.116
vs,zh,/vs/skin-vs-beauty,.skin vs .beauty,2627,1267,1821,54,43,0.204,3,3,0.138,0.13,/vs/beauty-vs-salon,0.134,0.149,0.25,0.111
vs,en,/vs/so-vs-io,.so vs .io,1833,469,2492,40,36,0.1,3,3,0.166,0.202,/vs/com-vs-io,0.129,0.138,0.242,0.167
vs,zh,/vs/so-vs-io,.so vs .io,2128,753,1023,44,38,0.136,3,3,0.267,0.236,/vs/com-vs-io,0.174,0.175,0.286,0.143
vs,en,/vs/soccer-vs-club,.soccer vs .club,2090,723,4011,48,40,0.167,3,3,0.195,0.192,/vs/soccer-vs-football,0.111,0.159,0.27,0.125
vs,zh,/vs/soccer-vs-club,.soccer vs .club,2568,1182,1679,50,41,0.18,3,3,0.229,0.23,/vs/soccer-vs-football,0.146,0.185,0.263,0.129
vs,en,/vs/soccer-vs-football,.soccer vs .football,2076,716,4094,46,38,0.174,3,3,0.195,0.192,/vs/football-vs-team,0.109,0.164,0.278,0.132
vs,zh,/vs/soccer-vs-football,.soccer vs .football,2563,1187,1708,50,40,0.2,3,3,0.237,0.23,/vs/football-vs-team,0.137,0.19,0.263,0.139
vs,en,/vs/social-vs-com,.social vs .com,1872,507,2764,42,37,0.119,3,3,0.147,0.138,/vs/shop-vs-com,0.136,0.156,0.235,0.216
vs,zh,/vs/social-vs-com,.social vs .com,2242,866,1241,42,37,0.119,3,3,0.18,0.166,/vs/com-vs-net,0.181,0.198,0.294,0.214
vs,en,/vs/software-vs-app,.software vs .app,2022,657,3794,52,42,0.192,3,3,0.154,0.135,/vs/app-vs-dev,0.119,0.146,0.256,0.167
vs,zh,/vs/software-vs-app,.software vs .app,2462,1085,1581,54,43,0.204,3,3,0.181,0.155,/vs/app-vs-dev,0.147,0.184,0.25,0.167
vs,en,/vs/solutions-vs-services,.solutions vs .services,2009,651,3722,48,40,0.167,3,3,0.164,0.148,/vs/services-vs-agency,0.121,0.145,0.27,0.475
vs,zh,/vs/solutions-vs-services,.solutions vs .services,2439,1070,1607,53,43,0.189,3,3,0.212,0.198,/vs/services-vs-agency,0.152,0.197,0.25,0.154
vs,en,/vs/spa-vs-salon,.spa vs .salon,2131,778,4112,52,42,0.192,3,3,0.115,0.101,/vs/salon-vs-studio,0.1,0.116,0.256,0.214
vs,zh,/vs/spa-vs-salon,.spa vs .salon,2602,1241,1859,54,43,0.204,3,3,0.147,0.136,/vs/salon-vs-studio,0.131,0.179,0.25,0.194
vs,en,/vs/space-vs-site,.space vs .site,1771,405,2231,44,38,0.136,3,3,0.139,0.131,/vs/online-vs-site,0.178,0.194,0.286,0.184
vs,zh,/vs/space-vs-site,.space vs .site,2086,702,929,44,38,0.136,3,3,0.183,0.164,/vs/online-vs-site,0.21,0.212,0.286,0.227
vs,en,/vs/store-vs-com,.store vs .com,1896,529,2989,40,36,0.1,3,3,0.133,0.116,/vs/com-vs-net,0.127,0.13,0.242,0.139
vs,zh,/vs/store-vs-com,.store vs .com,2281,900,1199,46,39,0.152,3,3,0.169,0.157,/vs/shop-vs-com,0.165,0.172,0.278,0.129
vs,en,/vs/store-vs-online,.store vs .online,1773,406,2168,46,39,0.152,3,3,0.208,0.156,/vs/online-vs-site,0.18,0.188,0.294,0.128
vs,zh,/vs/store-vs-online,.store vs .online,2011,629,943,44,38,0.136,3,3,0.227,0.198,/vs/online-vs-site,0.228,0.245,0.303,0.143
vs,en,/vs/stream-vs-live,.stream vs .live,2094,732,4050,56,44,0.214,3,3,0.113,0.111,/vs/live-vs-tv,0.086,0.096,0.195,0.136
vs,zh,/vs/stream-vs-live,.stream vs .live,2546,1170,1628,56,44,0.214,3,3,0.157,0.138,/vs/live-vs-online,0.145,0.162,0.244,0.156
vs,en,/vs/studio-vs-co,.studio vs .co,1815,449,2384,42,37,0.119,3,3,0.142,0.14,/vs/pro-vs-co,0.15,0.154,0.235,0.135
vs,zh,/vs/studio-vs-co,.studio vs .co,2155,774,1048,46,39,0.152,3,3,0.219,0.198,/vs/pro-vs-co,0.179,0.189,0.278,0.16
vs,en,/vs/studio-vs-design,.studio vs .design,1752,385,2310,46,39,0.152,3,3,0.143,0.144,/vs/art-vs-design,0.183,0.204,0.278,0.154
vs,zh,/vs/studio-vs-design,.studio vs .design,2070,689,1061,46,39,0.152,3,3,0.206,0.184,/vs/art-vs-design,0.207,0.211,0.278,0.207
vs,en,/vs/study-vs-courses,.study vs .courses,2122,774,4462,53,41,0.226,3,3,0.136,0.128,/vs/courses-vs-academy,0.091,0.111,0.231,0.268
vs,zh,/vs/study-vs-courses,.study vs .courses,2669,1315,1992,51,40,0.216,3,3,0.204,0.191,/vs/courses-vs-academy,0.127,0.148,0.237,0.143
vs,en,/vs/supplies-vs-supply,.supplies vs .supply,2173,820,4827,55,44,0.2,3,3,0.124,0.115,/vs/supply-vs-express,0.099,0.103,0.244,0.159
vs,zh,/vs/supplies-vs-supply,.supplies vs .supply,2710,1341,2223,54,43,0.204,3,3,0.177,0.177,/vs/supply-vs-express,0.118,0.143,0.25,0.114
vs,en,/vs/supply-vs-express,.supply vs .express,2157,799,4946,57,45,0.211,3,3,0.124,0.115,/vs/supplies-vs-supply,0.099,0.122,0.238,0.178
vs,zh,/vs/supply-vs-express,.supply vs .express,2671,1298,2112,54,43,0.204,3,3,0.177,0.177,/vs/supplies-vs-supply,0.123,0.17,0.25,0.121
vs,en,/vs/support-vs-center,.support vs .center,2165,811,4635,56,44,0.214,3,3,0.127,0.12,/vs/center-vs-club,0.102,0.134,0.244,0.182
vs,zh,/vs/support-vs-center,.support vs .center,2628,1262,1979,58,45,0.224,3,3,0.166,0.151,/vs/help-vs-support,0.13,0.165,0.238,0.206
vs,en,/vs/surf-vs-fun,.surf vs .fun,2109,743,3941,50,41,0.18,3,3,0.164,0.165,/vs/surf-vs-travel,0.112,0.157,0.263,0.195
vs,zh,/vs/surf-vs-fun,.surf vs .fun,2587,1207,1609,52,42,0.192,3,3,0.194,0.186,/vs/surf-vs-travel,0.146,0.186,0.256,0.154
vs,en,/vs/surf-vs-travel,.surf vs .travel,2168,803,4368,50,41,0.18,3,3,0.34,0.262,/vs/golf-vs-travel,0.101,0.144,0.263,0.195
vs,zh,/vs/surf-vs-travel,.surf vs .travel,2668,1291,1812,52,42,0.192,3,3,0.393,0.356,/vs/golf-vs-travel,0.135,0.17,0.256,0.161
vs,en,/vs/surgery-vs-clinic,.surgery vs .clinic,2248,894,5294,61,47,0.23,3,3,0.182,0.15,/vs/hospital-vs-clinic,0.093,0.127,0.227,0.277
vs,zh,/vs/surgery-vs-clinic,.surgery vs .clinic,2821,1455,2286,62,47,0.242,3,3,0.292,0.265,/vs/hospital-vs-clinic,0.128,0.193,0.227,0.189
vs,en,/vs/systems-vs-network,.systems vs .network,1997,646,3829,54,43,0.204,3,3,0.115,0.109,/vs/network-vs-tech,0.123,0.156,0.25,0.256
vs,zh,/vs/systems-vs-network,.systems vs .network,2436,1072,1669,55,44,0.2,3,3,0.169,0.154,/vs/network-vs-tech,0.153,0.201,0.244,0.194
vs,en,/vs/tattoo-vs-ink,.tattoo vs .ink,2188,834,4440,56,44,0.214,3,3,0.081,0.086,/vs/ink-vs-art,0.101,0.113,0.244,0.182
vs,zh,/vs/tattoo-vs-ink,.tattoo vs .ink,2754,1385,2125,57,45,0.211,3,3,0.155,0.142,/vs/ink-vs-art,0.118,0.135,0.238,0.152
vs,en,/vs/tax-vs-finance,.tax vs .finance,2089,727,3923,54,43,0.204,3,3,0.138,0.12,/vs/accountants-vs-tax,0.108,0.137,0.25,0.186
vs,zh,/vs/tax-vs-finance,.tax vs .finance,2513,1143,1684,54,43,0.204,3,3,0.169,0.151,/vs/accountants-vs-tax,0.144,0.19,0.25,0.148
vs,en,/vs/taxi-vs-city,.taxi vs .city,2040,672,3646,50,41,0.18,3,3,0.137,0.122,/vs/limo-vs-taxi,0.121,0.146,0.263,0.244
vs,zh,/vs/taxi-vs-city,.taxi vs .city,2466,1086,1544,50,41,0.18,3,3,0.156,0.141,/vs/limo-vs-taxi,0.155,0.186,0.263,0.208
vs,en,/vs/team-vs-com,.team vs .com,1859,491,2624,44,38,0.136,3,3,0.138,0.121,/vs/com-vs-net,0.141,0.148,0.229,0.158
vs,zh,/vs/team-vs-com,.team vs .com,2217,833,1213,44,38,0.136,3,3,0.176,0.145,/vs/com-vs-net,0.178,0.206,0.286,0.24
vs,en,/vs/tech-vs-com,.tech vs .com,1904,536,2906,42,37,0.119,3,3,0.139,0.134,/vs/shop-vs-com,0.131,0.138,0.235,0.135
vs,zh,/vs/tech-vs-com,.tech vs .com,2263,883,1141,48,40,0.167,3,3,0.179,0.16,/vs/shop-vs-com,0.173,0.184,0.27,0.133
vs,en,/vs/technology-vs-tech,.technology vs .tech,2033,667,3647,48,40,0.167,3,3,0.112,0.103,/vs/cloud-vs-tech,0.123,0.147,0.27,0.175
vs,zh,/vs/technology-vs-tech,.technology vs .tech,2464,1087,1620,52,42,0.192,3,3,0.13,0.121,/vs/computer-vs-tech,0.157,0.204,0.256,0.118
vs,en,/vs/tennis-vs-club,.tennis vs .club,2106,739,4021,48,40,0.167,3,3,0.306,0.218,/vs/golf-vs-club,0.108,0.153,0.27,0.175
vs,zh,/vs/tennis-vs-club,.tennis vs .club,2624,1240,1722,50,41,0.18,3,3,0.311,0.264,/vs/golf-vs-club,0.146,0.18,0.263,0.138
vs,en,/vs/tennis-vs-coach,.tennis vs .coach,2127,764,4139,48,40,0.167,3,3,0.184,0.189,/vs/tennis-vs-club,0.104,0.146,0.27,0.175
vs,zh,/vs/tennis-vs-coach,.tennis vs .coach,2591,1213,1701,50,41,0.18,3,3,0.245,0.235,/vs/tennis-vs-club,0.144,0.18,0.263,0.192
vs,en,/vs/th-vs-vn,.th vs .vn,2127,782,4626,59,45,0.237,3,3,0.116,0.178,/vs/vn-vs-id,0.068,0.078,0.19,0.267
vs,zh,/vs/th-vs-vn,.th vs .vn,2637,1286,1665,53,42,0.208,3,3,0.252,0.219,/vs/vn-vs-id,0.116,0.144,0.231,0.259
vs,en,/vs/theater-vs-show,.theater vs .show,2106,759,4184,56,44,0.214,3,3,0.141,0.131,/vs/watch-vs-show,0.107,0.131,0.244,0.227
vs,zh,/vs/theater-vs-show,.theater vs .show,2597,1239,1967,58,45,0.224,3,3,0.174,0.166,/vs/watch-vs-show,0.131,0.186,0.238,0.229
vs,en,/vs/tickets-vs-events,.tickets vs .events,2187,834,4685,54,43,0.204,3,3,0.112,0.113,/vs/party-vs-events,0.099,0.123,0.25,0.209
vs,zh,/vs/tickets-vs-events,.tickets vs .events,2703,1337,2094,56,44,0.214,3,3,0.163,0.153,/vs/party-vs-events,0.129,0.168,0.244,0.129
vs,en,/vs/tienda-vs-shop,.tienda vs .shop,2346,980,5520,56,44,0.214,3,3,0.274,0.243,/vs/kaufen-vs-shop,0.085,0.093,0.244,0.273
vs,zh,/vs/tienda-vs-shop,.tienda vs .shop,2897,1519,2169,56,44,0.214,3,3,0.364,0.314,/vs/kaufen-vs-shop,0.12,0.152,0.244,0.294
vs,en,/vs/tips-vs-blog,.tips vs .blog,2038,676,3726,54,43,0.204,3,3,0.1,0.1,/vs/reviews-vs-blog,0.117,0.153,0.25,0.209
vs,zh,/vs/tips-vs-blog,.tips vs .blog,2468,1095,1655,56,44,0.214,3,3,0.174,0.159,/vs/guide-vs-tips,0.139,0.18,0.244,0.214
vs,en,/vs/tires-vs-autos,.tires vs .autos,2265,917,5071,58,45,0.224,3,3,0.122,0.115,/vs/autos-vs-repair,0.09,0.127,0.238,0.333
vs,zh,/vs/tires-vs-autos,.tires vs .autos,2873,1516,2211,58,45,0.224,3,3,0.264,0.243,/vs/autos-vs-repair,0.127,0.187,0.238,0.148
vs,en,/vs/tokyo-vs-asia,.tokyo vs .asia,2325,977,5356,57,44,0.228,3,3,0.15,0.143,/vs/sg-vs-asia,0.071,0.103,0.22,0.25
vs,zh,/vs/tokyo-vs-asia,.tokyo vs .asia,3028,1674,2280,59,45,0.237,3,3,0.192,0.181,/vs/asia-vs-global,0.101,0.146,0.214,0.333
vs,en,/vs/tools-vs-app,.tools vs .app,1981,616,3505,46,39,0.152,3,3,0.154,0.137,/vs/app-vs-dev,0.124,0.127,0.278,0.128
vs,zh,/vs/tools-vs-app,.tools vs .app,2463,1086,1492,48,40,0.167,3,3,0.184,0.161,/vs/app-vs-dev,0.144,0.161,0.27,0.125
vs,en,/vs/tours-vs-vacations,.tours vs .vacations,2026,671,3753,50,41,0.18,3,3,0.173,0.162,/vs/vacations-vs-holiday,0.115,0.128,0.263,0.317
vs,zh,/vs/tours-vs-vacations,.tours vs .vacations,2438,1073,1725,48,40,0.167,3,3,0.227,0.201,/vs/vacations-vs-holiday,0.146,0.158,0.27,0.154
vs,en,/vs/town-vs-city,.town vs .city,2275,912,4925,59,46,0.22,3,3,0.095,0.078,/vs/pics-vs-photos,0.091,0.143,0.233,0.196
vs,zh,/vs/town-vs-city,.town vs .city,2835,1462,2131,60,46,0.233,3,3,0.146,0.13,/vs/city-vs-world,0.119,0.177,0.233,0.129
vs,en,/vs/toys-vs-games,.toys vs .games,2131,766,4212,56,44,0.214,3,3,0.237,0.227,/vs/toys-vs-shop,0.107,0.136,0.244,0.159
vs,zh,/vs/toys-vs-games,.toys vs .games,2631,1253,1791,56,44,0.214,3,3,0.278,0.26,/vs/toys-vs-shop,0.139,0.178,0.244,0.138
vs,en,/vs/toys-vs-shop,.toys vs .shop,2142,776,4164,54,43,0.204,3,3,0.237,0.227,/vs/toys-vs-games,0.103,0.132,0.25,0.279
vs,zh,/vs/toys-vs-shop,.toys vs .shop,2532,1154,1613,54,43,0.204,3,3,0.278,0.26,/vs/toys-vs-games,0.149,0.19,0.25,0.148
vs,en,/vs/tr-vs-ae,.tr vs .ae,2189,832,4519,55,43,0.218,3,3,0.247,0.226,/vs/gr-vs-tr,0.083,0.094,0.225,0.326
vs,zh,/vs/tr-vs-ae,.tr vs .ae,2665,1302,1720,51,41,0.196,3,3,0.343,0.305,/vs/gr-vs-tr,0.109,0.143,0.237,0.387
vs,en,/vs/training-vs-coach,.training vs .coach,2091,731,4181,54,43,0.204,3,3,0.127,0.121,/vs/fitness-vs-coach,0.107,0.136,0.25,0.163
vs,zh,/vs/training-vs-coach,.training vs .coach,2571,1196,1847,56,44,0.214,3,3,0.156,0.153,/vs/coach-vs-expert,0.135,0.17,0.244,0.118
vs,en,/vs/travel-vs-tours,.travel vs .tours,2014,647,3483,50,41,0.18,3,3,0.168,0.151,/vs/flights-vs-travel,0.116,0.134,0.263,0.22
vs,zh,/vs/travel-vs-tours,.travel vs .tours,2485,1103,1547,50,41,0.18,3,3,0.221,0.197,/vs/flights-vs-travel,0.143,0.181,0.263,0.125
vs,en,/vs/tv-vs-com,.tv vs .com,1961,595,3060,46,39,0.152,3,3,0.131,0.126,/vs/shop-vs-com,0.117,0.12,0.222,0.128
vs,zh,/vs/tv-vs-com,.tv vs .com,2350,971,1232,48,40,0.167,3,3,0.179,0.159,/vs/gg-vs-tv,0.153,0.156,0.27,0.148
vs,en,/vs/tw-vs-hk,.tw vs .hk,2126,781,4579,55,43,0.218,3,3,0.154,0.137,/vs/hk-vs-sg,0.089,0.099,0.225,0.326
vs,zh,/vs/tw-vs-hk,.tw vs .hk,2635,1284,1643,55,43,0.218,3,3,0.207,0.188,/vs/hk-vs-sg,0.118,0.152,0.225,0.414
vs,en,/vs/ua-vs-pl,.ua vs .pl,2120,769,4406,55,43,0.218,3,3,0.234,0.286,/vs/cz-vs-pl,0.09,0.105,0.225,0.279
vs,zh,/vs/ua-vs-pl,.ua vs .pl,2576,1219,1680,49,40,0.184,3,3,0.324,0.299,/vs/ro-vs-pl,0.121,0.154,0.243,0.31
vs,en,/vs/uk-vs-com,.uk vs .com,1971,606,3182,52,42,0.192,3,3,0.298,0.281,/vs/fr-vs-com,0.118,0.124,0.205,0.238
vs,zh,/vs/uk-vs-com,.uk vs .com,2370,994,1351,54,43,0.204,3,3,0.416,0.349,/vs/de-vs-com,0.15,0.174,0.25,0.174
vs,en,/vs/university-vs-education,.university vs .education,2207,856,5319,58,45,0.224,3,3,0.133,0.095,/vs/hospital-vs-clinic,0.099,0.135,0.238,0.111
vs,zh,/vs/university-vs-education,.university vs .education,2789,1431,2334,58,45,0.224,3,3,0.164,0.141,/vs/hospital-vs-clinic,0.126,0.187,0.238,0.257
vs,en,/vs/us-vs-com,.us vs .com,1788,423,2334,40,36,0.1,3,3,0.191,0.204,/vs/ca-vs-us,0.141,0.145,0.212,0.167
vs,zh,/vs/us-vs-com,.us vs .com,2118,742,1002,44,38,0.136,3,3,0.267,0.24,/vs/ca-vs-us,0.184,0.2,0.286,0.2
vs,en,/vs/uy-vs-ar,.uy vs .ar,2143,798,4365,53,42,0.208,3,3,0.11,0.109,/vs/ar-vs-cl,0.084,0.089,0.179,0.238
vs,zh,/vs/uy-vs-ar,.uy vs .ar,2627,1276,1718,49,40,0.184,3,3,0.194,0.181,/vs/ar-vs-cl,0.11,0.138,0.243,0.308
vs,en,/vs/vacations-vs-holiday,.vacations vs .holiday,2001,654,3859,49,41,0.163,3,3,0.173,0.162,/vs/tours-vs-vacations,0.114,0.127,0.263,0.366
vs,zh,/vs/vacations-vs-holiday,.vacations vs .holiday,2427,1072,1691,49,41,0.163,3,3,0.227,0.201,/vs/tours-vs-vacations,0.151,0.169,0.263,0.172
vs,en,/vs/vegas-vs-casino,.vegas vs .casino,2164,816,4586,52,42,0.192,3,3,0.107,0.107,/vs/casino-vs-bet,0.096,0.104,0.256,0.167
vs,zh,/vs/vegas-vs-casino,.vegas vs .casino,2757,1400,1971,54,43,0.204,3,3,0.14,0.133,/vs/casino-vs-bet,0.117,0.153,0.25,0.121
vs,en,/vs/ventures-vs-capital,.ventures vs .capital,2053,708,3847,51,41,0.196,3,3,0.154,0.157,/vs/capital-vs-fund,0.095,0.137,0.237,0.317
vs,zh,/vs/ventures-vs-capital,.ventures vs .capital,2501,1150,1817,53,42,0.208,3,3,0.212,0.194,/vs/capital-vs-fund,0.129,0.168,0.231,0.138
vs,en,/vs/vet-vs-pet,.vet vs .pet,2089,732,3987,54,43,0.204,3,3,0.134,0.13,/vs/pet-vs-shop,0.118,0.131,0.25,0.186
vs,zh,/vs/vet-vs-pet,.vet vs .pet,2558,1189,1638,54,43,0.204,3,3,0.191,0.171,/vs/pet-vs-shop,0.152,0.18,0.25,0.125
vs,en,/vs/video-vs-tv,.video vs .tv,1920,553,2944,44,38,0.136,3,3,0.121,0.127,/vs/cc-vs-tv,0.14,0.156,0.286,0.132
vs,zh,/vs/video-vs-tv,.video vs .tv,2320,940,1308,44,38,0.136,3,3,0.183,0.164,/vs/gg-vs-tv,0.162,0.184,0.286,0.214
vs,en,/vs/villas-vs-rentals,.villas vs .rentals,2124,764,4520,54,43,0.204,3,3,0.126,0.112,/vs/apartments-vs-rentals,0.106,0.137,0.25,0.279
vs,zh,/vs/villas-vs-rentals,.villas vs .rentals,2642,1268,1968,56,44,0.214,3,3,0.156,0.153,/vs/rent-vs-rentals,0.135,0.18,0.244,0.2
vs,en,/vs/vin-vs-wine,.vin vs .wine,2175,822,4558,56,44,0.214,3,3,0.109,0.099,/vs/wine-vs-bar,0.098,0.126,0.244,0.182
vs,zh,/vs/vin-vs-wine,.vin vs .wine,2758,1391,1969,58,45,0.224,3,3,0.137,0.128,/vs/wine-vs-bar,0.121,0.184,0.238,0.125
vs,en,/vs/vip-vs-club,.vip vs .club,1766,397,2308,40,36,0.1,3,3,0.202,0.179,/vs/pro-vs-vip,0.176,0.188,0.303,0.139
vs,zh,/vs/vip-vs-club,.vip vs .club,2033,650,838,40,36,0.1,3,3,0.216,0.183,/vs/pro-vs-vip,0.22,0.251,0.303,0.167
vs,en,/vs/vip-vs-top,.vip vs .top,1987,619,3436,42,37,0.119,3,3,0.156,0.152,/vs/xyz-vs-top,0.119,0.122,0.294,0.135
vs,zh,/vs/vip-vs-top,.vip vs .top,2394,1016,1260,48,40,0.167,3,3,0.183,0.17,/vs/xyz-vs-top,0.144,0.162,0.27,0.16
vs,en,/vs/vision-vs-care,.vision vs .care,2247,886,4926,58,45,0.224,3,3,0.143,0.137,/vs/rehab-vs-care,0.095,0.133,0.238,0.178
vs,zh,/vs/vision-vs-care,.vision vs .care,2771,1399,2123,58,45,0.224,3,3,0.223,0.21,/vs/rehab-vs-care,0.12,0.189,0.238,0.125
vs,en,/vs/vn-vs-id,.vn vs .id,2100,749,4395,55,43,0.218,3,3,0.2,0.178,/vs/id-vs-sg,0.069,0.076,0.2,0.326
vs,zh,/vs/vn-vs-id,.vn vs .id,2599,1242,1653,49,40,0.184,3,3,0.282,0.241,/vs/id-vs-sg,0.121,0.158,0.243,0.308
vs,en,/vs/vodka-vs-wine,.vodka vs .wine,2211,858,4736,54,43,0.204,3,3,0.11,0.101,/vs/wine-vs-bar,0.093,0.108,0.25,0.186
vs,zh,/vs/vodka-vs-wine,.vodka vs .wine,2770,1403,2046,56,44,0.214,3,3,0.131,0.128,/vs/wine-vs-bar,0.114,0.152,0.244,0.118
vs,en,/vs/voyage-vs-tours,.voyage vs .tours,2155,801,4617,54,43,0.204,3,3,0.116,0.106,/vs/travel-vs-tours,0.098,0.12,0.25,0.116
vs,zh,/vs/voyage-vs-tours,.voyage vs .tours,2662,1296,1949,56,44,0.214,3,3,0.155,0.147,/vs/travel-vs-tours,0.136,0.179,0.244,0.118
vs,en,/vs/wang-vs-cn,.wang vs .cn,2317,958,5191,54,43,0.204,3,3,0.176,0.189,/vs/wang-vs-com,0.081,0.108,0.25,0.14
vs,zh,/vs/wang-vs-cn,.wang vs .cn,2958,1586,2046,56,44,0.214,3,3,0.266,0.262,/vs/wang-vs-com,0.112,0.148,0.244,0.135
vs,en,/vs/wang-vs-com,.wang vs .com,2217,852,4776,52,42,0.192,3,3,0.176,0.189,/vs/wang-vs-cn,0.088,0.129,0.205,0.214
vs,zh,/vs/wang-vs-com,.wang vs .com,2815,1439,1922,56,44,0.214,3,3,0.266,0.262,/vs/wang-vs-cn,0.131,0.171,0.244,0.216
vs,en,/vs/watch-vs-show,.watch vs .show,2123,771,4174,52,42,0.192,3,3,0.141,0.131,/vs/theater-vs-show,0.105,0.131,0.256,0.214
vs,zh,/vs/watch-vs-show,.watch vs .show,2590,1220,1802,54,43,0.204,3,3,0.174,0.166,/vs/theater-vs-show,0.134,0.175,0.25,0.154
vs,en,/vs/website-vs-site,.website vs .site,2066,702,3846,52,42,0.192,3,3,0.098,0.101,/vs/space-vs-site,0.111,0.121,0.256,0.19
vs,zh,/vs/website-vs-site,.website vs .site,2506,1130,1552,54,43,0.204,3,3,0.139,0.129,/vs/online-vs-site,0.15,0.158,0.25,0.129
vs,en,/vs/wedding-vs-love,.wedding vs .love,2147,792,4378,54,43,0.204,3,3,0.11,0.138,/vs/love-vs-me,0.101,0.119,0.25,0.116
vs,zh,/vs/wedding-vs-love,.wedding vs .love,2608,1242,1909,56,44,0.214,3,3,0.21,0.201,/vs/love-vs-me,0.138,0.158,0.244,0.143
vs,en,/vs/wiki-vs-info,.wiki vs .info,2042,685,3803,48,40,0.167,3,3,0.125,0.124,/vs/info-vs-org,0.107,0.109,0.27,0.125
vs,zh,/vs/wiki-vs-info,.wiki vs .info,2532,1162,1567,48,40,0.167,3,3,0.178,0.158,/vs/info-vs-com,0.136,0.149,0.27,0.118
vs,en,/vs/win-vs-bet,.win vs .bet,2189,833,4700,54,43,0.204,3,3,0.155,0.153,/vs/win-vs-vip,0.086,0.118,0.25,0.163
vs,zh,/vs/win-vs-bet,.win vs .bet,2837,1468,2004,56,44,0.214,3,3,0.237,0.218,/vs/win-vs-vip,0.121,0.156,0.244,0.214
vs,en,/vs/win-vs-vip,.win vs .vip,2246,876,4802,54,43,0.204,3,3,0.155,0.153,/vs/win-vs-bet,0.09,0.128,0.25,0.163
vs,zh,/vs/win-vs-vip,.win vs .vip,2779,1395,1915,56,44,0.214,3,3,0.237,0.218,/vs/win-vs-bet,0.135,0.182,0.244,0.258
vs,en,/vs/wine-vs-bar,.wine vs .bar,2015,651,3564,52,42,0.192,3,3,0.149,0.135,/vs/restaurant-vs-bar,0.124,0.132,0.256,0.286
vs,zh,/vs/wine-vs-bar,.wine vs .bar,2523,1143,1655,55,44,0.2,3,3,0.27,0.252,/vs/restaurant-vs-bar,0.133,0.165,0.244,0.222
vs,en,/vs/work-vs-works,.work vs .works,2115,759,4030,52,42,0.192,3,3,0.12,0.105,/vs/careers-vs-work,0.104,0.12,0.256,0.167
vs,zh,/vs/work-vs-works,.work vs .works,2598,1227,1828,54,43,0.204,3,3,0.151,0.141,/vs/careers-vs-work,0.13,0.168,0.25,0.143
vs,en,/vs/works-vs-studio,.works vs .studio,1939,571,3160,46,39,0.152,3,3,0.161,0.145,/vs/art-vs-studio,0.136,0.139,0.278,0.205
vs,zh,/vs/works-vs-studio,.works vs .studio,2285,905,1355,50,41,0.18,3,3,0.195,0.181,/vs/art-vs-studio,0.161,0.183,0.263,0.179
vs,en,/vs/world-vs-com,.world vs .com,1869,501,2743,40,36,0.1,3,3,0.136,0.126,/vs/com-vs-net,0.139,0.142,0.242,0.139
vs,zh,/vs/world-vs-com,.world vs .com,2260,879,1240,46,39,0.152,3,3,0.169,0.149,/vs/com-vs-xyz,0.166,0.197,0.278,0.121
vs,en,/vs/wtf-vs-lol,.wtf vs .lol,1861,513,2817,47,39,0.17,3,3,0.095,0.087,/vs/lol-vs-gg,0.124,0.147,0.25,0.103
vs,zh,/vs/wtf-vs-lol,.wtf vs .lol,2227,873,1139,49,40,0.184,3,3,0.147,0.13,/vs/lol-vs-gg,0.148,0.169,0.243,0.148
vs,en,/vs/xyz-vs-top,.xyz vs .top,1765,403,2297,40,36,0.1,3,3,0.18,0.169,/vs/cn-vs-top,0.164,0.168,0.303,0.139
vs,zh,/vs/xyz-vs-top,.xyz vs .top,2054,685,894,40,36,0.1,3,3,0.215,0.194,/vs/cn-vs-top,0.192,0.207,0.303,0.182
vs,en,/vs/yoga-vs-fitness,.yoga vs .fitness,2048,689,3635,56,44,0.214,3,3,0.111,0.109,/vs/fitness-vs-coach,0.118,0.121,0.244,0.318
vs,zh,/vs/yoga-vs-fitness,.yoga vs .fitness,2461,1093,1556,56,44,0.214,3,3,0.166,0.15,/vs/fitness-vs-coach,0.148,0.169,0.244,0.294
vs,en,/vs/za-vs-ng,.za vs .ng,2051,703,3916,55,43,0.218,3,3,0.256,0.243,/vs/ke-vs-ng,0.099,0.112,0.225,0.279
vs,zh,/vs/za-vs-ng,.za vs .ng,2486,1132,1562,51,41,0.196,3,3,0.32,0.291,/vs/ke-vs-ng,0.119,0.144,0.237,0.269
vs,en,/vs/zone-vs-site,.zone vs .site,1930,565,3113,42,37,0.119,3,3,0.121,0.114,/vs/space-vs-site,0.136,0.139,0.294,0.162
vs,zh,/vs/zone-vs-site,.zone vs .site,2322,941,1328,48,40,0.167,3,3,0.161,0.139,/vs/site-vs-com,0.155,0.172,0.27,0.154
